track,model,name,status,setting,duration,video,bytes,fingerprint,source,source_rel
t2v,CausVid,CausVid,public,native,5s,"A_South_Korean_urban_street_at_night_during_rainfall,_recorded_by_a_completely_fixed,_static,_tripod-0-1778471300.1853814.mp4",695293,7192a35d95251ca0,t2v_source_repo,"output/CausVid/t2v_5s/A_South_Korean_urban_street_at_night_during_rainfall,_recorded_by_a_completely_fixed,_static,_tripod-0-1778471300.1853814.mp4"
t2v,CausVid,CausVid,public,native,5s,"A_fast-moving_mountain_stream_cascading_over_smooth_rocks,_recorded_by_a_completely_fixed,_static,_t-0-1778471283.864669.mp4",673130,e61d5745a5d67628,t2v_source_repo,"output/CausVid/t2v_5s/A_fast-moving_mountain_stream_cascading_over_smooth_rocks,_recorded_by_a_completely_fixed,_static,_t-0-1778471283.864669.mp4"
t2v,CausVid,CausVid,public,native,5s,"A_narrow_woodland_stream_winding_between_moss-covered_rocks,_recorded_by_a_completely_fixed,_static,-0-1778471236.115601.mp4",749800,44fcb011fcea8aec,t2v_source_repo,"output/CausVid/t2v_5s/A_narrow_woodland_stream_winding_between_moss-covered_rocks,_recorded_by_a_completely_fixed,_static,-0-1778471236.115601.mp4"
t2v,CausVid,CausVid,public,native,5s,"A_rural_fire_pit_beside_a_heavy_stone_wall,_recorded_by_a_completely_fixed,_static,_tripod-mounted_c-0-1778471267.7129314.mp4",699321,ef31bc660326eb1a,t2v_source_repo,"output/CausVid/t2v_5s/A_rural_fire_pit_beside_a_heavy_stone_wall,_recorded_by_a_completely_fixed,_static,_tripod-mounted_c-0-1778471267.7129314.mp4"
t2v,CausVid,CausVid,public,native,5s,"A_sandy_ocean_shoreline_at_dusk,_recorded_by_a_completely_fixed,_static,_tripod-mounted_camera._The_-0-1778471251.9732113.mp4",704687,56602178f947d8f3,t2v_source_repo,"output/CausVid/t2v_5s/A_sandy_ocean_shoreline_at_dusk,_recorded_by_a_completely_fixed,_static,_tripod-mounted_camera._The_-0-1778471251.9732113.mp4"
t2v,CausVid,CausVid,public,native,5s,"A_tranquil_river_beneath_a_moss-covered_concrete_bridge,_recorded_by_a_completely_fixed,_static,_tri-0-1778471220.25531.mp4",673619,88ccfd538eccc53c,t2v_source_repo,"output/CausVid/t2v_5s/A_tranquil_river_beneath_a_moss-covered_concrete_bridge,_recorded_by_a_completely_fixed,_static,_tri-0-1778471220.25531.mp4"
t2v,CausVid,CausVid,public,native,60s,"A_Himalayan_foothills_scene_featuring_a_tidal_channel_cascading_continuously_over_smooth_rocks,_reco-0-1778546006.5540564.mp4",7435942,96f0b6ed801c2f98,t2v_source_repo,"output/CausVid/t2v_60s/A_Himalayan_foothills_scene_featuring_a_tidal_channel_cascading_continuously_over_smooth_rocks,_reco-0-1778546006.5540564.mp4"
t2v,CausVid,CausVid,public,native,60s,A_Norwegian_fjord_approach_scene_featuring_a_shallow_forest_creek_that_gushes_continuously_with_visi-0-1778545636.4787872.mp4,7650805,a1eef11c7d5a1f21,t2v_source_repo,output/CausVid/t2v_60s/A_Norwegian_fjord_approach_scene_featuring_a_shallow_forest_creek_that_gushes_continuously_with_visi-0-1778545636.4787872.mp4
t2v,CausVid,CausVid,public,native,60s,A_Pacific_Northwest_old-growth_forest_scene_featuring_a_cascading_mountain_waterfall_gliding_swiftly-0-1778546894.2651095.mp4,7396184,7d16aa360b078a2d,t2v_source_repo,output/CausVid/t2v_60s/A_Pacific_Northwest_old-growth_forest_scene_featuring_a_cascading_mountain_waterfall_gliding_swiftly-0-1778546894.2651095.mp4
t2v,CausVid,CausVid,public,native,60s,"A_South_Korean_countryside_scene_featuring_a_wide_river_streaming_endlessly_in_one_direction,_record-0-1778546712.053493.mp4",7598374,6f938dda1d46cb71,t2v_source_repo,"output/CausVid/t2v_60s/A_South_Korean_countryside_scene_featuring_a_wide_river_streaming_endlessly_in_one_direction,_record-0-1778546712.053493.mp4"
t2v,CausVid,CausVid,public,native,60s,"A_beautiful_South_Korean_empty_sea_beach_scene,_recorded_by_a_completely_fixed,_static,_tripod-mount-0-1778545272.5717168.mp4",7702715,59ce2c4d1f96483c,t2v_source_repo,"output/CausVid/t2v_60s/A_beautiful_South_Korean_empty_sea_beach_scene,_recorded_by_a_completely_fixed,_static,_tripod-mount-0-1778545272.5717168.mp4"
t2v,CausVid,CausVid,public,native,60s,"A_beautiful_rural_South_Korean_street_food_shop_scene,_recorded_by_a_completely_fixed,_static,_tripo-0-1778547814.2285447.mp4",7553649,3893244883f18556,t2v_source_repo,"output/CausVid/t2v_60s/A_beautiful_rural_South_Korean_street_food_shop_scene,_recorded_by_a_completely_fixed,_static,_tripo-0-1778547814.2285447.mp4"
t2v,CausVid,CausVid,public,native,60s,"A_completely_fixed,_tripod-mounted_camera_captures_a_flooded_urban_street_in_Goyang-si,_Wondang,_Sou-0-1778547256.1895747.mp4",7539307,3b15d1418691b31a,t2v_source_repo,"output/CausVid/t2v_60s/A_completely_fixed,_tripod-mounted_camera_captures_a_flooded_urban_street_in_Goyang-si,_Wondang,_Sou-0-1778547256.1895747.mp4"
t2v,CausVid,CausVid,public,native,60s,"A_continuous_South_Korean_rainy_city_street_scene,_recorded_by_a_completely_fixed,_static,_tripod-mo-0-1778547995.7050707.mp4",7557004,d096c3504dc36853,t2v_source_repo,"output/CausVid/t2v_60s/A_continuous_South_Korean_rainy_city_street_scene,_recorded_by_a_completely_fixed,_static,_tripod-mo-0-1778547995.7050707.mp4"
t2v,CausVid,CausVid,public,native,60s,"A_continuous_South_Korean_urban_town_street_scene_during_snowfall,_recorded_by_a_completely_fixed,_s-0-1778548360.1046338.mp4",7618141,0c59bb26de8f3025,t2v_source_repo,"output/CausVid/t2v_60s/A_continuous_South_Korean_urban_town_street_scene_during_snowfall,_recorded_by_a_completely_fixed,_s-0-1778548360.1046338.mp4"
t2v,CausVid,CausVid,public,native,60s,"A_continuous_urban_fire_scene,_recorded_by_a_completely_fixed,_static,_tripod-mounted_camera._The_ca-0-1778547624.1644974.mp4",7498392,bf572242eab5735b,t2v_source_repo,"output/CausVid/t2v_60s/A_continuous_urban_fire_scene,_recorded_by_a_completely_fixed,_static,_tripod-mounted_camera._The_ca-0-1778547624.1644974.mp4"
t2v,CausVid,CausVid,public,native,60s,"A_dangerous_South_Korean_hilly_forest_storm_scene,_recorded_by_a_completely_fixed,_static,_tripod-mo-0-1778548544.05884.mp4",7773917,1cb52fec795d4522,t2v_source_repo,"output/CausVid/t2v_60s/A_dangerous_South_Korean_hilly_forest_storm_scene,_recorded_by_a_completely_fixed,_static,_tripod-mo-0-1778548544.05884.mp4"
t2v,CausVid,CausVid,public,native,60s,"A_dangerous_rural_South_Korean_river_scene_at_night,_recorded_by_a_completely_fixed,_static,_tripod--0-1778548723.6753502.mp4",7456309,9a4aa9872a801918,t2v_source_repo,"output/CausVid/t2v_60s/A_dangerous_rural_South_Korean_river_scene_at_night,_recorded_by_a_completely_fixed,_static,_tripod--0-1778548723.6753502.mp4"
t2v,CausVid,CausVid,public,native,60s,"A_high_desert_canyon_scene_featuring_a_wide_river_sweeping_forward_carrying_foam_and_debris,_recorde-0-1778546530.951825.mp4",7035346,a5c10832cbf77288,t2v_source_repo,"output/CausVid/t2v_60s/A_high_desert_canyon_scene_featuring_a_wide_river_sweeping_forward_carrying_foam_and_debris,_recorde-0-1778546530.951825.mp4"
t2v,CausVid,CausVid,public,native,60s,"A_serene_woodland_stream_scene,_recorded_by_a_completely_fixed,_static,_tripod-mounted_camera._The_c-0-1778545084.7137713.mp4",7482608,26dbf404affceb70,t2v_source_repo,"output/CausVid/t2v_60s/A_serene_woodland_stream_scene,_recorded_by_a_completely_fixed,_static,_tripod-mounted_camera._The_c-0-1778545084.7137713.mp4"
t2v,CausVid,CausVid,public,native,60s,"A_storm-swollen_rural_stream,_recorded_by_a_fixed_tripod_camera._The_solid_paved_road_and_motionless-0-1778547438.0874448.mp4",7670784,42bb2b74d0b6fe5f,t2v_source_repo,"output/CausVid/t2v_60s/A_storm-swollen_rural_stream,_recorded_by_a_fixed_tripod_camera._The_solid_paved_road_and_motionless-0-1778547438.0874448.mp4"
t2v,CausVid,CausVid,public,native,60s,"A_stormy_sea_cliff_in_South_Korea,_recorded_by_a_static_tripod_camera._The_heavy_stone_cliffs_and_im-0-1778548902.33434.mp4",7119061,eedbcb0350ac301d,t2v_source_repo,"output/CausVid/t2v_60s/A_stormy_sea_cliff_in_South_Korea,_recorded_by_a_static_tripod_camera._The_heavy_stone_cliffs_and_im-0-1778548902.33434.mp4"
t2v,CausVid,CausVid,public,native,60s,"A_stunning_South_Korean_urban_neighborhood_park_scene_during_cherry_blossom_season,_recorded_by_a_co-0-1778548180.997005.mp4",7390535,8409041239fc591d,t2v_source_repo,"output/CausVid/t2v_60s/A_stunning_South_Korean_urban_neighborhood_park_scene_during_cherry_blossom_season,_recorded_by_a_co-0-1778548180.997005.mp4"
t2v,CausVid,CausVid,public,native,60s,"A_stunning_tranquil_river_scene_beneath_a_concrete_bridge,_recorded_by_a_completely_fixed,_static,_t-0-1778544907.13933.mp4",7299809,3fac0f7ec728cdb5,t2v_source_repo,"output/CausVid/t2v_60s/A_stunning_tranquil_river_scene_beneath_a_concrete_bridge,_recorded_by_a_completely_fixed,_static,_t-0-1778544907.13933.mp4"
t2v,CausVid,CausVid,public,native,60s,"A_tranquil_mountain_stream_in_a_rural_South_Korean_valley,_recorded_by_a_completely_fixed,_static,_t-0-1778545456.8680406.mp4",7293303,b651836c0fc109a9,t2v_source_repo,"output/CausVid/t2v_60s/A_tranquil_mountain_stream_in_a_rural_South_Korean_valley,_recorded_by_a_completely_fixed,_static,_t-0-1778545456.8680406.mp4"
t2v,CausVid,CausVid,public,native,60s,"A_tropical_jungle_clearing_featuring_a_broad_lowland_river_coursing_powerfully_through_the_channel,_-0-1778546354.676397.mp4",7753323,f9a39c97fd119105,t2v_source_repo,"output/CausVid/t2v_60s/A_tropical_jungle_clearing_featuring_a_broad_lowland_river_coursing_powerfully_through_the_channel,_-0-1778546354.676397.mp4"
t2v,CausVid,CausVid,public,native,60s,"An_alpine_meadow_below_snowline_featuring_a_multi-tiered_waterfall_gliding_swiftly_with_dark,_deep_c-0-1778546182.3436406.mp4",7394874,adf2dbb3cf0f1765,t2v_source_repo,"output/CausVid/t2v_60s/An_alpine_meadow_below_snowline_featuring_a_multi-tiered_waterfall_gliding_swiftly_with_dark,_deep_c-0-1778546182.3436406.mp4"
t2v,CausVid,CausVid,public,native,60s,"An_ancient_stone_city_waterway_featuring_fast-moving_rapids_streaming_endlessly_in_one_direction,_re-0-1778545818.873297.mp4",7451687,472eb80875f6e743,t2v_source_repo,"output/CausVid/t2v_60s/An_ancient_stone_city_waterway_featuring_fast-moving_rapids_streaming_endlessly_in_one_direction,_re-0-1778545818.873297.mp4"
t2v,CausVid,CausVid,public,native,60s,"An_urban_storm_drain_canal,_recorded_by_a_static_tripod_camera._The_heavy_concrete_walls_and_immovab-0-1778547074.850378.mp4",7279981,54886552fd34fd75,t2v_source_repo,"output/CausVid/t2v_60s/An_urban_storm_drain_canal,_recorded_by_a_static_tripod_camera._The_heavy_concrete_walls_and_immovab-0-1778547074.850378.mp4"
t2v,CausVid,CausVid,public,native,120s,"A_cinematic_wide_shot_of_a_serene_forest_river,_its_crystal-clear_water_flowing_gently_and_unendingl-0-1778567128.886706.mp4",15183039,b2a20420f427d31e,t2v_source_repo,"output/CausVid/t2v_120s/A_cinematic_wide_shot_of_a_serene_forest_river,_its_crystal-clear_water_flowing_gently_and_unendingl-0-1778567128.886706.mp4"
t2v,CausVid,CausVid,public,native,120s,"A_dangerous_hillside_storm,_recorded_by_a_static_tripod_camera._The_immovable_rocky_slopes_and_solid-0-1778568966.9599426.mp4",15273546,fb44f990c0f29325,t2v_source_repo,"output/CausVid/t2v_120s/A_dangerous_hillside_storm,_recorded_by_a_static_tripod_camera._The_immovable_rocky_slopes_and_solid-0-1778568966.9599426.mp4"
t2v,CausVid,CausVid,public,native,120s,"A_dramatic_medium_shot_of_a_massive_mountain_waterfall,_deep_blue_water_crashing_and_splashing_viole-0-1778567491.5350704.mp4",15344383,ec4150cbec5232c8,t2v_source_repo,"output/CausVid/t2v_120s/A_dramatic_medium_shot_of_a_massive_mountain_waterfall,_deep_blue_water_crashing_and_splashing_viole-0-1778567491.5350704.mp4"
t2v,CausVid,CausVid,public,native,120s,"A_rainy_urban_street_at_night,_recorded_by_a_fixed_tripod_camera._The_solid_concrete_buildings_and_m-0-1778568595.9685218.mp4",15261088,461435bbc038b880,t2v_source_repo,"output/CausVid/t2v_120s/A_rainy_urban_street_at_night,_recorded_by_a_fixed_tripod_camera._The_solid_concrete_buildings_and_m-0-1778568595.9685218.mp4"
t2v,CausVid,CausVid,public,native,120s,"A_tranquil_rural_canal_beside_a_heavy_stone_embankment,_recorded_by_a_completely_fixed,_static,_trip-0-1778568217.877459.mp4",15214156,c13a52c9306a3169,t2v_source_repo,"output/CausVid/t2v_120s/A_tranquil_rural_canal_beside_a_heavy_stone_embankment,_recorded_by_a_completely_fixed,_static,_trip-0-1778568217.877459.mp4"
t2v,CausVid,CausVid,public,native,120s,An_alpine_meadow_below_snowline_featuring_a_broad_lowland_river_rushing_downstream_in_a_relentless_c-0-1778567850.7636106.mp4,15066546,f18468462ca0ef49,t2v_source_repo,output/CausVid/t2v_120s/An_alpine_meadow_below_snowline_featuring_a_broad_lowland_river_rushing_downstream_in_a_relentless_c-0-1778567850.7636106.mp4
t2v,CausVid,CausVid,public,native,240s,"A_South_Korean_urban_rainstorm,_recorded_by_a_fixed_tripod_camera._Rain_falls_continuously_onto_the_-0-1778722003.4437373.mp4",30837699,57a627e31f214264,t2v_source_repo,"output/CausVid/t2v_240s/A_South_Korean_urban_rainstorm,_recorded_by_a_fixed_tripod_camera._Rain_falls_continuously_onto_the_-0-1778722003.4437373.mp4"
t2v,CausVid,CausVid,public,native,240s,"A_massive_mountain_waterfall_crashing_continuously_into_a_misty_pool,_recorded_by_a_completely_fixed-0-1778720189.5123663.mp4",30714495,9a9fa54eb614eb91,t2v_source_repo,"output/CausVid/t2v_240s/A_massive_mountain_waterfall_crashing_continuously_into_a_misty_pool,_recorded_by_a_completely_fixed-0-1778720189.5123663.mp4"
t2v,CausVid,CausVid,public,native,240s,"A_serene_forest_river,_its_clear_water_flowing_over_smooth_stones_without_pause_or_interruption,_rec-0-1778718551.4682739.mp4",30658950,a81d7762725c1592,t2v_source_repo,"output/CausVid/t2v_240s/A_serene_forest_river,_its_clear_water_flowing_over_smooth_stones_without_pause_or_interruption,_rec-0-1778718551.4682739.mp4"
t2v,CausVid,CausVid,public,native,240s,"A_violent_hillside_storm,_recorded_by_a_static_tripod_camera._Tall_trees_thrash_continuously_in_fier-0-1778723238.9600837.mp4",30590583,9d14b75d9a46fb4a,t2v_source_repo,"output/CausVid/t2v_240s/A_violent_hillside_storm,_recorded_by_a_static_tripod_camera._Tall_trees_thrash_continuously_in_fier-0-1778723238.9600837.mp4"
t2v,self_forcing,Self-Forcing,public,native,5s,"A_South_Korean_urban_street_at_night_during_rainfall,_recorded_by_a_completely_fixed,_static,_tripod-0-1778466829.9571228.mp4",718136,d885c1700513bb7d,t2v_source_repo,"output/self_forcing/t2v_5s/A_South_Korean_urban_street_at_night_during_rainfall,_recorded_by_a_completely_fixed,_static,_tripod-0-1778466829.9571228.mp4"
t2v,self_forcing,Self-Forcing,public,native,5s,"A_fast-moving_mountain_stream_cascading_over_smooth_rocks,_recorded_by_a_completely_fixed,_static,_t-0-1778466813.622373.mp4",700630,23ae5eea872e9088,t2v_source_repo,"output/self_forcing/t2v_5s/A_fast-moving_mountain_stream_cascading_over_smooth_rocks,_recorded_by_a_completely_fixed,_static,_t-0-1778466813.622373.mp4"
t2v,self_forcing,Self-Forcing,public,native,5s,"A_narrow_woodland_stream_winding_between_moss-covered_rocks,_recorded_by_a_completely_fixed,_static,-0-1778466765.8735685.mp4",712000,72495db4d8c5180e,t2v_source_repo,"output/self_forcing/t2v_5s/A_narrow_woodland_stream_winding_between_moss-covered_rocks,_recorded_by_a_completely_fixed,_static,-0-1778466765.8735685.mp4"
t2v,self_forcing,Self-Forcing,public,native,5s,"A_rural_fire_pit_beside_a_heavy_stone_wall,_recorded_by_a_completely_fixed,_static,_tripod-mounted_c-0-1778466797.7042418.mp4",693148,659d984608e6e87f,t2v_source_repo,"output/self_forcing/t2v_5s/A_rural_fire_pit_beside_a_heavy_stone_wall,_recorded_by_a_completely_fixed,_static,_tripod-mounted_c-0-1778466797.7042418.mp4"
t2v,self_forcing,Self-Forcing,public,native,5s,"A_sandy_ocean_shoreline_at_dusk,_recorded_by_a_completely_fixed,_static,_tripod-mounted_camera._The_-0-1778466781.8505292.mp4",725425,f4fc88f8008d80f2,t2v_source_repo,"output/self_forcing/t2v_5s/A_sandy_ocean_shoreline_at_dusk,_recorded_by_a_completely_fixed,_static,_tripod-mounted_camera._The_-0-1778466781.8505292.mp4"
t2v,self_forcing,Self-Forcing,public,native,5s,"A_tranquil_river_beneath_a_moss-covered_concrete_bridge,_recorded_by_a_completely_fixed,_static,_tri-0-1778466749.7969239.mp4",713720,9ee50094c49eefde,t2v_source_repo,"output/self_forcing/t2v_5s/A_tranquil_river_beneath_a_moss-covered_concrete_bridge,_recorded_by_a_completely_fixed,_static,_tri-0-1778466749.7969239.mp4"
t2v,self_forcing,Self-Forcing,public,native,60s,"A_Himalayan_foothills_scene_featuring_a_tidal_channel_cascading_continuously_over_smooth_rocks,_reco-0-1778478620.7101796.mp4",7743688,4e91f728ec0cf78b,t2v_source_repo,"output/self_forcing/t2v_60s/A_Himalayan_foothills_scene_featuring_a_tidal_channel_cascading_continuously_over_smooth_rocks,_reco-0-1778478620.7101796.mp4"
t2v,self_forcing,Self-Forcing,public,native,60s,A_Norwegian_fjord_approach_scene_featuring_a_shallow_forest_creek_that_gushes_continuously_with_visi-0-1778478244.7384439.mp4,7550639,2e7c514618f28d0e,t2v_source_repo,output/self_forcing/t2v_60s/A_Norwegian_fjord_approach_scene_featuring_a_shallow_forest_creek_that_gushes_continuously_with_visi-0-1778478244.7384439.mp4
t2v,self_forcing,Self-Forcing,public,native,60s,A_Pacific_Northwest_old-growth_forest_scene_featuring_a_cascading_mountain_waterfall_gliding_swiftly-0-1778479507.7078922.mp4,7223108,d03cfbf667d00753,t2v_source_repo,output/self_forcing/t2v_60s/A_Pacific_Northwest_old-growth_forest_scene_featuring_a_cascading_mountain_waterfall_gliding_swiftly-0-1778479507.7078922.mp4
t2v,self_forcing,Self-Forcing,public,native,60s,"A_South_Korean_countryside_scene_featuring_a_wide_river_streaming_endlessly_in_one_direction,_record-0-1778479332.474062.mp4",7302444,8cdf544b01994f14,t2v_source_repo,"output/self_forcing/t2v_60s/A_South_Korean_countryside_scene_featuring_a_wide_river_streaming_endlessly_in_one_direction,_record-0-1778479332.474062.mp4"
t2v,self_forcing,Self-Forcing,public,native,60s,"A_beautiful_South_Korean_empty_sea_beach_scene,_recorded_by_a_completely_fixed,_static,_tripod-mount-0-1778477885.7145007.mp4",7829663,b523a6fdd9f53acd,t2v_source_repo,"output/self_forcing/t2v_60s/A_beautiful_South_Korean_empty_sea_beach_scene,_recorded_by_a_completely_fixed,_static,_tripod-mount-0-1778477885.7145007.mp4"
t2v,self_forcing,Self-Forcing,public,native,60s,"A_beautiful_rural_South_Korean_street_food_shop_scene,_recorded_by_a_completely_fixed,_static,_tripo-0-1778480423.7059243.mp4",7709443,a17feb44f3780f38,t2v_source_repo,"output/self_forcing/t2v_60s/A_beautiful_rural_South_Korean_street_food_shop_scene,_recorded_by_a_completely_fixed,_static,_tripo-0-1778480423.7059243.mp4"
t2v,self_forcing,Self-Forcing,public,native,60s,"A_completely_fixed,_tripod-mounted_camera_captures_a_flooded_urban_street_in_Goyang-si,_Wondang,_Sou-0-1778479875.3133721.mp4",7613543,5d79427c3b8553d3,t2v_source_repo,"output/self_forcing/t2v_60s/A_completely_fixed,_tripod-mounted_camera_captures_a_flooded_urban_street_in_Goyang-si,_Wondang,_Sou-0-1778479875.3133721.mp4"
t2v,self_forcing,Self-Forcing,public,native,60s,"A_continuous_South_Korean_rainy_city_street_scene,_recorded_by_a_completely_fixed,_static,_tripod-mo-0-1778480608.896735.mp4",7320117,c58c7ac693ba8f32,t2v_source_repo,"output/self_forcing/t2v_60s/A_continuous_South_Korean_rainy_city_street_scene,_recorded_by_a_completely_fixed,_static,_tripod-mo-0-1778480608.896735.mp4"
t2v,self_forcing,Self-Forcing,public,native,60s,"A_continuous_South_Korean_urban_town_street_scene_during_snowfall,_recorded_by_a_completely_fixed,_s-0-1778480968.65229.mp4",7418356,3619c7bc2356603b,t2v_source_repo,"output/self_forcing/t2v_60s/A_continuous_South_Korean_urban_town_street_scene_during_snowfall,_recorded_by_a_completely_fixed,_s-0-1778480968.65229.mp4"
t2v,self_forcing,Self-Forcing,public,native,60s,"A_continuous_urban_fire_scene,_recorded_by_a_completely_fixed,_static,_tripod-mounted_camera._The_ca-0-1778480242.3827028.mp4",7460654,979338bbf7722f73,t2v_source_repo,"output/self_forcing/t2v_60s/A_continuous_urban_fire_scene,_recorded_by_a_completely_fixed,_static,_tripod-mounted_camera._The_ca-0-1778480242.3827028.mp4"
t2v,self_forcing,Self-Forcing,public,native,60s,"A_dangerous_South_Korean_hilly_forest_storm_scene,_recorded_by_a_completely_fixed,_static,_tripod-mo-0-1778481158.390695.mp4",7903723,4c91efa36f31c2cd,t2v_source_repo,"output/self_forcing/t2v_60s/A_dangerous_South_Korean_hilly_forest_storm_scene,_recorded_by_a_completely_fixed,_static,_tripod-mo-0-1778481158.390695.mp4"
t2v,self_forcing,Self-Forcing,public,native,60s,"A_dangerous_rural_South_Korean_river_scene_at_night,_recorded_by_a_completely_fixed,_static,_tripod--0-1778481343.0632353.mp4",7847399,7f4ab1fcd7b0428b,t2v_source_repo,"output/self_forcing/t2v_60s/A_dangerous_rural_South_Korean_river_scene_at_night,_recorded_by_a_completely_fixed,_static,_tripod--0-1778481343.0632353.mp4"
t2v,self_forcing,Self-Forcing,public,native,60s,"A_high_desert_canyon_scene_featuring_a_wide_river_sweeping_forward_carrying_foam_and_debris,_recorde-0-1778479156.1637185.mp4",7323232,87796e053d6ca7a1,t2v_source_repo,"output/self_forcing/t2v_60s/A_high_desert_canyon_scene_featuring_a_wide_river_sweeping_forward_carrying_foam_and_debris,_recorde-0-1778479156.1637185.mp4"
t2v,self_forcing,Self-Forcing,public,native,60s,"A_serene_woodland_stream_scene,_recorded_by_a_completely_fixed,_static,_tripod-mounted_camera._The_c-0-1778477705.2612748.mp4",7416191,0e491999c9e43bca,t2v_source_repo,"output/self_forcing/t2v_60s/A_serene_woodland_stream_scene,_recorded_by_a_completely_fixed,_static,_tripod-mounted_camera._The_c-0-1778477705.2612748.mp4"
t2v,self_forcing,Self-Forcing,public,native,60s,"A_storm-swollen_rural_stream,_recorded_by_a_fixed_tripod_camera._The_solid_paved_road_and_motionless-0-1778480060.4428318.mp4",7291578,77c759c141cbc0a3,t2v_source_repo,"output/self_forcing/t2v_60s/A_storm-swollen_rural_stream,_recorded_by_a_fixed_tripod_camera._The_solid_paved_road_and_motionless-0-1778480060.4428318.mp4"
t2v,self_forcing,Self-Forcing,public,native,60s,"A_stormy_sea_cliff_in_South_Korea,_recorded_by_a_static_tripod_camera._The_heavy_stone_cliffs_and_im-0-1778481526.6927724.mp4",7897693,11898866fc27e288,t2v_source_repo,"output/self_forcing/t2v_60s/A_stormy_sea_cliff_in_South_Korea,_recorded_by_a_static_tripod_camera._The_heavy_stone_cliffs_and_im-0-1778481526.6927724.mp4"
t2v,self_forcing,Self-Forcing,public,native,60s,"A_stunning_South_Korean_urban_neighborhood_park_scene_during_cherry_blossom_season,_recorded_by_a_co-0-1778480787.2041068.mp4",7746010,8896419d111b273c,t2v_source_repo,"output/self_forcing/t2v_60s/A_stunning_South_Korean_urban_neighborhood_park_scene_during_cherry_blossom_season,_recorded_by_a_co-0-1778480787.2041068.mp4"
t2v,self_forcing,Self-Forcing,public,native,60s,"A_stunning_tranquil_river_scene_beneath_a_concrete_bridge,_recorded_by_a_completely_fixed,_static,_t-0-1778477514.2880015.mp4",7478649,af5cf7c4e9630b53,t2v_source_repo,"output/self_forcing/t2v_60s/A_stunning_tranquil_river_scene_beneath_a_concrete_bridge,_recorded_by_a_completely_fixed,_static,_t-0-1778477514.2880015.mp4"
t2v,self_forcing,Self-Forcing,public,native,60s,"A_tranquil_mountain_stream_in_a_rural_South_Korean_valley,_recorded_by_a_completely_fixed,_static,_t-0-1778478069.147692.mp4",7458034,b37678835a57d67f,t2v_source_repo,"output/self_forcing/t2v_60s/A_tranquil_mountain_stream_in_a_rural_South_Korean_valley,_recorded_by_a_completely_fixed,_static,_t-0-1778478069.147692.mp4"
t2v,self_forcing,Self-Forcing,public,native,60s,"A_tropical_jungle_clearing_featuring_a_broad_lowland_river_coursing_powerfully_through_the_channel,_-0-1778478975.1450105.mp4",7407502,cb893e870d157d33,t2v_source_repo,"output/self_forcing/t2v_60s/A_tropical_jungle_clearing_featuring_a_broad_lowland_river_coursing_powerfully_through_the_channel,_-0-1778478975.1450105.mp4"
t2v,self_forcing,Self-Forcing,public,native,60s,"An_alpine_meadow_below_snowline_featuring_a_multi-tiered_waterfall_gliding_swiftly_with_dark,_deep_c-0-1778478797.3330119.mp4",7705039,4c11896c6c1830f5,t2v_source_repo,"output/self_forcing/t2v_60s/An_alpine_meadow_below_snowline_featuring_a_multi-tiered_waterfall_gliding_swiftly_with_dark,_deep_c-0-1778478797.3330119.mp4"
t2v,self_forcing,Self-Forcing,public,native,60s,"An_ancient_stone_city_waterway_featuring_fast-moving_rapids_streaming_endlessly_in_one_direction,_re-0-1778478431.7047336.mp4",7355753,fbf035d3aa3f1503,t2v_source_repo,"output/self_forcing/t2v_60s/An_ancient_stone_city_waterway_featuring_fast-moving_rapids_streaming_endlessly_in_one_direction,_re-0-1778478431.7047336.mp4"
t2v,self_forcing,Self-Forcing,public,native,60s,"An_urban_storm_drain_canal,_recorded_by_a_static_tripod_camera._The_heavy_concrete_walls_and_immovab-0-1778479696.7306821.mp4",7471390,7d818858678d201a,t2v_source_repo,"output/self_forcing/t2v_60s/An_urban_storm_drain_canal,_recorded_by_a_static_tripod_camera._The_heavy_concrete_walls_and_immovab-0-1778479696.7306821.mp4"
t2v,self_forcing,Self-Forcing,public,native,120s,"A_cinematic_wide_shot_of_a_serene_forest_river,_its_crystal-clear_water_flowing_gently_and_unendingl-0-1778558088.9175992.mp4",14911553,1603526ca195bd51,t2v_source_repo,"output/self_forcing/t2v_120s/A_cinematic_wide_shot_of_a_serene_forest_river,_its_crystal-clear_water_flowing_gently_and_unendingl-0-1778558088.9175992.mp4"
t2v,self_forcing,Self-Forcing,public,native,120s,"A_dangerous_hillside_storm,_recorded_by_a_static_tripod_camera._The_immovable_rocky_slopes_and_solid-0-1778559920.6646469.mp4",15801697,0111a5fe129b6f87,t2v_source_repo,"output/self_forcing/t2v_120s/A_dangerous_hillside_storm,_recorded_by_a_static_tripod_camera._The_immovable_rocky_slopes_and_solid-0-1778559920.6646469.mp4"
t2v,self_forcing,Self-Forcing,public,native,120s,"A_dramatic_medium_shot_of_a_massive_mountain_waterfall,_deep_blue_water_crashing_and_splashing_viole-0-1778558449.0626395.mp4",15021475,5e6ee81051df0cb2,t2v_source_repo,"output/self_forcing/t2v_120s/A_dramatic_medium_shot_of_a_massive_mountain_waterfall,_deep_blue_water_crashing_and_splashing_viole-0-1778558449.0626395.mp4"
t2v,self_forcing,Self-Forcing,public,native,120s,"A_rainy_urban_street_at_night,_recorded_by_a_fixed_tripod_camera._The_solid_concrete_buildings_and_m-0-1778559531.0170503.mp4",14945536,e42103f74a97700f,t2v_source_repo,"output/self_forcing/t2v_120s/A_rainy_urban_street_at_night,_recorded_by_a_fixed_tripod_camera._The_solid_concrete_buildings_and_m-0-1778559531.0170503.mp4"
t2v,self_forcing,Self-Forcing,public,native,120s,"A_tranquil_rural_canal_beside_a_heavy_stone_embankment,_recorded_by_a_completely_fixed,_static,_trip-0-1778559169.7672198.mp4",15158327,da142568e5ca80b0,t2v_source_repo,"output/self_forcing/t2v_120s/A_tranquil_rural_canal_beside_a_heavy_stone_embankment,_recorded_by_a_completely_fixed,_static,_trip-0-1778559169.7672198.mp4"
t2v,self_forcing,Self-Forcing,public,native,120s,An_alpine_meadow_below_snowline_featuring_a_broad_lowland_river_rushing_downstream_in_a_relentless_c-0-1778558814.1774294.mp4,14518251,6bf9c0a2b9bcf7a8,t2v_source_repo,output/self_forcing/t2v_120s/An_alpine_meadow_below_snowline_featuring_a_broad_lowland_river_rushing_downstream_in_a_relentless_c-0-1778558814.1774294.mp4
t2v,self_forcing,Self-Forcing,public,native,240s,"A_South_Korean_urban_rainstorm,_recorded_by_a_fixed_tripod_camera._Rain_falls_continuously_onto_the_-0-1778633354.464312.mp4",31588707,132743d3d9b1dc59,t2v_source_repo,"output/self_forcing/t2v_240s/A_South_Korean_urban_rainstorm,_recorded_by_a_fixed_tripod_camera._Rain_falls_continuously_onto_the_-0-1778633354.464312.mp4"
t2v,self_forcing,Self-Forcing,public,native,240s,"A_massive_mountain_waterfall_crashing_continuously_into_a_misty_pool,_recorded_by_a_completely_fixed-0-1778577339.7832975.mp4",31200001,9643a5c2df504527,t2v_source_repo,"output/self_forcing/t2v_240s/A_massive_mountain_waterfall_crashing_continuously_into_a_misty_pool,_recorded_by_a_completely_fixed-0-1778577339.7832975.mp4"
t2v,self_forcing,Self-Forcing,public,native,240s,"A_serene_forest_river,_its_clear_water_flowing_over_smooth_stones_without_pause_or_interruption,_rec-0-1778574489.7308145.mp4",30132116,ffe45a010ab9251a,t2v_source_repo,"output/self_forcing/t2v_240s/A_serene_forest_river,_its_clear_water_flowing_over_smooth_stones_without_pause_or_interruption,_rec-0-1778574489.7308145.mp4"
t2v,self_forcing,Self-Forcing,public,native,240s,"A_violent_hillside_storm,_recorded_by_a_static_tripod_camera._Tall_trees_thrash_continuously_in_fier-0-1778636280.3682714.mp4",31016464,530b62c0449c09f6,t2v_source_repo,"output/self_forcing/t2v_240s/A_violent_hillside_storm,_recorded_by_a_static_tripod_camera._Tall_trees_thrash_continuously_in_fier-0-1778636280.3682714.mp4"
t2v,infinite_forcing,Infinite-Forcing,public,native,5s,"A_South_Korean_urban_street_at_night_during_rainfall,_recorded_by_a_completely_fixed,_static,_tripod-0-1778469281.6761332.mp4",720497,622b400fb1cc5a4b,t2v_source_repo,"output/infinite_forcing/t2v_5s/A_South_Korean_urban_street_at_night_during_rainfall,_recorded_by_a_completely_fixed,_static,_tripod-0-1778469281.6761332.mp4"
t2v,infinite_forcing,Infinite-Forcing,public,native,5s,"A_fast-moving_mountain_stream_cascading_over_smooth_rocks,_recorded_by_a_completely_fixed,_static,_t-0-1778469264.797596.mp4",723275,572c8e531353ab6e,t2v_source_repo,"output/infinite_forcing/t2v_5s/A_fast-moving_mountain_stream_cascading_over_smooth_rocks,_recorded_by_a_completely_fixed,_static,_t-0-1778469264.797596.mp4"
t2v,infinite_forcing,Infinite-Forcing,public,native,5s,"A_narrow_woodland_stream_winding_between_moss-covered_rocks,_recorded_by_a_completely_fixed,_static,-0-1778469216.5039537.mp4",723817,0cdce48d3c5a7d4d,t2v_source_repo,"output/infinite_forcing/t2v_5s/A_narrow_woodland_stream_winding_between_moss-covered_rocks,_recorded_by_a_completely_fixed,_static,-0-1778469216.5039537.mp4"
t2v,infinite_forcing,Infinite-Forcing,public,native,5s,"A_rural_fire_pit_beside_a_heavy_stone_wall,_recorded_by_a_completely_fixed,_static,_tripod-mounted_c-0-1778469248.6111743.mp4",686154,2bc89afbdc4ae88d,t2v_source_repo,"output/infinite_forcing/t2v_5s/A_rural_fire_pit_beside_a_heavy_stone_wall,_recorded_by_a_completely_fixed,_static,_tripod-mounted_c-0-1778469248.6111743.mp4"
t2v,infinite_forcing,Infinite-Forcing,public,native,5s,"A_sandy_ocean_shoreline_at_dusk,_recorded_by_a_completely_fixed,_static,_tripod-mounted_camera._The_-0-1778469232.7309976.mp4",682453,b4f74f58a7a3593e,t2v_source_repo,"output/infinite_forcing/t2v_5s/A_sandy_ocean_shoreline_at_dusk,_recorded_by_a_completely_fixed,_static,_tripod-mounted_camera._The_-0-1778469232.7309976.mp4"
t2v,infinite_forcing,Infinite-Forcing,public,native,5s,"A_tranquil_river_beneath_a_moss-covered_concrete_bridge,_recorded_by_a_completely_fixed,_static,_tri-0-1778469200.0826979.mp4",735965,09ed4b77ed449f49,t2v_source_repo,"output/infinite_forcing/t2v_5s/A_tranquil_river_beneath_a_moss-covered_concrete_bridge,_recorded_by_a_completely_fixed,_static,_tri-0-1778469200.0826979.mp4"
t2v,infinite_forcing,Infinite-Forcing,public,native,60s,"A_Himalayan_foothills_scene_featuring_a_tidal_channel_cascading_continuously_over_smooth_rocks,_reco-0-1778490883.0619009.mp4",7438215,96fc737348a64545,t2v_source_repo,"output/infinite_forcing/t2v_60s/A_Himalayan_foothills_scene_featuring_a_tidal_channel_cascading_continuously_over_smooth_rocks,_reco-0-1778490883.0619009.mp4"
t2v,infinite_forcing,Infinite-Forcing,public,native,60s,A_Norwegian_fjord_approach_scene_featuring_a_shallow_forest_creek_that_gushes_continuously_with_visi-0-1778490519.82233.mp4,7427809,bf2c2d96d930f163,t2v_source_repo,output/infinite_forcing/t2v_60s/A_Norwegian_fjord_approach_scene_featuring_a_shallow_forest_creek_that_gushes_continuously_with_visi-0-1778490519.82233.mp4
t2v,infinite_forcing,Infinite-Forcing,public,native,60s,A_Pacific_Northwest_old-growth_forest_scene_featuring_a_cascading_mountain_waterfall_gliding_swiftly-0-1778491784.6866066.mp4,7147064,85e4f70d45f9a40d,t2v_source_repo,output/infinite_forcing/t2v_60s/A_Pacific_Northwest_old-growth_forest_scene_featuring_a_cascading_mountain_waterfall_gliding_swiftly-0-1778491784.6866066.mp4
t2v,infinite_forcing,Infinite-Forcing,public,native,60s,"A_South_Korean_countryside_scene_featuring_a_wide_river_streaming_endlessly_in_one_direction,_record-0-1778491600.490518.mp4",7159492,0f02e8aa0b707fb9,t2v_source_repo,"output/infinite_forcing/t2v_60s/A_South_Korean_countryside_scene_featuring_a_wide_river_streaming_endlessly_in_one_direction,_record-0-1778491600.490518.mp4"
t2v,infinite_forcing,Infinite-Forcing,public,native,60s,"A_beautiful_South_Korean_empty_sea_beach_scene,_recorded_by_a_completely_fixed,_static,_tripod-mount-0-1778490148.4963543.mp4",7598881,b087f1949bc82153,t2v_source_repo,"output/infinite_forcing/t2v_60s/A_beautiful_South_Korean_empty_sea_beach_scene,_recorded_by_a_completely_fixed,_static,_tripod-mount-0-1778490148.4963543.mp4"
t2v,infinite_forcing,Infinite-Forcing,public,native,60s,"A_beautiful_rural_South_Korean_street_food_shop_scene,_recorded_by_a_completely_fixed,_static,_tripo-0-1778492678.2678852.mp4",7644287,c9335ab0cea4414f,t2v_source_repo,"output/infinite_forcing/t2v_60s/A_beautiful_rural_South_Korean_street_food_shop_scene,_recorded_by_a_completely_fixed,_static,_tripo-0-1778492678.2678852.mp4"
t2v,infinite_forcing,Infinite-Forcing,public,native,60s,"A_completely_fixed,_tripod-mounted_camera_captures_a_flooded_urban_street_in_Goyang-si,_Wondang,_Sou-0-1778492142.5619397.mp4",7629414,2f8728c2fba386ac,t2v_source_repo,"output/infinite_forcing/t2v_60s/A_completely_fixed,_tripod-mounted_camera_captures_a_flooded_urban_street_in_Goyang-si,_Wondang,_Sou-0-1778492142.5619397.mp4"
t2v,infinite_forcing,Infinite-Forcing,public,native,60s,"A_continuous_South_Korean_rainy_city_street_scene,_recorded_by_a_completely_fixed,_static,_tripod-mo-0-1778492867.0997703.mp4",7435781,59e6b512935f8154,t2v_source_repo,"output/infinite_forcing/t2v_60s/A_continuous_South_Korean_rainy_city_street_scene,_recorded_by_a_completely_fixed,_static,_tripod-mo-0-1778492867.0997703.mp4"
t2v,infinite_forcing,Infinite-Forcing,public,native,60s,"A_continuous_South_Korean_urban_town_street_scene_during_snowfall,_recorded_by_a_completely_fixed,_s-0-1778493240.7347176.mp4",7749661,8248ac6d4163e240,t2v_source_repo,"output/infinite_forcing/t2v_60s/A_continuous_South_Korean_urban_town_street_scene_during_snowfall,_recorded_by_a_completely_fixed,_s-0-1778493240.7347176.mp4"
t2v,infinite_forcing,Infinite-Forcing,public,native,60s,"A_continuous_urban_fire_scene,_recorded_by_a_completely_fixed,_static,_tripod-mounted_camera._The_ca-0-1778492496.7181456.mp4",7579424,cfc68815929f6d09,t2v_source_repo,"output/infinite_forcing/t2v_60s/A_continuous_urban_fire_scene,_recorded_by_a_completely_fixed,_static,_tripod-mounted_camera._The_ca-0-1778492496.7181456.mp4"
t2v,infinite_forcing,Infinite-Forcing,public,native,60s,"A_dangerous_South_Korean_hilly_forest_storm_scene,_recorded_by_a_completely_fixed,_static,_tripod-mo-0-1778493432.0832033.mp4",7858256,89db0f28e799f408,t2v_source_repo,"output/infinite_forcing/t2v_60s/A_dangerous_South_Korean_hilly_forest_storm_scene,_recorded_by_a_completely_fixed,_static,_tripod-mo-0-1778493432.0832033.mp4"
t2v,infinite_forcing,Infinite-Forcing,public,native,60s,"A_dangerous_rural_South_Korean_river_scene_at_night,_recorded_by_a_completely_fixed,_static,_tripod--0-1778493619.2051756.mp4",7330830,20eb63c79783a8ea,t2v_source_repo,"output/infinite_forcing/t2v_60s/A_dangerous_rural_South_Korean_river_scene_at_night,_recorded_by_a_completely_fixed,_static,_tripod--0-1778493619.2051756.mp4"
t2v,infinite_forcing,Infinite-Forcing,public,native,60s,"A_high_desert_canyon_scene_featuring_a_wide_river_sweeping_forward_carrying_foam_and_debris,_recorde-0-1778491422.6549716.mp4",7337022,a2058eb2ce07231a,t2v_source_repo,"output/infinite_forcing/t2v_60s/A_high_desert_canyon_scene_featuring_a_wide_river_sweeping_forward_carrying_foam_and_debris,_recorde-0-1778491422.6549716.mp4"
t2v,infinite_forcing,Infinite-Forcing,public,native,60s,"A_serene_woodland_stream_scene,_recorded_by_a_completely_fixed,_static,_tripod-mounted_camera._The_c-0-1778489969.967316.mp4",7495572,b48ac4001623193c,t2v_source_repo,"output/infinite_forcing/t2v_60s/A_serene_woodland_stream_scene,_recorded_by_a_completely_fixed,_static,_tripod-mounted_camera._The_c-0-1778489969.967316.mp4"
t2v,infinite_forcing,Infinite-Forcing,public,native,60s,"A_storm-swollen_rural_stream,_recorded_by_a_fixed_tripod_camera._The_solid_paved_road_and_motionless-0-1778492316.4961996.mp4",7500598,b5b0d3d7415924f9,t2v_source_repo,"output/infinite_forcing/t2v_60s/A_storm-swollen_rural_stream,_recorded_by_a_fixed_tripod_camera._The_solid_paved_road_and_motionless-0-1778492316.4961996.mp4"
t2v,infinite_forcing,Infinite-Forcing,public,native,60s,"A_stormy_sea_cliff_in_South_Korea,_recorded_by_a_static_tripod_camera._The_heavy_stone_cliffs_and_im-0-1778493796.126397.mp4",7544407,bac346d0b109d1d1,t2v_source_repo,"output/infinite_forcing/t2v_60s/A_stormy_sea_cliff_in_South_Korea,_recorded_by_a_static_tripod_camera._The_heavy_stone_cliffs_and_im-0-1778493796.126397.mp4"
t2v,infinite_forcing,Infinite-Forcing,public,native,60s,"A_stunning_South_Korean_urban_neighborhood_park_scene_during_cherry_blossom_season,_recorded_by_a_co-0-1778493061.820503.mp4",7639767,98e6135944a00fef,t2v_source_repo,"output/infinite_forcing/t2v_60s/A_stunning_South_Korean_urban_neighborhood_park_scene_during_cherry_blossom_season,_recorded_by_a_co-0-1778493061.820503.mp4"
t2v,infinite_forcing,Infinite-Forcing,public,native,60s,"A_stunning_tranquil_river_scene_beneath_a_concrete_bridge,_recorded_by_a_completely_fixed,_static,_t-0-1778489788.638525.mp4",7372813,6bed2d843786f72e,t2v_source_repo,"output/infinite_forcing/t2v_60s/A_stunning_tranquil_river_scene_beneath_a_concrete_bridge,_recorded_by_a_completely_fixed,_static,_t-0-1778489788.638525.mp4"
t2v,infinite_forcing,Infinite-Forcing,public,native,60s,"A_tranquil_mountain_stream_in_a_rural_South_Korean_valley,_recorded_by_a_completely_fixed,_static,_t-0-1778490339.0053835.mp4",7530971,6c771a8e3d00a07b,t2v_source_repo,"output/infinite_forcing/t2v_60s/A_tranquil_mountain_stream_in_a_rural_South_Korean_valley,_recorded_by_a_completely_fixed,_static,_t-0-1778490339.0053835.mp4"
t2v,infinite_forcing,Infinite-Forcing,public,native,60s,"A_tropical_jungle_clearing_featuring_a_broad_lowland_river_coursing_powerfully_through_the_channel,_-0-1778491242.8628175.mp4",7336232,d7da64aa59133605,t2v_source_repo,"output/infinite_forcing/t2v_60s/A_tropical_jungle_clearing_featuring_a_broad_lowland_river_coursing_powerfully_through_the_channel,_-0-1778491242.8628175.mp4"
t2v,infinite_forcing,Infinite-Forcing,public,native,60s,"An_alpine_meadow_below_snowline_featuring_a_multi-tiered_waterfall_gliding_swiftly_with_dark,_deep_c-0-1778491063.362982.mp4",7593981,a6958c5bd516ab3e,t2v_source_repo,"output/infinite_forcing/t2v_60s/An_alpine_meadow_below_snowline_featuring_a_multi-tiered_waterfall_gliding_swiftly_with_dark,_deep_c-0-1778491063.362982.mp4"
t2v,infinite_forcing,Infinite-Forcing,public,native,60s,"An_ancient_stone_city_waterway_featuring_fast-moving_rapids_streaming_endlessly_in_one_direction,_re-0-1778490701.9356225.mp4",7190878,f1597764b658b68c,t2v_source_repo,"output/infinite_forcing/t2v_60s/An_ancient_stone_city_waterway_featuring_fast-moving_rapids_streaming_endlessly_in_one_direction,_re-0-1778490701.9356225.mp4"
t2v,infinite_forcing,Infinite-Forcing,public,native,60s,"An_urban_storm_drain_canal,_recorded_by_a_static_tripod_camera._The_heavy_concrete_walls_and_immovab-0-1778491962.7543445.mp4",7554861,910b6c93d853f838,t2v_source_repo,"output/infinite_forcing/t2v_60s/An_urban_storm_drain_canal,_recorded_by_a_static_tripod_camera._The_heavy_concrete_walls_and_immovab-0-1778491962.7543445.mp4"
t2v,infinite_forcing,Infinite-Forcing,public,native,120s,"A_cinematic_wide_shot_of_a_serene_forest_river,_its_crystal-clear_water_flowing_gently_and_unendingl-0-1778564921.61839.mp4",15073440,f521006099df968f,t2v_source_repo,"output/infinite_forcing/t2v_120s/A_cinematic_wide_shot_of_a_serene_forest_river,_its_crystal-clear_water_flowing_gently_and_unendingl-0-1778564921.61839.mp4"
t2v,infinite_forcing,Infinite-Forcing,public,native,120s,"A_dangerous_hillside_storm,_recorded_by_a_static_tripod_camera._The_immovable_rocky_slopes_and_solid-0-1778566777.444324.mp4",14995306,977760aff43cb4cd,t2v_source_repo,"output/infinite_forcing/t2v_120s/A_dangerous_hillside_storm,_recorded_by_a_static_tripod_camera._The_immovable_rocky_slopes_and_solid-0-1778566777.444324.mp4"
t2v,infinite_forcing,Infinite-Forcing,public,native,120s,"A_dramatic_medium_shot_of_a_massive_mountain_waterfall,_deep_blue_water_crashing_and_splashing_viole-0-1778565307.462355.mp4",15518290,f34cfa490053c2bd,t2v_source_repo,"output/infinite_forcing/t2v_120s/A_dramatic_medium_shot_of_a_massive_mountain_waterfall,_deep_blue_water_crashing_and_splashing_viole-0-1778565307.462355.mp4"
t2v,infinite_forcing,Infinite-Forcing,public,native,120s,"A_rainy_urban_street_at_night,_recorded_by_a_fixed_tripod_camera._The_solid_concrete_buildings_and_m-0-1778566390.2850797.mp4",14624327,8c1a962a8ab2e17d,t2v_source_repo,"output/infinite_forcing/t2v_120s/A_rainy_urban_street_at_night,_recorded_by_a_fixed_tripod_camera._The_solid_concrete_buildings_and_m-0-1778566390.2850797.mp4"
t2v,infinite_forcing,Infinite-Forcing,public,native,120s,"A_tranquil_rural_canal_beside_a_heavy_stone_embankment,_recorded_by_a_completely_fixed,_static,_trip-0-1778566039.7342746.mp4",15194215,97b4d578754aef9b,t2v_source_repo,"output/infinite_forcing/t2v_120s/A_tranquil_rural_canal_beside_a_heavy_stone_embankment,_recorded_by_a_completely_fixed,_static,_trip-0-1778566039.7342746.mp4"
t2v,infinite_forcing,Infinite-Forcing,public,native,120s,An_alpine_meadow_below_snowline_featuring_a_broad_lowland_river_rushing_downstream_in_a_relentless_c-0-1778565679.2327313.mp4,15033626,e6abe96f41e216f0,t2v_source_repo,output/infinite_forcing/t2v_120s/An_alpine_meadow_below_snowline_featuring_a_broad_lowland_river_rushing_downstream_in_a_relentless_c-0-1778565679.2327313.mp4
t2v,infinite_forcing,Infinite-Forcing,public,native,240s,"A_South_Korean_urban_rainstorm,_recorded_by_a_fixed_tripod_camera._Rain_falls_continuously_onto_the_-0-1778662496.7373617.mp4",30120543,f2d098f7ba972a09,t2v_source_repo,"output/infinite_forcing/t2v_240s/A_South_Korean_urban_rainstorm,_recorded_by_a_fixed_tripod_camera._Rain_falls_continuously_onto_the_-0-1778662496.7373617.mp4"
t2v,infinite_forcing,Infinite-Forcing,public,native,240s,"A_massive_mountain_waterfall_crashing_continuously_into_a_misty_pool,_recorded_by_a_completely_fixed-0-1778661105.8106687.mp4",30915375,84c937daf709e9ea,t2v_source_repo,"output/infinite_forcing/t2v_240s/A_massive_mountain_waterfall_crashing_continuously_into_a_misty_pool,_recorded_by_a_completely_fixed-0-1778661105.8106687.mp4"
t2v,infinite_forcing,Infinite-Forcing,public,native,240s,"A_serene_forest_river,_its_clear_water_flowing_over_smooth_stones_without_pause_or_interruption,_rec-0-1778659019.6108046.mp4",30487527,37ace1f1a6b485cd,t2v_source_repo,"output/infinite_forcing/t2v_240s/A_serene_forest_river,_its_clear_water_flowing_over_smooth_stones_without_pause_or_interruption,_rec-0-1778659019.6108046.mp4"
t2v,infinite_forcing,Infinite-Forcing,public,native,240s,"A_violent_hillside_storm,_recorded_by_a_static_tripod_camera._Tall_trees_thrash_continuously_in_fier-0-1778664579.2387576.mp4",30694796,1ac876774ea921b6,t2v_source_repo,"output/infinite_forcing/t2v_240s/A_violent_hillside_storm,_recorded_by_a_static_tripod_camera._Tall_trees_thrash_continuously_in_fier-0-1778664579.2387576.mp4"
t2v,rolling_forcing,Rolling-Forcing,public,native,5s,"A_South_Korean_urban_street_at_night_during_rainfall,_recorded_by_a_completely_fixed,_static,_tripod-0-1778467454.6607857.mp4",720548,cffac04b3ba68e5e,t2v_source_repo,"output/rolling_forcing/t2v_5s/A_South_Korean_urban_street_at_night_during_rainfall,_recorded_by_a_completely_fixed,_static,_tripod-0-1778467454.6607857.mp4"
t2v,rolling_forcing,Rolling-Forcing,public,native,5s,"A_fast-moving_mountain_stream_cascading_over_smooth_rocks,_recorded_by_a_completely_fixed,_static,_t-0-1778467438.0754552.mp4",722191,8379bd8c97a0f41c,t2v_source_repo,"output/rolling_forcing/t2v_5s/A_fast-moving_mountain_stream_cascading_over_smooth_rocks,_recorded_by_a_completely_fixed,_static,_t-0-1778467438.0754552.mp4"
t2v,rolling_forcing,Rolling-Forcing,public,native,5s,"A_narrow_woodland_stream_winding_between_moss-covered_rocks,_recorded_by_a_completely_fixed,_static,-0-1778467388.0238152.mp4",774177,6aa53e1ea2590b98,t2v_source_repo,"output/rolling_forcing/t2v_5s/A_narrow_woodland_stream_winding_between_moss-covered_rocks,_recorded_by_a_completely_fixed,_static,-0-1778467388.0238152.mp4"
t2v,rolling_forcing,Rolling-Forcing,public,native,5s,"A_rural_fire_pit_beside_a_heavy_stone_wall,_recorded_by_a_completely_fixed,_static,_tripod-mounted_c-0-1778467421.0841343.mp4",744045,e8ff80e844576ba8,t2v_source_repo,"output/rolling_forcing/t2v_5s/A_rural_fire_pit_beside_a_heavy_stone_wall,_recorded_by_a_completely_fixed,_static,_tripod-mounted_c-0-1778467421.0841343.mp4"
t2v,rolling_forcing,Rolling-Forcing,public,native,5s,"A_sandy_ocean_shoreline_at_dusk,_recorded_by_a_completely_fixed,_static,_tripod-mounted_camera._The_-0-1778467404.5683496.mp4",727846,b94aa03143d3a9bc,t2v_source_repo,"output/rolling_forcing/t2v_5s/A_sandy_ocean_shoreline_at_dusk,_recorded_by_a_completely_fixed,_static,_tripod-mounted_camera._The_-0-1778467404.5683496.mp4"
t2v,rolling_forcing,Rolling-Forcing,public,native,5s,"A_tranquil_river_beneath_a_moss-covered_concrete_bridge,_recorded_by_a_completely_fixed,_static,_tri-0-1778467372.2356634.mp4",735296,ca2d35995148c434,t2v_source_repo,"output/rolling_forcing/t2v_5s/A_tranquil_river_beneath_a_moss-covered_concrete_bridge,_recorded_by_a_completely_fixed,_static,_tri-0-1778467372.2356634.mp4"
t2v,rolling_forcing,Rolling-Forcing,public,native,60s,"A_Himalayan_foothills_scene_featuring_a_tidal_channel_cascading_continuously_over_smooth_rocks,_reco-0-1778484725.4937825.mp4",7433099,b0446e13c7a01686,t2v_source_repo,"output/rolling_forcing/t2v_60s/A_Himalayan_foothills_scene_featuring_a_tidal_channel_cascading_continuously_over_smooth_rocks,_reco-0-1778484725.4937825.mp4"
t2v,rolling_forcing,Rolling-Forcing,public,native,60s,A_Norwegian_fjord_approach_scene_featuring_a_shallow_forest_creek_that_gushes_continuously_with_visi-0-1778484340.5190659.mp4,7331110,0df6bb7827f61df1,t2v_source_repo,output/rolling_forcing/t2v_60s/A_Norwegian_fjord_approach_scene_featuring_a_shallow_forest_creek_that_gushes_continuously_with_visi-0-1778484340.5190659.mp4
t2v,rolling_forcing,Rolling-Forcing,public,native,60s,A_Pacific_Northwest_old-growth_forest_scene_featuring_a_cascading_mountain_waterfall_gliding_swiftly-0-1778485658.5413225.mp4,7367861,36618fd018fcb74b,t2v_source_repo,output/rolling_forcing/t2v_60s/A_Pacific_Northwest_old-growth_forest_scene_featuring_a_cascading_mountain_waterfall_gliding_swiftly-0-1778485658.5413225.mp4
t2v,rolling_forcing,Rolling-Forcing,public,native,60s,"A_South_Korean_countryside_scene_featuring_a_wide_river_streaming_endlessly_in_one_direction,_record-0-1778485471.611496.mp4",7337583,dc2fc005e17d7ae3,t2v_source_repo,"output/rolling_forcing/t2v_60s/A_South_Korean_countryside_scene_featuring_a_wide_river_streaming_endlessly_in_one_direction,_record-0-1778485471.611496.mp4"
t2v,rolling_forcing,Rolling-Forcing,public,native,60s,"A_beautiful_South_Korean_empty_sea_beach_scene,_recorded_by_a_completely_fixed,_static,_tripod-mount-0-1778483962.7688594.mp4",7732001,1f25cb18b57ed7a7,t2v_source_repo,"output/rolling_forcing/t2v_60s/A_beautiful_South_Korean_empty_sea_beach_scene,_recorded_by_a_completely_fixed,_static,_tripod-mount-0-1778483962.7688594.mp4"
t2v,rolling_forcing,Rolling-Forcing,public,native,60s,"A_beautiful_rural_South_Korean_street_food_shop_scene,_recorded_by_a_completely_fixed,_static,_tripo-0-1778486595.9253771.mp4",7522548,712c3cac6ccd2034,t2v_source_repo,"output/rolling_forcing/t2v_60s/A_beautiful_rural_South_Korean_street_food_shop_scene,_recorded_by_a_completely_fixed,_static,_tripo-0-1778486595.9253771.mp4"
t2v,rolling_forcing,Rolling-Forcing,public,native,60s,"A_completely_fixed,_tripod-mounted_camera_captures_a_flooded_urban_street_in_Goyang-si,_Wondang,_Sou-0-1778486044.7989678.mp4",7597848,9bf41046b0f21f3b,t2v_source_repo,"output/rolling_forcing/t2v_60s/A_completely_fixed,_tripod-mounted_camera_captures_a_flooded_urban_street_in_Goyang-si,_Wondang,_Sou-0-1778486044.7989678.mp4"
t2v,rolling_forcing,Rolling-Forcing,public,native,60s,"A_continuous_South_Korean_rainy_city_street_scene,_recorded_by_a_completely_fixed,_static,_tripod-mo-0-1778486785.0512064.mp4",7345650,59b62f4b2eb5ba99,t2v_source_repo,"output/rolling_forcing/t2v_60s/A_continuous_South_Korean_rainy_city_street_scene,_recorded_by_a_completely_fixed,_static,_tripod-mo-0-1778486785.0512064.mp4"
t2v,rolling_forcing,Rolling-Forcing,public,native,60s,"A_continuous_South_Korean_urban_town_street_scene_during_snowfall,_recorded_by_a_completely_fixed,_s-0-1778487154.999676.mp4",7732902,dbc9bbe248ecc664,t2v_source_repo,"output/rolling_forcing/t2v_60s/A_continuous_South_Korean_urban_town_street_scene_during_snowfall,_recorded_by_a_completely_fixed,_s-0-1778487154.999676.mp4"
t2v,rolling_forcing,Rolling-Forcing,public,native,60s,"A_continuous_urban_fire_scene,_recorded_by_a_completely_fixed,_static,_tripod-mounted_camera._The_ca-0-1778486412.5729723.mp4",7753604,1dcd40500b564132,t2v_source_repo,"output/rolling_forcing/t2v_60s/A_continuous_urban_fire_scene,_recorded_by_a_completely_fixed,_static,_tripod-mounted_camera._The_ca-0-1778486412.5729723.mp4"
t2v,rolling_forcing,Rolling-Forcing,public,native,60s,"A_dangerous_South_Korean_hilly_forest_storm_scene,_recorded_by_a_completely_fixed,_static,_tripod-mo-0-1778487336.5663354.mp4",8066136,383eb8a9d65dc31c,t2v_source_repo,"output/rolling_forcing/t2v_60s/A_dangerous_South_Korean_hilly_forest_storm_scene,_recorded_by_a_completely_fixed,_static,_tripod-mo-0-1778487336.5663354.mp4"
t2v,rolling_forcing,Rolling-Forcing,public,native,60s,"A_dangerous_rural_South_Korean_river_scene_at_night,_recorded_by_a_completely_fixed,_static,_tripod--0-1778487512.2787.mp4",7339608,e9e0e4b20a6173da,t2v_source_repo,"output/rolling_forcing/t2v_60s/A_dangerous_rural_South_Korean_river_scene_at_night,_recorded_by_a_completely_fixed,_static,_tripod--0-1778487512.2787.mp4"
t2v,rolling_forcing,Rolling-Forcing,public,native,60s,"A_high_desert_canyon_scene_featuring_a_wide_river_sweeping_forward_carrying_foam_and_debris,_recorde-0-1778485283.7037146.mp4",7467323,4c727c0e8d13ff88,t2v_source_repo,"output/rolling_forcing/t2v_60s/A_high_desert_canyon_scene_featuring_a_wide_river_sweeping_forward_carrying_foam_and_debris,_recorde-0-1778485283.7037146.mp4"
t2v,rolling_forcing,Rolling-Forcing,public,native,60s,"A_serene_woodland_stream_scene,_recorded_by_a_completely_fixed,_static,_tripod-mounted_camera._The_c-0-1778483781.708014.mp4",7886579,fdd9f5517a5865b4,t2v_source_repo,"output/rolling_forcing/t2v_60s/A_serene_woodland_stream_scene,_recorded_by_a_completely_fixed,_static,_tripod-mounted_camera._The_c-0-1778483781.708014.mp4"
t2v,rolling_forcing,Rolling-Forcing,public,native,60s,"A_storm-swollen_rural_stream,_recorded_by_a_fixed_tripod_camera._The_solid_paved_road_and_motionless-0-1778486227.4925954.mp4",7700986,567cbe25dfb9aff4,t2v_source_repo,"output/rolling_forcing/t2v_60s/A_storm-swollen_rural_stream,_recorded_by_a_fixed_tripod_camera._The_solid_paved_road_and_motionless-0-1778486227.4925954.mp4"
t2v,rolling_forcing,Rolling-Forcing,public,native,60s,"A_stormy_sea_cliff_in_South_Korea,_recorded_by_a_static_tripod_camera._The_heavy_stone_cliffs_and_im-0-1778487688.5241594.mp4",7936822,ea9191ff6b71ca47,t2v_source_repo,"output/rolling_forcing/t2v_60s/A_stormy_sea_cliff_in_South_Korea,_recorded_by_a_static_tripod_camera._The_heavy_stone_cliffs_and_im-0-1778487688.5241594.mp4"
t2v,rolling_forcing,Rolling-Forcing,public,native,60s,"A_stunning_South_Korean_urban_neighborhood_park_scene_during_cherry_blossom_season,_recorded_by_a_co-0-1778486977.8685033.mp4",7819655,07c43bb0b0296bcc,t2v_source_repo,"output/rolling_forcing/t2v_60s/A_stunning_South_Korean_urban_neighborhood_park_scene_during_cherry_blossom_season,_recorded_by_a_co-0-1778486977.8685033.mp4"
t2v,rolling_forcing,Rolling-Forcing,public,native,60s,"A_stunning_tranquil_river_scene_beneath_a_concrete_bridge,_recorded_by_a_completely_fixed,_static,_t-0-1778482621.9624677.mp4",7413111,6153ea2c1fd93d32,t2v_source_repo,"output/rolling_forcing/t2v_60s/A_stunning_tranquil_river_scene_beneath_a_concrete_bridge,_recorded_by_a_completely_fixed,_static,_t-0-1778482621.9624677.mp4"
t2v,rolling_forcing,Rolling-Forcing,public,native,60s,"A_stunning_tranquil_river_scene_beneath_a_concrete_bridge,_recorded_by_a_completely_fixed,_static,_t-0-1778483591.9565535.mp4",7413111,6153ea2c1fd93d32,t2v_source_repo,"output/rolling_forcing/t2v_60s/A_stunning_tranquil_river_scene_beneath_a_concrete_bridge,_recorded_by_a_completely_fixed,_static,_t-0-1778483591.9565535.mp4"
t2v,rolling_forcing,Rolling-Forcing,public,native,60s,"A_tranquil_mountain_stream_in_a_rural_South_Korean_valley,_recorded_by_a_completely_fixed,_static,_t-0-1778484155.8710957.mp4",7180253,78e6c99969efa785,t2v_source_repo,"output/rolling_forcing/t2v_60s/A_tranquil_mountain_stream_in_a_rural_South_Korean_valley,_recorded_by_a_completely_fixed,_static,_t-0-1778484155.8710957.mp4"
t2v,rolling_forcing,Rolling-Forcing,public,native,60s,"A_tropical_jungle_clearing_featuring_a_broad_lowland_river_coursing_powerfully_through_the_channel,_-0-1778485105.1514893.mp4",7362713,e7a3a3ef70059b23,t2v_source_repo,"output/rolling_forcing/t2v_60s/A_tropical_jungle_clearing_featuring_a_broad_lowland_river_coursing_powerfully_through_the_channel,_-0-1778485105.1514893.mp4"
t2v,rolling_forcing,Rolling-Forcing,public,native,60s,"An_alpine_meadow_below_snowline_featuring_a_multi-tiered_waterfall_gliding_swiftly_with_dark,_deep_c-0-1778484917.470632.mp4",7586246,62ed98ae61dbd694,t2v_source_repo,"output/rolling_forcing/t2v_60s/An_alpine_meadow_below_snowline_featuring_a_multi-tiered_waterfall_gliding_swiftly_with_dark,_deep_c-0-1778484917.470632.mp4"
t2v,rolling_forcing,Rolling-Forcing,public,native,60s,"An_ancient_stone_city_waterway_featuring_fast-moving_rapids_streaming_endlessly_in_one_direction,_re-0-1778484535.0019863.mp4",7073190,f977a813b31e4dbe,t2v_source_repo,"output/rolling_forcing/t2v_60s/An_ancient_stone_city_waterway_featuring_fast-moving_rapids_streaming_endlessly_in_one_direction,_re-0-1778484535.0019863.mp4"
t2v,rolling_forcing,Rolling-Forcing,public,native,60s,"An_urban_storm_drain_canal,_recorded_by_a_static_tripod_camera._The_heavy_concrete_walls_and_immovab-0-1778485847.4605904.mp4",7698026,ca51762d2de7cc13,t2v_source_repo,"output/rolling_forcing/t2v_60s/An_urban_storm_drain_canal,_recorded_by_a_static_tripod_camera._The_heavy_concrete_walls_and_immovab-0-1778485847.4605904.mp4"
t2v,rolling_forcing,Rolling-Forcing,public,native,120s,"A_cinematic_wide_shot_of_a_serene_forest_river,_its_crystal-clear_water_flowing_gently_and_unendingl-0-1778561046.0154765.mp4",15632447,ab1f0d3fb4643672,t2v_source_repo,"output/rolling_forcing/t2v_120s/A_cinematic_wide_shot_of_a_serene_forest_river,_its_crystal-clear_water_flowing_gently_and_unendingl-0-1778561046.0154765.mp4"
t2v,rolling_forcing,Rolling-Forcing,public,native,120s,"A_dangerous_hillside_storm,_recorded_by_a_static_tripod_camera._The_immovable_rocky_slopes_and_solid-0-1778562925.746625.mp4",14931239,c7bf45f5c312d99e,t2v_source_repo,"output/rolling_forcing/t2v_120s/A_dangerous_hillside_storm,_recorded_by_a_static_tripod_camera._The_immovable_rocky_slopes_and_solid-0-1778562925.746625.mp4"
t2v,rolling_forcing,Rolling-Forcing,public,native,120s,"A_dramatic_medium_shot_of_a_massive_mountain_waterfall,_deep_blue_water_crashing_and_splashing_viole-0-1778561418.4731233.mp4",15302225,1d695b562fe1126d,t2v_source_repo,"output/rolling_forcing/t2v_120s/A_dramatic_medium_shot_of_a_massive_mountain_waterfall,_deep_blue_water_crashing_and_splashing_viole-0-1778561418.4731233.mp4"
t2v,rolling_forcing,Rolling-Forcing,public,native,120s,"A_rainy_urban_street_at_night,_recorded_by_a_fixed_tripod_camera._The_solid_concrete_buildings_and_m-0-1778562537.789741.mp4",15255703,430880c1902235d4,t2v_source_repo,"output/rolling_forcing/t2v_120s/A_rainy_urban_street_at_night,_recorded_by_a_fixed_tripod_camera._The_solid_concrete_buildings_and_m-0-1778562537.789741.mp4"
t2v,rolling_forcing,Rolling-Forcing,public,native,120s,"A_tranquil_rural_canal_beside_a_heavy_stone_embankment,_recorded_by_a_completely_fixed,_static,_trip-0-1778562178.3323948.mp4",15062981,fdbdbe206b219f98,t2v_source_repo,"output/rolling_forcing/t2v_120s/A_tranquil_rural_canal_beside_a_heavy_stone_embankment,_recorded_by_a_completely_fixed,_static,_trip-0-1778562178.3323948.mp4"
t2v,rolling_forcing,Rolling-Forcing,public,native,120s,An_alpine_meadow_below_snowline_featuring_a_broad_lowland_river_rushing_downstream_in_a_relentless_c-0-1778561797.736294.mp4,14498570,2f4be74a2cea2bc5,t2v_source_repo,output/rolling_forcing/t2v_120s/An_alpine_meadow_below_snowline_featuring_a_broad_lowland_river_rushing_downstream_in_a_relentless_c-0-1778561797.736294.mp4
t2v,rolling_forcing,Rolling-Forcing,public,native,240s,"A_South_Korean_urban_rainstorm,_recorded_by_a_fixed_tripod_camera._Rain_falls_continuously_onto_the_-0-1778654982.0609283.mp4",30714675,0534b25dad7dc3c6,t2v_source_repo,"output/rolling_forcing/t2v_240s/A_South_Korean_urban_rainstorm,_recorded_by_a_fixed_tripod_camera._Rain_falls_continuously_onto_the_-0-1778654982.0609283.mp4"
t2v,rolling_forcing,Rolling-Forcing,public,native,240s,"A_massive_mountain_waterfall_crashing_continuously_into_a_misty_pool,_recorded_by_a_completely_fixed-0-1778653578.622061.mp4",30543347,98192cafe81c9aca,t2v_source_repo,"output/rolling_forcing/t2v_240s/A_massive_mountain_waterfall_crashing_continuously_into_a_misty_pool,_recorded_by_a_completely_fixed-0-1778653578.622061.mp4"
t2v,rolling_forcing,Rolling-Forcing,public,native,240s,"A_serene_forest_river,_its_clear_water_flowing_over_smooth_stones_without_pause_or_interruption,_rec-0-1778652003.9856644.mp4",30384572,a032cfc6c6b7c299,t2v_source_repo,"output/rolling_forcing/t2v_240s/A_serene_forest_river,_its_clear_water_flowing_over_smooth_stones_without_pause_or_interruption,_rec-0-1778652003.9856644.mp4"
t2v,rolling_forcing,Rolling-Forcing,public,native,240s,"A_violent_hillside_storm,_recorded_by_a_static_tripod_camera._Tall_trees_thrash_continuously_in_fier-0-1778656337.073077.mp4",30201255,6f76e26bbda16981,t2v_source_repo,"output/rolling_forcing/t2v_240s/A_violent_hillside_storm,_recorded_by_a_static_tripod_camera._Tall_trees_thrash_continuously_in_fier-0-1778656337.073077.mp4"
t2v,reward_forcing,Reward-Forcing,public,native,5s,"A_South_Korean_urban_street_at_night_during_rainfall,_recorded_by_a_completely_fixed,_static,_tripod-0-1778468081.7932053.mp4",739452,b3253ab2f6e1fec2,t2v_source_repo,"output/reward_forcing/t2v_5s/A_South_Korean_urban_street_at_night_during_rainfall,_recorded_by_a_completely_fixed,_static,_tripod-0-1778468081.7932053.mp4"
t2v,reward_forcing,Reward-Forcing,public,native,5s,"A_South_Korean_urban_street_at_night_during_rainfall,_recorded_by_a_completely_fixed,_static,_tripod-0-1778468740.4054143.mp4",739452,b3253ab2f6e1fec2,t2v_source_repo,"output/reward_forcing/t2v_5s/A_South_Korean_urban_street_at_night_during_rainfall,_recorded_by_a_completely_fixed,_static,_tripod-0-1778468740.4054143.mp4"
t2v,reward_forcing,Reward-Forcing,public,native,5s,"A_fast-moving_mountain_stream_cascading_over_smooth_rocks,_recorded_by_a_completely_fixed,_static,_t-0-1778468065.8737335.mp4",705520,f1d7718fb0f12995,t2v_source_repo,"output/reward_forcing/t2v_5s/A_fast-moving_mountain_stream_cascading_over_smooth_rocks,_recorded_by_a_completely_fixed,_static,_t-0-1778468065.8737335.mp4"
t2v,reward_forcing,Reward-Forcing,public,native,5s,"A_fast-moving_mountain_stream_cascading_over_smooth_rocks,_recorded_by_a_completely_fixed,_static,_t-0-1778468724.3722596.mp4",705520,f1d7718fb0f12995,t2v_source_repo,"output/reward_forcing/t2v_5s/A_fast-moving_mountain_stream_cascading_over_smooth_rocks,_recorded_by_a_completely_fixed,_static,_t-0-1778468724.3722596.mp4"
t2v,reward_forcing,Reward-Forcing,public,native,5s,"A_narrow_woodland_stream_winding_between_moss-covered_rocks,_recorded_by_a_completely_fixed,_static,-0-1778468016.0111153.mp4",749243,54222e5eb2d8007d,t2v_source_repo,"output/reward_forcing/t2v_5s/A_narrow_woodland_stream_winding_between_moss-covered_rocks,_recorded_by_a_completely_fixed,_static,-0-1778468016.0111153.mp4"
t2v,reward_forcing,Reward-Forcing,public,native,5s,"A_narrow_woodland_stream_winding_between_moss-covered_rocks,_recorded_by_a_completely_fixed,_static,-0-1778468676.9367714.mp4",749243,54222e5eb2d8007d,t2v_source_repo,"output/reward_forcing/t2v_5s/A_narrow_woodland_stream_winding_between_moss-covered_rocks,_recorded_by_a_completely_fixed,_static,-0-1778468676.9367714.mp4"
t2v,reward_forcing,Reward-Forcing,public,native,5s,"A_rural_fire_pit_beside_a_heavy_stone_wall,_recorded_by_a_completely_fixed,_static,_tripod-mounted_c-0-1778468047.6596823.mp4",694508,7e0bde39525d748b,t2v_source_repo,"output/reward_forcing/t2v_5s/A_rural_fire_pit_beside_a_heavy_stone_wall,_recorded_by_a_completely_fixed,_static,_tripod-mounted_c-0-1778468047.6596823.mp4"
t2v,reward_forcing,Reward-Forcing,public,native,5s,"A_rural_fire_pit_beside_a_heavy_stone_wall,_recorded_by_a_completely_fixed,_static,_tripod-mounted_c-0-1778468708.565814.mp4",694508,7e0bde39525d748b,t2v_source_repo,"output/reward_forcing/t2v_5s/A_rural_fire_pit_beside_a_heavy_stone_wall,_recorded_by_a_completely_fixed,_static,_tripod-mounted_c-0-1778468708.565814.mp4"
t2v,reward_forcing,Reward-Forcing,public,native,5s,"A_sandy_ocean_shoreline_at_dusk,_recorded_by_a_completely_fixed,_static,_tripod-mounted_camera._The_-0-1778468031.7864928.mp4",689021,565b10ce011fe931,t2v_source_repo,"output/reward_forcing/t2v_5s/A_sandy_ocean_shoreline_at_dusk,_recorded_by_a_completely_fixed,_static,_tripod-mounted_camera._The_-0-1778468031.7864928.mp4"
t2v,reward_forcing,Reward-Forcing,public,native,5s,"A_sandy_ocean_shoreline_at_dusk,_recorded_by_a_completely_fixed,_static,_tripod-mounted_camera._The_-0-1778468692.7574134.mp4",689021,565b10ce011fe931,t2v_source_repo,"output/reward_forcing/t2v_5s/A_sandy_ocean_shoreline_at_dusk,_recorded_by_a_completely_fixed,_static,_tripod-mounted_camera._The_-0-1778468692.7574134.mp4"
t2v,reward_forcing,Reward-Forcing,public,native,5s,"A_tranquil_river_beneath_a_moss-covered_concrete_bridge,_recorded_by_a_completely_fixed,_static,_tri-0-1778467998.6892147.mp4",737504,879c593fe0a351df,t2v_source_repo,"output/reward_forcing/t2v_5s/A_tranquil_river_beneath_a_moss-covered_concrete_bridge,_recorded_by_a_completely_fixed,_static,_tri-0-1778467998.6892147.mp4"
t2v,reward_forcing,Reward-Forcing,public,native,5s,"A_tranquil_river_beneath_a_moss-covered_concrete_bridge,_recorded_by_a_completely_fixed,_static,_tri-0-1778468661.3109248.mp4",737504,879c593fe0a351df,t2v_source_repo,"output/reward_forcing/t2v_5s/A_tranquil_river_beneath_a_moss-covered_concrete_bridge,_recorded_by_a_completely_fixed,_static,_tri-0-1778468661.3109248.mp4"
t2v,reward_forcing,Reward-Forcing,public,native,60s,"A_Himalayan_foothills_scene_featuring_a_tidal_channel_cascading_continuously_over_smooth_rocks,_reco-0-1778483939.0171502.mp4",7749542,6259c610df510386,t2v_source_repo,"output/reward_forcing/t2v_60s/A_Himalayan_foothills_scene_featuring_a_tidal_channel_cascading_continuously_over_smooth_rocks,_reco-0-1778483939.0171502.mp4"
t2v,reward_forcing,Reward-Forcing,public,native,60s,A_Norwegian_fjord_approach_scene_featuring_a_shallow_forest_creek_that_gushes_continuously_with_visi-0-1778483564.992769.mp4,8028356,2c9b8d7e7cd5cf17,t2v_source_repo,output/reward_forcing/t2v_60s/A_Norwegian_fjord_approach_scene_featuring_a_shallow_forest_creek_that_gushes_continuously_with_visi-0-1778483564.992769.mp4
t2v,reward_forcing,Reward-Forcing,public,native,60s,A_Pacific_Northwest_old-growth_forest_scene_featuring_a_cascading_mountain_waterfall_gliding_swiftly-0-1778484849.3252702.mp4,7397856,b56ff5d29aa5ca83,t2v_source_repo,output/reward_forcing/t2v_60s/A_Pacific_Northwest_old-growth_forest_scene_featuring_a_cascading_mountain_waterfall_gliding_swiftly-0-1778484849.3252702.mp4
t2v,reward_forcing,Reward-Forcing,public,native,60s,"A_South_Korean_countryside_scene_featuring_a_wide_river_streaming_endlessly_in_one_direction,_record-0-1778484661.7786894.mp4",8037587,dfa03d75523f5c27,t2v_source_repo,"output/reward_forcing/t2v_60s/A_South_Korean_countryside_scene_featuring_a_wide_river_streaming_endlessly_in_one_direction,_record-0-1778484661.7786894.mp4"
t2v,reward_forcing,Reward-Forcing,public,native,60s,"A_beautiful_South_Korean_empty_sea_beach_scene,_recorded_by_a_completely_fixed,_static,_tripod-mount-0-1778483190.157294.mp4",7828165,69c0f2d14a0b48ae,t2v_source_repo,"output/reward_forcing/t2v_60s/A_beautiful_South_Korean_empty_sea_beach_scene,_recorded_by_a_completely_fixed,_static,_tripod-mount-0-1778483190.157294.mp4"
t2v,reward_forcing,Reward-Forcing,public,native,60s,"A_beautiful_rural_South_Korean_street_food_shop_scene,_recorded_by_a_completely_fixed,_static,_tripo-0-1778485779.898425.mp4",7468759,16b6139913cfc751,t2v_source_repo,"output/reward_forcing/t2v_60s/A_beautiful_rural_South_Korean_street_food_shop_scene,_recorded_by_a_completely_fixed,_static,_tripo-0-1778485779.898425.mp4"
t2v,reward_forcing,Reward-Forcing,public,native,60s,"A_completely_fixed,_tripod-mounted_camera_captures_a_flooded_urban_street_in_Goyang-si,_Wondang,_Sou-0-1778485222.4403622.mp4",7699607,fa12a49f6046e8ac,t2v_source_repo,"output/reward_forcing/t2v_60s/A_completely_fixed,_tripod-mounted_camera_captures_a_flooded_urban_street_in_Goyang-si,_Wondang,_Sou-0-1778485222.4403622.mp4"
t2v,reward_forcing,Reward-Forcing,public,native,60s,"A_continuous_South_Korean_rainy_city_street_scene,_recorded_by_a_completely_fixed,_static,_tripod-mo-0-1778485958.542869.mp4",7654594,9307eb41915f0c8a,t2v_source_repo,"output/reward_forcing/t2v_60s/A_continuous_South_Korean_rainy_city_street_scene,_recorded_by_a_completely_fixed,_static,_tripod-mo-0-1778485958.542869.mp4"
t2v,reward_forcing,Reward-Forcing,public,native,60s,"A_continuous_South_Korean_urban_town_street_scene_during_snowfall,_recorded_by_a_completely_fixed,_s-0-1778486342.0977316.mp4",7646740,bf2c16d2431cdaf4,t2v_source_repo,"output/reward_forcing/t2v_60s/A_continuous_South_Korean_urban_town_street_scene_during_snowfall,_recorded_by_a_completely_fixed,_s-0-1778486342.0977316.mp4"
t2v,reward_forcing,Reward-Forcing,public,native,60s,"A_continuous_urban_fire_scene,_recorded_by_a_completely_fixed,_static,_tripod-mounted_camera._The_ca-0-1778485593.3746624.mp4",7500914,6e0afd31a50e81f4,t2v_source_repo,"output/reward_forcing/t2v_60s/A_continuous_urban_fire_scene,_recorded_by_a_completely_fixed,_static,_tripod-mounted_camera._The_ca-0-1778485593.3746624.mp4"
t2v,reward_forcing,Reward-Forcing,public,native,60s,"A_dangerous_South_Korean_hilly_forest_storm_scene,_recorded_by_a_completely_fixed,_static,_tripod-mo-0-1778486529.6397474.mp4",7644635,6837f9a7605b5d6d,t2v_source_repo,"output/reward_forcing/t2v_60s/A_dangerous_South_Korean_hilly_forest_storm_scene,_recorded_by_a_completely_fixed,_static,_tripod-mo-0-1778486529.6397474.mp4"
t2v,reward_forcing,Reward-Forcing,public,native,60s,"A_dangerous_rural_South_Korean_river_scene_at_night,_recorded_by_a_completely_fixed,_static,_tripod--0-1778486721.4285407.mp4",7622302,3c5532d91de9c5c5,t2v_source_repo,"output/reward_forcing/t2v_60s/A_dangerous_rural_South_Korean_river_scene_at_night,_recorded_by_a_completely_fixed,_static,_tripod--0-1778486721.4285407.mp4"
t2v,reward_forcing,Reward-Forcing,public,native,60s,"A_high_desert_canyon_scene_featuring_a_wide_river_sweeping_forward_carrying_foam_and_debris,_recorde-0-1778484475.8056576.mp4",7158599,33dfbf612b80fb21,t2v_source_repo,"output/reward_forcing/t2v_60s/A_high_desert_canyon_scene_featuring_a_wide_river_sweeping_forward_carrying_foam_and_debris,_recorde-0-1778484475.8056576.mp4"
t2v,reward_forcing,Reward-Forcing,public,native,60s,"A_serene_woodland_stream_scene,_recorded_by_a_completely_fixed,_static,_tripod-mounted_camera._The_c-0-1778483016.6658924.mp4",7355493,2674c370603fecba,t2v_source_repo,"output/reward_forcing/t2v_60s/A_serene_woodland_stream_scene,_recorded_by_a_completely_fixed,_static,_tripod-mounted_camera._The_c-0-1778483016.6658924.mp4"
t2v,reward_forcing,Reward-Forcing,public,native,60s,"A_storm-swollen_rural_stream,_recorded_by_a_fixed_tripod_camera._The_solid_paved_road_and_motionless-0-1778485413.403893.mp4",7349754,be93a5325e187063,t2v_source_repo,"output/reward_forcing/t2v_60s/A_storm-swollen_rural_stream,_recorded_by_a_fixed_tripod_camera._The_solid_paved_road_and_motionless-0-1778485413.403893.mp4"
t2v,reward_forcing,Reward-Forcing,public,native,60s,"A_stormy_sea_cliff_in_South_Korea,_recorded_by_a_static_tripod_camera._The_heavy_stone_cliffs_and_im-0-1778486906.667865.mp4",7664006,b53074d8e91b6b0a,t2v_source_repo,"output/reward_forcing/t2v_60s/A_stormy_sea_cliff_in_South_Korea,_recorded_by_a_static_tripod_camera._The_heavy_stone_cliffs_and_im-0-1778486906.667865.mp4"
t2v,reward_forcing,Reward-Forcing,public,native,60s,"A_stunning_South_Korean_urban_neighborhood_park_scene_during_cherry_blossom_season,_recorded_by_a_co-0-1778486146.2657468.mp4",7978242,41a590648a96a263,t2v_source_repo,"output/reward_forcing/t2v_60s/A_stunning_South_Korean_urban_neighborhood_park_scene_during_cherry_blossom_season,_recorded_by_a_co-0-1778486146.2657468.mp4"
t2v,reward_forcing,Reward-Forcing,public,native,60s,"A_stunning_tranquil_river_scene_beneath_a_concrete_bridge,_recorded_by_a_completely_fixed,_static,_t-0-1778482631.269619.mp4",7331959,cd8f673b17bcd2d9,t2v_source_repo,"output/reward_forcing/t2v_60s/A_stunning_tranquil_river_scene_beneath_a_concrete_bridge,_recorded_by_a_completely_fixed,_static,_t-0-1778482631.269619.mp4"
t2v,reward_forcing,Reward-Forcing,public,native,60s,"A_tranquil_mountain_stream_in_a_rural_South_Korean_valley,_recorded_by_a_completely_fixed,_static,_t-0-1778483377.5139186.mp4",7485186,5018b74b261a7515,t2v_source_repo,"output/reward_forcing/t2v_60s/A_tranquil_mountain_stream_in_a_rural_South_Korean_valley,_recorded_by_a_completely_fixed,_static,_t-0-1778483377.5139186.mp4"
t2v,reward_forcing,Reward-Forcing,public,native,60s,"A_tropical_jungle_clearing_featuring_a_broad_lowland_river_coursing_powerfully_through_the_channel,_-0-1778484292.915968.mp4",7681103,aa5b7d6c3cc8c384,t2v_source_repo,"output/reward_forcing/t2v_60s/A_tropical_jungle_clearing_featuring_a_broad_lowland_river_coursing_powerfully_through_the_channel,_-0-1778484292.915968.mp4"
t2v,reward_forcing,Reward-Forcing,public,native,60s,"An_alpine_meadow_below_snowline_featuring_a_multi-tiered_waterfall_gliding_swiftly_with_dark,_deep_c-0-1778484115.9466593.mp4",7495483,5419ab4b944997c2,t2v_source_repo,"output/reward_forcing/t2v_60s/An_alpine_meadow_below_snowline_featuring_a_multi-tiered_waterfall_gliding_swiftly_with_dark,_deep_c-0-1778484115.9466593.mp4"
t2v,reward_forcing,Reward-Forcing,public,native,60s,"An_ancient_stone_city_waterway_featuring_fast-moving_rapids_streaming_endlessly_in_one_direction,_re-0-1778483749.3887568.mp4",7751285,559e99407efb792f,t2v_source_repo,"output/reward_forcing/t2v_60s/An_ancient_stone_city_waterway_featuring_fast-moving_rapids_streaming_endlessly_in_one_direction,_re-0-1778483749.3887568.mp4"
t2v,reward_forcing,Reward-Forcing,public,native,60s,"An_urban_storm_drain_canal,_recorded_by_a_static_tripod_camera._The_heavy_concrete_walls_and_immovab-0-1778485036.7389338.mp4",7718818,f9077b4eed9f8055,t2v_source_repo,"output/reward_forcing/t2v_60s/An_urban_storm_drain_canal,_recorded_by_a_static_tripod_camera._The_heavy_concrete_walls_and_immovab-0-1778485036.7389338.mp4"
t2v,reward_forcing,Reward-Forcing,public,native,120s,"A_cinematic_wide_shot_of_a_serene_forest_river,_its_crystal-clear_water_flowing_gently_and_unendingl-0-1778561342.158122.mp4",15141584,084db150bd36ca78,t2v_source_repo,"output/reward_forcing/t2v_120s/A_cinematic_wide_shot_of_a_serene_forest_river,_its_crystal-clear_water_flowing_gently_and_unendingl-0-1778561342.158122.mp4"
t2v,reward_forcing,Reward-Forcing,public,native,120s,"A_dangerous_hillside_storm,_recorded_by_a_static_tripod_camera._The_immovable_rocky_slopes_and_solid-0-1778563206.2126257.mp4",15615857,c2cf66f87fa06dc1,t2v_source_repo,"output/reward_forcing/t2v_120s/A_dangerous_hillside_storm,_recorded_by_a_static_tripod_camera._The_immovable_rocky_slopes_and_solid-0-1778563206.2126257.mp4"
t2v,reward_forcing,Reward-Forcing,public,native,120s,"A_dramatic_medium_shot_of_a_massive_mountain_waterfall,_deep_blue_water_crashing_and_splashing_viole-0-1778561720.8064468.mp4",15605009,0a0efef85913722d,t2v_source_repo,"output/reward_forcing/t2v_120s/A_dramatic_medium_shot_of_a_massive_mountain_waterfall,_deep_blue_water_crashing_and_splashing_viole-0-1778561720.8064468.mp4"
t2v,reward_forcing,Reward-Forcing,public,native,120s,"A_rainy_urban_street_at_night,_recorded_by_a_fixed_tripod_camera._The_solid_concrete_buildings_and_m-0-1778562822.3637352.mp4",15201729,b3399a4c670b447d,t2v_source_repo,"output/reward_forcing/t2v_120s/A_rainy_urban_street_at_night,_recorded_by_a_fixed_tripod_camera._The_solid_concrete_buildings_and_m-0-1778562822.3637352.mp4"
t2v,reward_forcing,Reward-Forcing,public,native,120s,"A_tranquil_rural_canal_beside_a_heavy_stone_embankment,_recorded_by_a_completely_fixed,_static,_trip-0-1778562456.6779256.mp4",14661094,00cdbb401a16b474,t2v_source_repo,"output/reward_forcing/t2v_120s/A_tranquil_rural_canal_beside_a_heavy_stone_embankment,_recorded_by_a_completely_fixed,_static,_trip-0-1778562456.6779256.mp4"
t2v,reward_forcing,Reward-Forcing,public,native,120s,An_alpine_meadow_below_snowline_featuring_a_broad_lowland_river_rushing_downstream_in_a_relentless_c-0-1778562089.5645854.mp4,15535828,8b49cf352fc645eb,t2v_source_repo,output/reward_forcing/t2v_120s/An_alpine_meadow_below_snowline_featuring_a_broad_lowland_river_rushing_downstream_in_a_relentless_c-0-1778562089.5645854.mp4
t2v,reward_forcing,Reward-Forcing,public,native,240s,"A_South_Korean_urban_rainstorm,_recorded_by_a_fixed_tripod_camera._Rain_falls_continuously_onto_the_-0-1778654975.1550417.mp4",31116370,0f6d49eeed83541f,t2v_source_repo,"output/reward_forcing/t2v_240s/A_South_Korean_urban_rainstorm,_recorded_by_a_fixed_tripod_camera._Rain_falls_continuously_onto_the_-0-1778654975.1550417.mp4"
t2v,reward_forcing,Reward-Forcing,public,native,240s,"A_massive_mountain_waterfall_crashing_continuously_into_a_misty_pool,_recorded_by_a_completely_fixed-0-1778653581.649672.mp4",30627937,58fba24c26af4763,t2v_source_repo,"output/reward_forcing/t2v_240s/A_massive_mountain_waterfall_crashing_continuously_into_a_misty_pool,_recorded_by_a_completely_fixed-0-1778653581.649672.mp4"
t2v,reward_forcing,Reward-Forcing,public,native,240s,"A_serene_forest_river,_its_clear_water_flowing_over_smooth_stones_without_pause_or_interruption,_rec-0-1778652157.9483786.mp4",30517818,659e35f8b42e4185,t2v_source_repo,"output/reward_forcing/t2v_240s/A_serene_forest_river,_its_clear_water_flowing_over_smooth_stones_without_pause_or_interruption,_rec-0-1778652157.9483786.mp4"
t2v,reward_forcing,Reward-Forcing,public,native,240s,"A_violent_hillside_storm,_recorded_by_a_static_tripod_camera._Tall_trees_thrash_continuously_in_fier-0-1778656321.6794593.mp4",30929251,d1ce96da920b64bf,t2v_source_repo,"output/reward_forcing/t2v_240s/A_violent_hillside_storm,_recorded_by_a_static_tripod_camera._Tall_trees_thrash_continuously_in_fier-0-1778656321.6794593.mp4"
t2v,longlive,LongLive,public,native,5s,"A_South_Korean_urban_street_at_night_during_rainfall,_recorded_by_a_completely_fixed,_static,_tripod-0-1778470462.7686303.mp4",745435,1e1bac88e3461628,t2v_source_repo,"output/longlive/t2v_5s/A_South_Korean_urban_street_at_night_during_rainfall,_recorded_by_a_completely_fixed,_static,_tripod-0-1778470462.7686303.mp4"
t2v,longlive,LongLive,public,native,5s,"A_fast-moving_mountain_stream_cascading_over_smooth_rocks,_recorded_by_a_completely_fixed,_static,_t-0-1778470446.9166665.mp4",727165,b7dcecbd26b5ef4b,t2v_source_repo,"output/longlive/t2v_5s/A_fast-moving_mountain_stream_cascading_over_smooth_rocks,_recorded_by_a_completely_fixed,_static,_t-0-1778470446.9166665.mp4"
t2v,longlive,LongLive,public,native,5s,"A_narrow_woodland_stream_winding_between_moss-covered_rocks,_recorded_by_a_completely_fixed,_static,-0-1778470398.1996748.mp4",749598,e78dfac807919639,t2v_source_repo,"output/longlive/t2v_5s/A_narrow_woodland_stream_winding_between_moss-covered_rocks,_recorded_by_a_completely_fixed,_static,-0-1778470398.1996748.mp4"
t2v,longlive,LongLive,public,native,5s,"A_rural_fire_pit_beside_a_heavy_stone_wall,_recorded_by_a_completely_fixed,_static,_tripod-mounted_c-0-1778470431.0028574.mp4",710915,6b05f78ec86feb30,t2v_source_repo,"output/longlive/t2v_5s/A_rural_fire_pit_beside_a_heavy_stone_wall,_recorded_by_a_completely_fixed,_static,_tripod-mounted_c-0-1778470431.0028574.mp4"
t2v,longlive,LongLive,public,native,5s,"A_sandy_ocean_shoreline_at_dusk,_recorded_by_a_completely_fixed,_static,_tripod-mounted_camera._The_-0-1778470415.1438909.mp4",738643,551d5c57ba08fc43,t2v_source_repo,"output/longlive/t2v_5s/A_sandy_ocean_shoreline_at_dusk,_recorded_by_a_completely_fixed,_static,_tripod-mounted_camera._The_-0-1778470415.1438909.mp4"
t2v,longlive,LongLive,public,native,5s,"A_tranquil_river_beneath_a_moss-covered_concrete_bridge,_recorded_by_a_completely_fixed,_static,_tri-0-1778470382.1328025.mp4",719834,af8fcf4c4c5693c6,t2v_source_repo,"output/longlive/t2v_5s/A_tranquil_river_beneath_a_moss-covered_concrete_bridge,_recorded_by_a_completely_fixed,_static,_tri-0-1778470382.1328025.mp4"
t2v,longlive,LongLive,public,native,60s,"A_Himalayan_foothills_scene_featuring_a_tidal_channel_cascading_continuously_over_smooth_rocks,_reco-0-1778490880.3239589.mp4",7462233,aadcf461f89c93b1,t2v_source_repo,"output/longlive/t2v_60s/A_Himalayan_foothills_scene_featuring_a_tidal_channel_cascading_continuously_over_smooth_rocks,_reco-0-1778490880.3239589.mp4"
t2v,longlive,LongLive,public,native,60s,A_Norwegian_fjord_approach_scene_featuring_a_shallow_forest_creek_that_gushes_continuously_with_visi-0-1778490510.1806371.mp4,7396748,c5cce47b5b6681e6,t2v_source_repo,output/longlive/t2v_60s/A_Norwegian_fjord_approach_scene_featuring_a_shallow_forest_creek_that_gushes_continuously_with_visi-0-1778490510.1806371.mp4
t2v,longlive,LongLive,public,native,60s,A_Pacific_Northwest_old-growth_forest_scene_featuring_a_cascading_mountain_waterfall_gliding_swiftly-0-1778491791.3116846.mp4,7298600,c96017e7248ae5f2,t2v_source_repo,output/longlive/t2v_60s/A_Pacific_Northwest_old-growth_forest_scene_featuring_a_cascading_mountain_waterfall_gliding_swiftly-0-1778491791.3116846.mp4
t2v,longlive,LongLive,public,native,60s,"A_South_Korean_countryside_scene_featuring_a_wide_river_streaming_endlessly_in_one_direction,_record-0-1778491610.9119337.mp4",7447409,284e357fd6200f0c,t2v_source_repo,"output/longlive/t2v_60s/A_South_Korean_countryside_scene_featuring_a_wide_river_streaming_endlessly_in_one_direction,_record-0-1778491610.9119337.mp4"
t2v,longlive,LongLive,public,native,60s,"A_beautiful_South_Korean_empty_sea_beach_scene,_recorded_by_a_completely_fixed,_static,_tripod-mount-0-1778490138.1534388.mp4",7660000,d88e394146067bf8,t2v_source_repo,"output/longlive/t2v_60s/A_beautiful_South_Korean_empty_sea_beach_scene,_recorded_by_a_completely_fixed,_static,_tripod-mount-0-1778490138.1534388.mp4"
t2v,longlive,LongLive,public,native,60s,"A_beautiful_rural_South_Korean_street_food_shop_scene,_recorded_by_a_completely_fixed,_static,_tripo-0-1778492688.394906.mp4",7774901,bfb3d65d131b373a,t2v_source_repo,"output/longlive/t2v_60s/A_beautiful_rural_South_Korean_street_food_shop_scene,_recorded_by_a_completely_fixed,_static,_tripo-0-1778492688.394906.mp4"
t2v,longlive,LongLive,public,native,60s,"A_completely_fixed,_tripod-mounted_camera_captures_a_flooded_urban_street_in_Goyang-si,_Wondang,_Sou-0-1778492152.9277287.mp4",7658091,a20a49ee8bd7e577,t2v_source_repo,"output/longlive/t2v_60s/A_completely_fixed,_tripod-mounted_camera_captures_a_flooded_urban_street_in_Goyang-si,_Wondang,_Sou-0-1778492152.9277287.mp4"
t2v,longlive,LongLive,public,native,60s,"A_continuous_South_Korean_rainy_city_street_scene,_recorded_by_a_completely_fixed,_static,_tripod-mo-0-1778492871.581461.mp4",7713900,0d1407e2895dd102,t2v_source_repo,"output/longlive/t2v_60s/A_continuous_South_Korean_rainy_city_street_scene,_recorded_by_a_completely_fixed,_static,_tripod-mo-0-1778492871.581461.mp4"
t2v,longlive,LongLive,public,native,60s,"A_continuous_South_Korean_urban_town_street_scene_during_snowfall,_recorded_by_a_completely_fixed,_s-0-1778493240.1453545.mp4",7701486,b177219564402f7a,t2v_source_repo,"output/longlive/t2v_60s/A_continuous_South_Korean_urban_town_street_scene_during_snowfall,_recorded_by_a_completely_fixed,_s-0-1778493240.1453545.mp4"
t2v,longlive,LongLive,public,native,60s,"A_continuous_urban_fire_scene,_recorded_by_a_completely_fixed,_static,_tripod-mounted_camera._The_ca-0-1778492509.7627912.mp4",7825291,d6e756b3ff7fbe84,t2v_source_repo,"output/longlive/t2v_60s/A_continuous_urban_fire_scene,_recorded_by_a_completely_fixed,_static,_tripod-mounted_camera._The_ca-0-1778492509.7627912.mp4"
t2v,longlive,LongLive,public,native,60s,"A_dangerous_South_Korean_hilly_forest_storm_scene,_recorded_by_a_completely_fixed,_static,_tripod-mo-0-1778493422.52527.mp4",8113752,8411ebc62e3efc6b,t2v_source_repo,"output/longlive/t2v_60s/A_dangerous_South_Korean_hilly_forest_storm_scene,_recorded_by_a_completely_fixed,_static,_tripod-mo-0-1778493422.52527.mp4"
t2v,longlive,LongLive,public,native,60s,"A_dangerous_rural_South_Korean_river_scene_at_night,_recorded_by_a_completely_fixed,_static,_tripod--0-1778493617.294522.mp4",7522417,8422c9f6a1642781,t2v_source_repo,"output/longlive/t2v_60s/A_dangerous_rural_South_Korean_river_scene_at_night,_recorded_by_a_completely_fixed,_static,_tripod--0-1778493617.294522.mp4"
t2v,longlive,LongLive,public,native,60s,"A_high_desert_canyon_scene_featuring_a_wide_river_sweeping_forward_carrying_foam_and_debris,_recorde-0-1778491426.4990447.mp4",7466758,40c453b3b6ba4ea0,t2v_source_repo,"output/longlive/t2v_60s/A_high_desert_canyon_scene_featuring_a_wide_river_sweeping_forward_carrying_foam_and_debris,_recorde-0-1778491426.4990447.mp4"
t2v,longlive,LongLive,public,native,60s,"A_serene_woodland_stream_scene,_recorded_by_a_completely_fixed,_static,_tripod-mounted_camera._The_c-0-1778489958.811589.mp4",7483034,7da63e3830fa871f,t2v_source_repo,"output/longlive/t2v_60s/A_serene_woodland_stream_scene,_recorded_by_a_completely_fixed,_static,_tripod-mounted_camera._The_c-0-1778489958.811589.mp4"
t2v,longlive,LongLive,public,native,60s,"A_storm-swollen_rural_stream,_recorded_by_a_fixed_tripod_camera._The_solid_paved_road_and_motionless-0-1778492326.742549.mp4",7353550,f1c5aa02e728068e,t2v_source_repo,"output/longlive/t2v_60s/A_storm-swollen_rural_stream,_recorded_by_a_fixed_tripod_camera._The_solid_paved_road_and_motionless-0-1778492326.742549.mp4"
t2v,longlive,LongLive,public,native,60s,"A_stormy_sea_cliff_in_South_Korea,_recorded_by_a_static_tripod_camera._The_heavy_stone_cliffs_and_im-0-1778493803.810458.mp4",7647249,b2170b2a6d656e5d,t2v_source_repo,"output/longlive/t2v_60s/A_stormy_sea_cliff_in_South_Korea,_recorded_by_a_static_tripod_camera._The_heavy_stone_cliffs_and_im-0-1778493803.810458.mp4"
t2v,longlive,LongLive,public,native,60s,"A_stunning_South_Korean_urban_neighborhood_park_scene_during_cherry_blossom_season,_recorded_by_a_co-0-1778493050.037254.mp4",7619610,b9b2256fdc38ac64,t2v_source_repo,"output/longlive/t2v_60s/A_stunning_South_Korean_urban_neighborhood_park_scene_during_cherry_blossom_season,_recorded_by_a_co-0-1778493050.037254.mp4"
t2v,longlive,LongLive,public,native,60s,"A_stunning_tranquil_river_scene_beneath_a_concrete_bridge,_recorded_by_a_completely_fixed,_static,_t-0-1778489776.924928.mp4",7509907,f465dd98de679c74,t2v_source_repo,"output/longlive/t2v_60s/A_stunning_tranquil_river_scene_beneath_a_concrete_bridge,_recorded_by_a_completely_fixed,_static,_t-0-1778489776.924928.mp4"
t2v,longlive,LongLive,public,native,60s,"A_tranquil_mountain_stream_in_a_rural_South_Korean_valley,_recorded_by_a_completely_fixed,_static,_t-0-1778490323.3190985.mp4",7486052,04bd4f76f5c64f0f,t2v_source_repo,"output/longlive/t2v_60s/A_tranquil_mountain_stream_in_a_rural_South_Korean_valley,_recorded_by_a_completely_fixed,_static,_t-0-1778490323.3190985.mp4"
t2v,longlive,LongLive,public,native,60s,"A_tropical_jungle_clearing_featuring_a_broad_lowland_river_coursing_powerfully_through_the_channel,_-0-1778491245.6696508.mp4",7536110,34694abc463a825e,t2v_source_repo,"output/longlive/t2v_60s/A_tropical_jungle_clearing_featuring_a_broad_lowland_river_coursing_powerfully_through_the_channel,_-0-1778491245.6696508.mp4"
t2v,longlive,LongLive,public,native,60s,"An_alpine_meadow_below_snowline_featuring_a_multi-tiered_waterfall_gliding_swiftly_with_dark,_deep_c-0-1778491062.8587055.mp4",7667962,12d811da369928ca,t2v_source_repo,"output/longlive/t2v_60s/An_alpine_meadow_below_snowline_featuring_a_multi-tiered_waterfall_gliding_swiftly_with_dark,_deep_c-0-1778491062.8587055.mp4"
t2v,longlive,LongLive,public,native,60s,"An_ancient_stone_city_waterway_featuring_fast-moving_rapids_streaming_endlessly_in_one_direction,_re-0-1778490692.1249745.mp4",7333245,451590bace04eb72,t2v_source_repo,"output/longlive/t2v_60s/An_ancient_stone_city_waterway_featuring_fast-moving_rapids_streaming_endlessly_in_one_direction,_re-0-1778490692.1249745.mp4"
t2v,longlive,LongLive,public,native,60s,"An_urban_storm_drain_canal,_recorded_by_a_static_tripod_camera._The_heavy_concrete_walls_and_immovab-0-1778491973.3535106.mp4",7625270,5c400bf1a70ac1c2,t2v_source_repo,"output/longlive/t2v_60s/An_urban_storm_drain_canal,_recorded_by_a_static_tripod_camera._The_heavy_concrete_walls_and_immovab-0-1778491973.3535106.mp4"
t2v,longlive,LongLive,public,native,120s,"A_cinematic_wide_shot_of_a_serene_forest_river,_its_crystal-clear_water_flowing_gently_and_unendingl-0-1778563833.2642298.mp4",15345072,202883cf04efaa7b,t2v_source_repo,"output/longlive/t2v_120s/A_cinematic_wide_shot_of_a_serene_forest_river,_its_crystal-clear_water_flowing_gently_and_unendingl-0-1778563833.2642298.mp4"
t2v,longlive,LongLive,public,native,120s,"A_dangerous_hillside_storm,_recorded_by_a_static_tripod_camera._The_immovable_rocky_slopes_and_solid-0-1778565811.1829653.mp4",14592079,6b772113b3ee8beb,t2v_source_repo,"output/longlive/t2v_120s/A_dangerous_hillside_storm,_recorded_by_a_static_tripod_camera._The_immovable_rocky_slopes_and_solid-0-1778565811.1829653.mp4"
t2v,longlive,LongLive,public,native,120s,"A_dramatic_medium_shot_of_a_massive_mountain_waterfall,_deep_blue_water_crashing_and_splashing_viole-0-1778564206.408088.mp4",15233886,fec2defceed53e34,t2v_source_repo,"output/longlive/t2v_120s/A_dramatic_medium_shot_of_a_massive_mountain_waterfall,_deep_blue_water_crashing_and_splashing_viole-0-1778564206.408088.mp4"
t2v,longlive,LongLive,public,native,120s,"A_rainy_urban_street_at_night,_recorded_by_a_fixed_tripod_camera._The_solid_concrete_buildings_and_m-0-1778565390.788172.mp4",15338052,214a08486702b20e,t2v_source_repo,"output/longlive/t2v_120s/A_rainy_urban_street_at_night,_recorded_by_a_fixed_tripod_camera._The_solid_concrete_buildings_and_m-0-1778565390.788172.mp4"
t2v,longlive,LongLive,public,native,120s,"A_tranquil_rural_canal_beside_a_heavy_stone_embankment,_recorded_by_a_completely_fixed,_static,_trip-0-1778564980.0295672.mp4",14568307,d8c5b6700853d959,t2v_source_repo,"output/longlive/t2v_120s/A_tranquil_rural_canal_beside_a_heavy_stone_embankment,_recorded_by_a_completely_fixed,_static,_trip-0-1778564980.0295672.mp4"
t2v,longlive,LongLive,public,native,120s,An_alpine_meadow_below_snowline_featuring_a_broad_lowland_river_rushing_downstream_in_a_relentless_c-0-1778564597.3999548.mp4,15063406,3865a41a5d079698,t2v_source_repo,output/longlive/t2v_120s/An_alpine_meadow_below_snowline_featuring_a_broad_lowland_river_rushing_downstream_in_a_relentless_c-0-1778564597.3999548.mp4
t2v,longlive,LongLive,public,native,240s,"A_South_Korean_urban_rainstorm,_recorded_by_a_fixed_tripod_camera._Rain_falls_continuously_onto_the_-0-1778662481.9972956.mp4",30828529,23e0e23d687e7516,t2v_source_repo,"output/longlive/t2v_240s/A_South_Korean_urban_rainstorm,_recorded_by_a_fixed_tripod_camera._Rain_falls_continuously_onto_the_-0-1778662481.9972956.mp4"
t2v,longlive,LongLive,public,native,240s,"A_massive_mountain_waterfall_crashing_continuously_into_a_misty_pool,_recorded_by_a_completely_fixed-0-1778661087.7312143.mp4",30627371,41b417e06f7d0603,t2v_source_repo,"output/longlive/t2v_240s/A_massive_mountain_waterfall_crashing_continuously_into_a_misty_pool,_recorded_by_a_completely_fixed-0-1778661087.7312143.mp4"
t2v,longlive,LongLive,public,native,240s,"A_serene_forest_river,_its_clear_water_flowing_over_smooth_stones_without_pause_or_interruption,_rec-0-1778659004.9432268.mp4",30650476,9abe63d993826709,t2v_source_repo,"output/longlive/t2v_240s/A_serene_forest_river,_its_clear_water_flowing_over_smooth_stones_without_pause_or_interruption,_rec-0-1778659004.9432268.mp4"
t2v,longlive,LongLive,public,native,240s,"A_violent_hillside_storm,_recorded_by_a_static_tripod_camera._Tall_trees_thrash_continuously_in_fier-0-1778664578.064787.mp4",31452026,b796d173eb34dc0b,t2v_source_repo,"output/longlive/t2v_240s/A_violent_hillside_storm,_recorded_by_a_static_tripod_camera._Tall_trees_thrash_continuously_in_fier-0-1778664578.064787.mp4"
t2v,causal_forcing,Causal-Forcing,public,native,5s,"A_South_Korean_urban_street_at_night_during_rainfall,_recorded_by_a_completely_fixed,_static,_tripod-0-1778469942.8257315.mp4",735741,8505e1b64394bd63,t2v_source_repo,"output/causal_forcing/t2v_5s/A_South_Korean_urban_street_at_night_during_rainfall,_recorded_by_a_completely_fixed,_static,_tripod-0-1778469942.8257315.mp4"
t2v,causal_forcing,Causal-Forcing,public,native,5s,"A_fast-moving_mountain_stream_cascading_over_smooth_rocks,_recorded_by_a_completely_fixed,_static,_t-0-1778469925.499128.mp4",766410,486ae61db3462aee,t2v_source_repo,"output/causal_forcing/t2v_5s/A_fast-moving_mountain_stream_cascading_over_smooth_rocks,_recorded_by_a_completely_fixed,_static,_t-0-1778469925.499128.mp4"
t2v,causal_forcing,Causal-Forcing,public,native,5s,"A_narrow_woodland_stream_winding_between_moss-covered_rocks,_recorded_by_a_completely_fixed,_static,-0-1778469876.8175852.mp4",759223,a02b3c639e77a7f7,t2v_source_repo,"output/causal_forcing/t2v_5s/A_narrow_woodland_stream_winding_between_moss-covered_rocks,_recorded_by_a_completely_fixed,_static,-0-1778469876.8175852.mp4"
t2v,causal_forcing,Causal-Forcing,public,native,5s,"A_rural_fire_pit_beside_a_heavy_stone_wall,_recorded_by_a_completely_fixed,_static,_tripod-mounted_c-0-1778469909.120206.mp4",724356,32fd6b58bde9f6b0,t2v_source_repo,"output/causal_forcing/t2v_5s/A_rural_fire_pit_beside_a_heavy_stone_wall,_recorded_by_a_completely_fixed,_static,_tripod-mounted_c-0-1778469909.120206.mp4"
t2v,causal_forcing,Causal-Forcing,public,native,5s,"A_sandy_ocean_shoreline_at_dusk,_recorded_by_a_completely_fixed,_static,_tripod-mounted_camera._The_-0-1778469892.9928312.mp4",732658,6d918fd7b08a6a88,t2v_source_repo,"output/causal_forcing/t2v_5s/A_sandy_ocean_shoreline_at_dusk,_recorded_by_a_completely_fixed,_static,_tripod-mounted_camera._The_-0-1778469892.9928312.mp4"
t2v,causal_forcing,Causal-Forcing,public,native,5s,"A_tranquil_river_beneath_a_moss-covered_concrete_bridge,_recorded_by_a_completely_fixed,_static,_tri-0-1778469860.2920916.mp4",720121,bea237b86290e657,t2v_source_repo,"output/causal_forcing/t2v_5s/A_tranquil_river_beneath_a_moss-covered_concrete_bridge,_recorded_by_a_completely_fixed,_static,_tri-0-1778469860.2920916.mp4"
t2v,causal_forcing,Causal-Forcing,public,native,60s,"A_Himalayan_foothills_scene_featuring_a_tidal_channel_cascading_continuously_over_smooth_rocks,_reco-0-1778546356.8451846.mp4",7428121,ae1074f3f634f9c5,t2v_source_repo,"output/causal_forcing/t2v_60s/A_Himalayan_foothills_scene_featuring_a_tidal_channel_cascading_continuously_over_smooth_rocks,_reco-0-1778546356.8451846.mp4"
t2v,causal_forcing,Causal-Forcing,public,native,60s,A_Norwegian_fjord_approach_scene_featuring_a_shallow_forest_creek_that_gushes_continuously_with_visi-0-1778545954.8172288.mp4,7477729,a6e917bfa8334e63,t2v_source_repo,output/causal_forcing/t2v_60s/A_Norwegian_fjord_approach_scene_featuring_a_shallow_forest_creek_that_gushes_continuously_with_visi-0-1778545954.8172288.mp4
t2v,causal_forcing,Causal-Forcing,public,native,60s,A_Pacific_Northwest_old-growth_forest_scene_featuring_a_cascading_mountain_waterfall_gliding_swiftly-0-1778547293.2646117.mp4,7463209,db546148682da8cc,t2v_source_repo,output/causal_forcing/t2v_60s/A_Pacific_Northwest_old-growth_forest_scene_featuring_a_cascading_mountain_waterfall_gliding_swiftly-0-1778547293.2646117.mp4
t2v,causal_forcing,Causal-Forcing,public,native,60s,"A_South_Korean_countryside_scene_featuring_a_wide_river_streaming_endlessly_in_one_direction,_record-0-1778547105.9335308.mp4",7651556,01fd4a56ced07e03,t2v_source_repo,"output/causal_forcing/t2v_60s/A_South_Korean_countryside_scene_featuring_a_wide_river_streaming_endlessly_in_one_direction,_record-0-1778547105.9335308.mp4"
t2v,causal_forcing,Causal-Forcing,public,native,60s,"A_beautiful_South_Korean_empty_sea_beach_scene,_recorded_by_a_completely_fixed,_static,_tripod-mount-0-1778545562.0157511.mp4",8142997,9489cb97b3a59fa7,t2v_source_repo,"output/causal_forcing/t2v_60s/A_beautiful_South_Korean_empty_sea_beach_scene,_recorded_by_a_completely_fixed,_static,_tripod-mount-0-1778545562.0157511.mp4"
t2v,causal_forcing,Causal-Forcing,public,native,60s,"A_beautiful_rural_South_Korean_street_food_shop_scene,_recorded_by_a_completely_fixed,_static,_tripo-0-1778548228.9460967.mp4",7784314,96562f0e5e984557,t2v_source_repo,"output/causal_forcing/t2v_60s/A_beautiful_rural_South_Korean_street_food_shop_scene,_recorded_by_a_completely_fixed,_static,_tripo-0-1778548228.9460967.mp4"
t2v,causal_forcing,Causal-Forcing,public,native,60s,"A_completely_fixed,_tripod-mounted_camera_captures_a_flooded_urban_street_in_Goyang-si,_Wondang,_Sou-0-1778547667.6741538.mp4",7813874,548c69ec2298ae44,t2v_source_repo,"output/causal_forcing/t2v_60s/A_completely_fixed,_tripod-mounted_camera_captures_a_flooded_urban_street_in_Goyang-si,_Wondang,_Sou-0-1778547667.6741538.mp4"
t2v,causal_forcing,Causal-Forcing,public,native,60s,"A_continuous_South_Korean_rainy_city_street_scene,_recorded_by_a_completely_fixed,_static,_tripod-mo-0-1778548418.4834275.mp4",7673325,509a728ffb7e1126,t2v_source_repo,"output/causal_forcing/t2v_60s/A_continuous_South_Korean_rainy_city_street_scene,_recorded_by_a_completely_fixed,_static,_tripod-mo-0-1778548418.4834275.mp4"
t2v,causal_forcing,Causal-Forcing,public,native,60s,"A_continuous_South_Korean_urban_town_street_scene_during_snowfall,_recorded_by_a_completely_fixed,_s-0-1778548795.1373992.mp4",8003139,6ea2b0717ad4e4a9,t2v_source_repo,"output/causal_forcing/t2v_60s/A_continuous_South_Korean_urban_town_street_scene_during_snowfall,_recorded_by_a_completely_fixed,_s-0-1778548795.1373992.mp4"
t2v,causal_forcing,Causal-Forcing,public,native,60s,"A_continuous_urban_fire_scene,_recorded_by_a_completely_fixed,_static,_tripod-mounted_camera._The_ca-0-1778548046.8341372.mp4",7677087,017ae753beebd93f,t2v_source_repo,"output/causal_forcing/t2v_60s/A_continuous_urban_fire_scene,_recorded_by_a_completely_fixed,_static,_tripod-mounted_camera._The_ca-0-1778548046.8341372.mp4"
t2v,causal_forcing,Causal-Forcing,public,native,60s,"A_dangerous_South_Korean_hilly_forest_storm_scene,_recorded_by_a_completely_fixed,_static,_tripod-mo-0-1778548977.684053.mp4",7553452,bb7702b649dd6e25,t2v_source_repo,"output/causal_forcing/t2v_60s/A_dangerous_South_Korean_hilly_forest_storm_scene,_recorded_by_a_completely_fixed,_static,_tripod-mo-0-1778548977.684053.mp4"
t2v,causal_forcing,Causal-Forcing,public,native,60s,"A_dangerous_rural_South_Korean_river_scene_at_night,_recorded_by_a_completely_fixed,_static,_tripod--0-1778549151.0221884.mp4",7336181,2b6ac81d66b5a9c9,t2v_source_repo,"output/causal_forcing/t2v_60s/A_dangerous_rural_South_Korean_river_scene_at_night,_recorded_by_a_completely_fixed,_static,_tripod--0-1778549151.0221884.mp4"
t2v,causal_forcing,Causal-Forcing,public,native,60s,"A_high_desert_canyon_scene_featuring_a_wide_river_sweeping_forward_carrying_foam_and_debris,_recorde-0-1778546922.8315034.mp4",7515897,2c9c104826954f17,t2v_source_repo,"output/causal_forcing/t2v_60s/A_high_desert_canyon_scene_featuring_a_wide_river_sweeping_forward_carrying_foam_and_debris,_recorde-0-1778546922.8315034.mp4"
t2v,causal_forcing,Causal-Forcing,public,native,60s,"A_serene_woodland_stream_scene,_recorded_by_a_completely_fixed,_static,_tripod-mounted_camera._The_c-0-1778545368.583055.mp4",7575260,371c01083a3ee759,t2v_source_repo,"output/causal_forcing/t2v_60s/A_serene_woodland_stream_scene,_recorded_by_a_completely_fixed,_static,_tripod-mounted_camera._The_c-0-1778545368.583055.mp4"
t2v,causal_forcing,Causal-Forcing,public,native,60s,"A_storm-swollen_rural_stream,_recorded_by_a_fixed_tripod_camera._The_solid_paved_road_and_motionless-0-1778547856.4061003.mp4",7933550,f65582c1999219fa,t2v_source_repo,"output/causal_forcing/t2v_60s/A_storm-swollen_rural_stream,_recorded_by_a_fixed_tripod_camera._The_solid_paved_road_and_motionless-0-1778547856.4061003.mp4"
t2v,causal_forcing,Causal-Forcing,public,native,60s,"A_stormy_sea_cliff_in_South_Korea,_recorded_by_a_static_tripod_camera._The_heavy_stone_cliffs_and_im-0-1778549330.774741.mp4",7613337,d6e3be67352eb6a2,t2v_source_repo,"output/causal_forcing/t2v_60s/A_stormy_sea_cliff_in_South_Korea,_recorded_by_a_static_tripod_camera._The_heavy_stone_cliffs_and_im-0-1778549330.774741.mp4"
t2v,causal_forcing,Causal-Forcing,public,native,60s,"A_stunning_South_Korean_urban_neighborhood_park_scene_during_cherry_blossom_season,_recorded_by_a_co-0-1778548610.3609264.mp4",7666703,96702890a3b30bf4,t2v_source_repo,"output/causal_forcing/t2v_60s/A_stunning_South_Korean_urban_neighborhood_park_scene_during_cherry_blossom_season,_recorded_by_a_co-0-1778548610.3609264.mp4"
t2v,causal_forcing,Causal-Forcing,public,native,60s,"A_stunning_tranquil_river_scene_beneath_a_concrete_bridge,_recorded_by_a_completely_fixed,_static,_t-0-1778545184.5361507.mp4",7788163,865fcbc72fa2b6d4,t2v_source_repo,"output/causal_forcing/t2v_60s/A_stunning_tranquil_river_scene_beneath_a_concrete_bridge,_recorded_by_a_completely_fixed,_static,_t-0-1778545184.5361507.mp4"
t2v,causal_forcing,Causal-Forcing,public,native,60s,"A_tranquil_mountain_stream_in_a_rural_South_Korean_valley,_recorded_by_a_completely_fixed,_static,_t-0-1778545760.001542.mp4",7843614,c7f55483a1fd5e9d,t2v_source_repo,"output/causal_forcing/t2v_60s/A_tranquil_mountain_stream_in_a_rural_South_Korean_valley,_recorded_by_a_completely_fixed,_static,_t-0-1778545760.001542.mp4"
t2v,causal_forcing,Causal-Forcing,public,native,60s,"A_tropical_jungle_clearing_featuring_a_broad_lowland_river_coursing_powerfully_through_the_channel,_-0-1778546739.3053815.mp4",7723273,7c5503f627c7e471,t2v_source_repo,"output/causal_forcing/t2v_60s/A_tropical_jungle_clearing_featuring_a_broad_lowland_river_coursing_powerfully_through_the_channel,_-0-1778546739.3053815.mp4"
t2v,causal_forcing,Causal-Forcing,public,native,60s,"An_alpine_meadow_below_snowline_featuring_a_multi-tiered_waterfall_gliding_swiftly_with_dark,_deep_c-0-1778546546.2382405.mp4",7760629,6518f9836ec2ea3b,t2v_source_repo,"output/causal_forcing/t2v_60s/An_alpine_meadow_below_snowline_featuring_a_multi-tiered_waterfall_gliding_swiftly_with_dark,_deep_c-0-1778546546.2382405.mp4"
t2v,causal_forcing,Causal-Forcing,public,native,60s,"An_ancient_stone_city_waterway_featuring_fast-moving_rapids_streaming_endlessly_in_one_direction,_re-0-1778546156.0305886.mp4",7413494,759b64c31dab3ed9,t2v_source_repo,"output/causal_forcing/t2v_60s/An_ancient_stone_city_waterway_featuring_fast-moving_rapids_streaming_endlessly_in_one_direction,_re-0-1778546156.0305886.mp4"
t2v,causal_forcing,Causal-Forcing,public,native,60s,"An_urban_storm_drain_canal,_recorded_by_a_static_tripod_camera._The_heavy_concrete_walls_and_immovab-0-1778547484.3554122.mp4",7851992,b1a907cf4e7fe6e4,t2v_source_repo,"output/causal_forcing/t2v_60s/An_urban_storm_drain_canal,_recorded_by_a_static_tripod_camera._The_heavy_concrete_walls_and_immovab-0-1778547484.3554122.mp4"
t2v,causal_forcing,Causal-Forcing,public,native,120s,"A_cinematic_wide_shot_of_a_serene_forest_river,_its_crystal-clear_water_flowing_gently_and_unendingl-0-1778568258.9034567.mp4",15396317,718c353716dc6bb7,t2v_source_repo,"output/causal_forcing/t2v_120s/A_cinematic_wide_shot_of_a_serene_forest_river,_its_crystal-clear_water_flowing_gently_and_unendingl-0-1778568258.9034567.mp4"
t2v,causal_forcing,Causal-Forcing,public,native,120s,"A_dangerous_hillside_storm,_recorded_by_a_static_tripod_camera._The_immovable_rocky_slopes_and_solid-0-1778570190.1330893.mp4",15600851,8d4f5ab4f9d3025a,t2v_source_repo,"output/causal_forcing/t2v_120s/A_dangerous_hillside_storm,_recorded_by_a_static_tripod_camera._The_immovable_rocky_slopes_and_solid-0-1778570190.1330893.mp4"
t2v,causal_forcing,Causal-Forcing,public,native,120s,"A_dramatic_medium_shot_of_a_massive_mountain_waterfall,_deep_blue_water_crashing_and_splashing_viole-0-1778568656.8316386.mp4",15290877,12c1bcfbe9eabdde,t2v_source_repo,"output/causal_forcing/t2v_120s/A_dramatic_medium_shot_of_a_massive_mountain_waterfall,_deep_blue_water_crashing_and_splashing_viole-0-1778568656.8316386.mp4"
t2v,causal_forcing,Causal-Forcing,public,native,120s,"A_rainy_urban_street_at_night,_recorded_by_a_fixed_tripod_camera._The_solid_concrete_buildings_and_m-0-1778569802.2011917.mp4",14875118,98eb2e2efad32da0,t2v_source_repo,"output/causal_forcing/t2v_120s/A_rainy_urban_street_at_night,_recorded_by_a_fixed_tripod_camera._The_solid_concrete_buildings_and_m-0-1778569802.2011917.mp4"
t2v,causal_forcing,Causal-Forcing,public,native,120s,"A_tranquil_rural_canal_beside_a_heavy_stone_embankment,_recorded_by_a_completely_fixed,_static,_trip-0-1778569417.2516427.mp4",15325525,8cbfdaac73e80fa6,t2v_source_repo,"output/causal_forcing/t2v_120s/A_tranquil_rural_canal_beside_a_heavy_stone_embankment,_recorded_by_a_completely_fixed,_static,_trip-0-1778569417.2516427.mp4"
t2v,causal_forcing,Causal-Forcing,public,native,120s,An_alpine_meadow_below_snowline_featuring_a_broad_lowland_river_rushing_downstream_in_a_relentless_c-0-1778569044.429361.mp4,15713985,68dfc25ed1f8b8b3,t2v_source_repo,output/causal_forcing/t2v_120s/An_alpine_meadow_below_snowline_featuring_a_broad_lowland_river_rushing_downstream_in_a_relentless_c-0-1778569044.429361.mp4
t2v,causal_forcing,Causal-Forcing,public,native,240s,"A_South_Korean_urban_rainstorm,_recorded_by_a_fixed_tripod_camera._Rain_falls_continuously_onto_the_-0-1778723257.865592.mp4",30901350,ec1cb3da378dd7d4,t2v_source_repo,"output/causal_forcing/t2v_240s/A_South_Korean_urban_rainstorm,_recorded_by_a_fixed_tripod_camera._Rain_falls_continuously_onto_the_-0-1778723257.865592.mp4"
t2v,causal_forcing,Causal-Forcing,public,native,240s,"A_massive_mountain_waterfall_crashing_continuously_into_a_misty_pool,_recorded_by_a_completely_fixed-0-1778721999.9353883.mp4",31031635,e7109582f7f3611e,t2v_source_repo,"output/causal_forcing/t2v_240s/A_massive_mountain_waterfall_crashing_continuously_into_a_misty_pool,_recorded_by_a_completely_fixed-0-1778721999.9353883.mp4"
t2v,causal_forcing,Causal-Forcing,public,native,240s,"A_serene_forest_river,_its_clear_water_flowing_over_smooth_stones_without_pause_or_interruption,_rec-0-1778719147.8470645.mp4",30708033,dab64acd99baf58a,t2v_source_repo,"output/causal_forcing/t2v_240s/A_serene_forest_river,_its_clear_water_flowing_over_smooth_stones_without_pause_or_interruption,_rec-0-1778719147.8470645.mp4"
t2v,causal_forcing,Causal-Forcing,public,native,240s,"A_violent_hillside_storm,_recorded_by_a_static_tripod_camera._Tall_trees_thrash_continuously_in_fier-0-1778724475.410596.mp4",31040221,d73e4c6bd6d1c499,t2v_source_repo,"output/causal_forcing/t2v_240s/A_violent_hillside_storm,_recorded_by_a_static_tripod_camera._Tall_trees_thrash_continuously_in_fier-0-1778724475.410596.mp4"
t2v,steady_forcing,Steady-Forcing,internal,native,5s,"A_South_Korean_urban_street_at_night_during_rainfall,_recorded_by_a_completely_fixed,_static,_tripod-0-1778466116.647423.mp4",710794,e60a5ef1c801b5cc,t2v_source_repo,"output/steady_forcing/t2v_5s/A_South_Korean_urban_street_at_night_during_rainfall,_recorded_by_a_completely_fixed,_static,_tripod-0-1778466116.647423.mp4"
t2v,steady_forcing,Steady-Forcing,internal,native,5s,"A_fast-moving_mountain_stream_cascading_over_smooth_rocks,_recorded_by_a_completely_fixed,_static,_t-0-1778466100.4975936.mp4",728688,6ed481ea49e5a5ad,t2v_source_repo,"output/steady_forcing/t2v_5s/A_fast-moving_mountain_stream_cascading_over_smooth_rocks,_recorded_by_a_completely_fixed,_static,_t-0-1778466100.4975936.mp4"
t2v,steady_forcing,Steady-Forcing,internal,native,5s,"A_narrow_woodland_stream_winding_between_moss-covered_rocks,_recorded_by_a_completely_fixed,_static,-0-1778466051.300135.mp4",695129,bf8cee3b56547dc3,t2v_source_repo,"output/steady_forcing/t2v_5s/A_narrow_woodland_stream_winding_between_moss-covered_rocks,_recorded_by_a_completely_fixed,_static,-0-1778466051.300135.mp4"
t2v,steady_forcing,Steady-Forcing,internal,native,5s,"A_rural_fire_pit_beside_a_heavy_stone_wall,_recorded_by_a_completely_fixed,_static,_tripod-mounted_c-0-1778466083.6438873.mp4",693849,aa2c0a68fd30328e,t2v_source_repo,"output/steady_forcing/t2v_5s/A_rural_fire_pit_beside_a_heavy_stone_wall,_recorded_by_a_completely_fixed,_static,_tripod-mounted_c-0-1778466083.6438873.mp4"
t2v,steady_forcing,Steady-Forcing,internal,native,5s,"A_sandy_ocean_shoreline_at_dusk,_recorded_by_a_completely_fixed,_static,_tripod-mounted_camera._The_-0-1778466067.0313914.mp4",697310,5cdb1626b0ad8fa5,t2v_source_repo,"output/steady_forcing/t2v_5s/A_sandy_ocean_shoreline_at_dusk,_recorded_by_a_completely_fixed,_static,_tripod-mounted_camera._The_-0-1778466067.0313914.mp4"
t2v,steady_forcing,Steady-Forcing,internal,native,5s,"A_tranquil_river_beneath_a_moss-covered_concrete_bridge,_recorded_by_a_completely_fixed,_static,_tri-0-1778466035.522288.mp4",684964,5e788fadf604f9f4,t2v_source_repo,"output/steady_forcing/t2v_5s/A_tranquil_river_beneath_a_moss-covered_concrete_bridge,_recorded_by_a_completely_fixed,_static,_tri-0-1778466035.522288.mp4"
t2v,steady_forcing,Steady-Forcing,internal,native,60s,"A_Himalayan_foothills_scene_featuring_a_tidal_channel_cascading_continuously_over_smooth_rocks,_reco-0-1778478605.0859537.mp4",7456357,b4494777c2a4beeb,t2v_source_repo,"output/steady_forcing/t2v_60s/A_Himalayan_foothills_scene_featuring_a_tidal_channel_cascading_continuously_over_smooth_rocks,_reco-0-1778478605.0859537.mp4"
t2v,steady_forcing,Steady-Forcing,internal,native,60s,A_Norwegian_fjord_approach_scene_featuring_a_shallow_forest_creek_that_gushes_continuously_with_visi-0-1778478237.9892569.mp4,7473710,e8e0996224dc7ed6,t2v_source_repo,output/steady_forcing/t2v_60s/A_Norwegian_fjord_approach_scene_featuring_a_shallow_forest_creek_that_gushes_continuously_with_visi-0-1778478237.9892569.mp4
t2v,steady_forcing,Steady-Forcing,internal,native,60s,A_Pacific_Northwest_old-growth_forest_scene_featuring_a_cascading_mountain_waterfall_gliding_swiftly-0-1778479510.5693295.mp4,7575958,38a0f4613f33a655,t2v_source_repo,output/steady_forcing/t2v_60s/A_Pacific_Northwest_old-growth_forest_scene_featuring_a_cascading_mountain_waterfall_gliding_swiftly-0-1778479510.5693295.mp4
t2v,steady_forcing,Steady-Forcing,internal,native,60s,"A_South_Korean_countryside_scene_featuring_a_wide_river_streaming_endlessly_in_one_direction,_record-0-1778479326.7663674.mp4",7265081,b00908044b42ea0c,t2v_source_repo,"output/steady_forcing/t2v_60s/A_South_Korean_countryside_scene_featuring_a_wide_river_streaming_endlessly_in_one_direction,_record-0-1778479326.7663674.mp4"
t2v,steady_forcing,Steady-Forcing,internal,native,60s,"A_beautiful_South_Korean_empty_sea_beach_scene,_recorded_by_a_completely_fixed,_static,_tripod-mount-0-1778477866.1450617.mp4",7609452,c6ea8b8c23f13aeb,t2v_source_repo,"output/steady_forcing/t2v_60s/A_beautiful_South_Korean_empty_sea_beach_scene,_recorded_by_a_completely_fixed,_static,_tripod-mount-0-1778477866.1450617.mp4"
t2v,steady_forcing,Steady-Forcing,internal,native,60s,"A_beautiful_rural_South_Korean_street_food_shop_scene,_recorded_by_a_completely_fixed,_static,_tripo-0-1778480426.2103708.mp4",7554598,b2ec4894502a262e,t2v_source_repo,"output/steady_forcing/t2v_60s/A_beautiful_rural_South_Korean_street_food_shop_scene,_recorded_by_a_completely_fixed,_static,_tripo-0-1778480426.2103708.mp4"
t2v,steady_forcing,Steady-Forcing,internal,native,60s,"A_completely_fixed,_tripod-mounted_camera_captures_a_flooded_urban_street_in_Goyang-si,_Wondang,_Sou-0-1778479874.5636637.mp4",7521415,022facf7bf6600ee,t2v_source_repo,"output/steady_forcing/t2v_60s/A_completely_fixed,_tripod-mounted_camera_captures_a_flooded_urban_street_in_Goyang-si,_Wondang,_Sou-0-1778479874.5636637.mp4"
t2v,steady_forcing,Steady-Forcing,internal,native,60s,"A_continuous_South_Korean_rainy_city_street_scene,_recorded_by_a_completely_fixed,_static,_tripod-mo-0-1778480620.495626.mp4",7500354,85d3e5b7d44b2409,t2v_source_repo,"output/steady_forcing/t2v_60s/A_continuous_South_Korean_rainy_city_street_scene,_recorded_by_a_completely_fixed,_static,_tripod-mo-0-1778480620.495626.mp4"
t2v,steady_forcing,Steady-Forcing,internal,native,60s,"A_continuous_South_Korean_urban_town_street_scene_during_snowfall,_recorded_by_a_completely_fixed,_s-0-1778480982.133718.mp4",7467426,ef5abd8943cc5897,t2v_source_repo,"output/steady_forcing/t2v_60s/A_continuous_South_Korean_urban_town_street_scene_during_snowfall,_recorded_by_a_completely_fixed,_s-0-1778480982.133718.mp4"
t2v,steady_forcing,Steady-Forcing,internal,native,60s,"A_continuous_urban_fire_scene,_recorded_by_a_completely_fixed,_static,_tripod-mounted_camera._The_ca-0-1778480241.3841224.mp4",7576523,a978692a7a92f1ec,t2v_source_repo,"output/steady_forcing/t2v_60s/A_continuous_urban_fire_scene,_recorded_by_a_completely_fixed,_static,_tripod-mounted_camera._The_ca-0-1778480241.3841224.mp4"
t2v,steady_forcing,Steady-Forcing,internal,native,60s,"A_dangerous_South_Korean_hilly_forest_storm_scene,_recorded_by_a_completely_fixed,_static,_tripod-mo-0-1778481170.5687075.mp4",7305138,86ff63574c8850e5,t2v_source_repo,"output/steady_forcing/t2v_60s/A_dangerous_South_Korean_hilly_forest_storm_scene,_recorded_by_a_completely_fixed,_static,_tripod-mo-0-1778481170.5687075.mp4"
t2v,steady_forcing,Steady-Forcing,internal,native,60s,"A_dangerous_rural_South_Korean_river_scene_at_night,_recorded_by_a_completely_fixed,_static,_tripod--0-1778481347.7632444.mp4",7513317,9f4d11eed70a7ba8,t2v_source_repo,"output/steady_forcing/t2v_60s/A_dangerous_rural_South_Korean_river_scene_at_night,_recorded_by_a_completely_fixed,_static,_tripod--0-1778481347.7632444.mp4"
t2v,steady_forcing,Steady-Forcing,internal,native,60s,"A_high_desert_canyon_scene_featuring_a_wide_river_sweeping_forward_carrying_foam_and_debris,_recorde-0-1778479148.2998931.mp4",7461763,3fb372c8fa1d868a,t2v_source_repo,"output/steady_forcing/t2v_60s/A_high_desert_canyon_scene_featuring_a_wide_river_sweeping_forward_carrying_foam_and_debris,_recorde-0-1778479148.2998931.mp4"
t2v,steady_forcing,Steady-Forcing,internal,native,60s,"A_serene_woodland_stream_scene,_recorded_by_a_completely_fixed,_static,_tripod-mounted_camera._The_c-0-1778477679.8554604.mp4",7366459,b2cc86538d14f6fe,t2v_source_repo,"output/steady_forcing/t2v_60s/A_serene_woodland_stream_scene,_recorded_by_a_completely_fixed,_static,_tripod-mounted_camera._The_c-0-1778477679.8554604.mp4"
t2v,steady_forcing,Steady-Forcing,internal,native,60s,"A_storm-swollen_rural_stream,_recorded_by_a_fixed_tripod_camera._The_solid_paved_road_and_motionless-0-1778480054.4411874.mp4",7471714,c1ff907b4215e831,t2v_source_repo,"output/steady_forcing/t2v_60s/A_storm-swollen_rural_stream,_recorded_by_a_fixed_tripod_camera._The_solid_paved_road_and_motionless-0-1778480054.4411874.mp4"
t2v,steady_forcing,Steady-Forcing,internal,native,60s,"A_stormy_sea_cliff_in_South_Korea,_recorded_by_a_static_tripod_camera._The_heavy_stone_cliffs_and_im-0-1778481529.989596.mp4",7558035,3ef43cd6ba6391e6,t2v_source_repo,"output/steady_forcing/t2v_60s/A_stormy_sea_cliff_in_South_Korea,_recorded_by_a_static_tripod_camera._The_heavy_stone_cliffs_and_im-0-1778481529.989596.mp4"
t2v,steady_forcing,Steady-Forcing,internal,native,60s,"A_stunning_South_Korean_urban_neighborhood_park_scene_during_cherry_blossom_season,_recorded_by_a_co-0-1778480804.0136561.mp4",7317471,3dc4f05bd0dff313,t2v_source_repo,"output/steady_forcing/t2v_60s/A_stunning_South_Korean_urban_neighborhood_park_scene_during_cherry_blossom_season,_recorded_by_a_co-0-1778480804.0136561.mp4"
t2v,steady_forcing,Steady-Forcing,internal,native,60s,"A_stunning_tranquil_river_scene_beneath_a_concrete_bridge,_recorded_by_a_completely_fixed,_static,_t-0-1778477502.7767043.mp4",7457586,de6797e920b32d16,t2v_source_repo,"output/steady_forcing/t2v_60s/A_stunning_tranquil_river_scene_beneath_a_concrete_bridge,_recorded_by_a_completely_fixed,_static,_t-0-1778477502.7767043.mp4"
t2v,steady_forcing,Steady-Forcing,internal,native,60s,"A_tranquil_mountain_stream_in_a_rural_South_Korean_valley,_recorded_by_a_completely_fixed,_static,_t-0-1778478054.1496284.mp4",7349292,16486e2a2bdf8e34,t2v_source_repo,"output/steady_forcing/t2v_60s/A_tranquil_mountain_stream_in_a_rural_South_Korean_valley,_recorded_by_a_completely_fixed,_static,_t-0-1778478054.1496284.mp4"
t2v,steady_forcing,Steady-Forcing,internal,native,60s,"A_tropical_jungle_clearing_featuring_a_broad_lowland_river_coursing_powerfully_through_the_channel,_-0-1778478970.010389.mp4",7564418,5f73b4cd43502e41,t2v_source_repo,"output/steady_forcing/t2v_60s/A_tropical_jungle_clearing_featuring_a_broad_lowland_river_coursing_powerfully_through_the_channel,_-0-1778478970.010389.mp4"
t2v,steady_forcing,Steady-Forcing,internal,native,60s,"An_alpine_meadow_below_snowline_featuring_a_multi-tiered_waterfall_gliding_swiftly_with_dark,_deep_c-0-1778478783.6998234.mp4",7610907,6f68f22d2120790f,t2v_source_repo,"output/steady_forcing/t2v_60s/An_alpine_meadow_below_snowline_featuring_a_multi-tiered_waterfall_gliding_swiftly_with_dark,_deep_c-0-1778478783.6998234.mp4"
t2v,steady_forcing,Steady-Forcing,internal,native,60s,"An_ancient_stone_city_waterway_featuring_fast-moving_rapids_streaming_endlessly_in_one_direction,_re-0-1778478422.673246.mp4",7371301,9a9add2fba8a4c71,t2v_source_repo,"output/steady_forcing/t2v_60s/An_ancient_stone_city_waterway_featuring_fast-moving_rapids_streaming_endlessly_in_one_direction,_re-0-1778478422.673246.mp4"
t2v,steady_forcing,Steady-Forcing,internal,native,60s,"An_urban_storm_drain_canal,_recorded_by_a_static_tripod_camera._The_heavy_concrete_walls_and_immovab-0-1778479690.2537034.mp4",7378049,c1697d8978e414ce,t2v_source_repo,"output/steady_forcing/t2v_60s/An_urban_storm_drain_canal,_recorded_by_a_static_tripod_camera._The_heavy_concrete_walls_and_immovab-0-1778479690.2537034.mp4"
t2v,steady_forcing,Steady-Forcing,internal,native,120s,"A_cinematic_wide_shot_of_a_serene_forest_river,_its_crystal-clear_water_flowing_gently_and_unendingl-0-1778558080.4422505.mp4",14816922,2274ef9c547522f6,t2v_source_repo,"output/steady_forcing/t2v_120s/A_cinematic_wide_shot_of_a_serene_forest_river,_its_crystal-clear_water_flowing_gently_and_unendingl-0-1778558080.4422505.mp4"
t2v,steady_forcing,Steady-Forcing,internal,native,120s,"A_dangerous_hillside_storm,_recorded_by_a_static_tripod_camera._The_immovable_rocky_slopes_and_solid-0-1778559909.5410836.mp4",14787081,918a78c3797424b8,t2v_source_repo,"output/steady_forcing/t2v_120s/A_dangerous_hillside_storm,_recorded_by_a_static_tripod_camera._The_immovable_rocky_slopes_and_solid-0-1778559909.5410836.mp4"
t2v,steady_forcing,Steady-Forcing,internal,native,120s,"A_dramatic_medium_shot_of_a_massive_mountain_waterfall,_deep_blue_water_crashing_and_splashing_viole-0-1778558447.4706702.mp4",15552476,b9fac61e60bc7569,t2v_source_repo,"output/steady_forcing/t2v_120s/A_dramatic_medium_shot_of_a_massive_mountain_waterfall,_deep_blue_water_crashing_and_splashing_viole-0-1778558447.4706702.mp4"
t2v,steady_forcing,Steady-Forcing,internal,native,120s,"A_rainy_urban_street_at_night,_recorded_by_a_fixed_tripod_camera._The_solid_concrete_buildings_and_m-0-1778559535.1870573.mp4",15167467,d2419fdde01e3ee8,t2v_source_repo,"output/steady_forcing/t2v_120s/A_rainy_urban_street_at_night,_recorded_by_a_fixed_tripod_camera._The_solid_concrete_buildings_and_m-0-1778559535.1870573.mp4"
t2v,steady_forcing,Steady-Forcing,internal,native,120s,"A_tranquil_rural_canal_beside_a_heavy_stone_embankment,_recorded_by_a_completely_fixed,_static,_trip-0-1778559167.7134888.mp4",14834592,c80a14e9536d3b29,t2v_source_repo,"output/steady_forcing/t2v_120s/A_tranquil_rural_canal_beside_a_heavy_stone_embankment,_recorded_by_a_completely_fixed,_static,_trip-0-1778559167.7134888.mp4"
t2v,steady_forcing,Steady-Forcing,internal,native,120s,An_alpine_meadow_below_snowline_featuring_a_broad_lowland_river_rushing_downstream_in_a_relentless_c-0-1778558803.8264172.mp4,15164478,d366a9b46c98849e,t2v_source_repo,output/steady_forcing/t2v_120s/An_alpine_meadow_below_snowline_featuring_a_broad_lowland_river_rushing_downstream_in_a_relentless_c-0-1778558803.8264172.mp4
t2v,steady_forcing,Steady-Forcing,internal,native,240s,"A_South_Korean_urban_rainstorm,_recorded_by_a_fixed_tripod_camera._Rain_falls_continuously_onto_the_-0-1778633346.3005586.mp4",30407672,e24e3db6d85f4d88,t2v_source_repo,"output/steady_forcing/t2v_240s/A_South_Korean_urban_rainstorm,_recorded_by_a_fixed_tripod_camera._Rain_falls_continuously_onto_the_-0-1778633346.3005586.mp4"
t2v,steady_forcing,Steady-Forcing,internal,native,240s,"A_massive_mountain_waterfall_crashing_continuously_into_a_misty_pool,_recorded_by_a_completely_fixed-0-1778577320.0035145.mp4",30886902,b2cce062eb828728,t2v_source_repo,"output/steady_forcing/t2v_240s/A_massive_mountain_waterfall_crashing_continuously_into_a_misty_pool,_recorded_by_a_completely_fixed-0-1778577320.0035145.mp4"
t2v,steady_forcing,Steady-Forcing,internal,native,240s,"A_serene_forest_river,_its_clear_water_flowing_over_smooth_stones_without_pause_or_interruption,_rec-0-1778570782.2056239.mp4",30403213,c2d1a7b54bb5875d,t2v_source_repo,"output/steady_forcing/t2v_240s/A_serene_forest_river,_its_clear_water_flowing_over_smooth_stones_without_pause_or_interruption,_rec-0-1778570782.2056239.mp4"
t2v,steady_forcing,Steady-Forcing,internal,native,240s,"A_serene_forest_river,_its_clear_water_flowing_over_smooth_stones_without_pause_or_interruption,_rec-0-1778573234.1346867.mp4",30403213,c2d1a7b54bb5875d,t2v_source_repo,"output/steady_forcing/t2v_240s/A_serene_forest_river,_its_clear_water_flowing_over_smooth_stones_without_pause_or_interruption,_rec-0-1778573234.1346867.mp4"
t2v,steady_forcing,Steady-Forcing,internal,native,240s,"A_violent_hillside_storm,_recorded_by_a_static_tripod_camera._Tall_trees_thrash_continuously_in_fier-0-1778636271.7986073.mp4",30407080,42091e05092a0dca,t2v_source_repo,"output/steady_forcing/t2v_240s/A_violent_hillside_storm,_recorded_by_a_static_tripod_camera._Tall_trees_thrash_continuously_in_fier-0-1778636271.7986073.mp4"
t2v,steady_forcing_bt,Steady-Forcing (BT),internal,native,5s,"A_South_Korean_urban_street_at_night_during_rainfall,_recorded_by_a_completely_fixed,_static,_tripod-0-1779327487.3806305.mp4",731105,729b401cb836d749,t2v_source_repo,"output/steady_forcing_bt/t2v_5s/A_South_Korean_urban_street_at_night_during_rainfall,_recorded_by_a_completely_fixed,_static,_tripod-0-1779327487.3806305.mp4"
t2v,steady_forcing_bt,Steady-Forcing (BT),internal,native,5s,"A_fast-moving_mountain_stream_cascading_over_smooth_rocks,_recorded_by_a_completely_fixed,_static,_t-0-1779327470.9769182.mp4",721853,baaec85aaf2d0eb6,t2v_source_repo,"output/steady_forcing_bt/t2v_5s/A_fast-moving_mountain_stream_cascading_over_smooth_rocks,_recorded_by_a_completely_fixed,_static,_t-0-1779327470.9769182.mp4"
t2v,steady_forcing_bt,Steady-Forcing (BT),internal,native,5s,"A_narrow_woodland_stream_winding_between_moss-covered_rocks,_recorded_by_a_completely_fixed,_static,-0-1779327422.0402687.mp4",704115,bebc8803e8478b01,t2v_source_repo,"output/steady_forcing_bt/t2v_5s/A_narrow_woodland_stream_winding_between_moss-covered_rocks,_recorded_by_a_completely_fixed,_static,-0-1779327422.0402687.mp4"
t2v,steady_forcing_bt,Steady-Forcing (BT),internal,native,5s,"A_rural_fire_pit_beside_a_heavy_stone_wall,_recorded_by_a_completely_fixed,_static,_tripod-mounted_c-0-1779327455.090323.mp4",665265,c1b845178b988511,t2v_source_repo,"output/steady_forcing_bt/t2v_5s/A_rural_fire_pit_beside_a_heavy_stone_wall,_recorded_by_a_completely_fixed,_static,_tripod-mounted_c-0-1779327455.090323.mp4"
t2v,steady_forcing_bt,Steady-Forcing (BT),internal,native,5s,"A_sandy_ocean_shoreline_at_dusk,_recorded_by_a_completely_fixed,_static,_tripod-mounted_camera._The_-0-1779327438.0179327.mp4",660952,122fcef149d3b1b3,t2v_source_repo,"output/steady_forcing_bt/t2v_5s/A_sandy_ocean_shoreline_at_dusk,_recorded_by_a_completely_fixed,_static,_tripod-mounted_camera._The_-0-1779327438.0179327.mp4"
t2v,steady_forcing_bt,Steady-Forcing (BT),internal,native,5s,"A_tranquil_river_beneath_a_moss-covered_concrete_bridge,_recorded_by_a_completely_fixed,_static,_tri-0-1779327405.3852892.mp4",716006,0537fbc9af15a69b,t2v_source_repo,"output/steady_forcing_bt/t2v_5s/A_tranquil_river_beneath_a_moss-covered_concrete_bridge,_recorded_by_a_completely_fixed,_static,_tri-0-1779327405.3852892.mp4"
t2v,steady_forcing_bt,Steady-Forcing (BT),internal,native,60s,"A_Himalayan_foothills_scene_featuring_a_tidal_channel_cascading_continuously_over_smooth_rocks,_reco-0-1779329625.9141927.mp4",7575605,ff71e28db3de5841,t2v_source_repo,"output/steady_forcing_bt/t2v_60s/A_Himalayan_foothills_scene_featuring_a_tidal_channel_cascading_continuously_over_smooth_rocks,_reco-0-1779329625.9141927.mp4"
t2v,steady_forcing_bt,Steady-Forcing (BT),internal,native,60s,A_Norwegian_fjord_approach_scene_featuring_a_shallow_forest_creek_that_gushes_continuously_with_visi-0-1779329250.968266.mp4,7534370,91ffab7bec94722f,t2v_source_repo,output/steady_forcing_bt/t2v_60s/A_Norwegian_fjord_approach_scene_featuring_a_shallow_forest_creek_that_gushes_continuously_with_visi-0-1779329250.968266.mp4
t2v,steady_forcing_bt,Steady-Forcing (BT),internal,native,60s,A_Pacific_Northwest_old-growth_forest_scene_featuring_a_cascading_mountain_waterfall_gliding_swiftly-0-1779330596.0874407.mp4,7503548,4980e7dec2856afd,t2v_source_repo,output/steady_forcing_bt/t2v_60s/A_Pacific_Northwest_old-growth_forest_scene_featuring_a_cascading_mountain_waterfall_gliding_swiftly-0-1779330596.0874407.mp4
t2v,steady_forcing_bt,Steady-Forcing (BT),internal,native,60s,"A_South_Korean_countryside_scene_featuring_a_wide_river_streaming_endlessly_in_one_direction,_record-0-1779330406.0036407.mp4",7632524,024508dcdd8f7460,t2v_source_repo,"output/steady_forcing_bt/t2v_60s/A_South_Korean_countryside_scene_featuring_a_wide_river_streaming_endlessly_in_one_direction,_record-0-1779330406.0036407.mp4"
t2v,steady_forcing_bt,Steady-Forcing (BT),internal,native,60s,"A_beautiful_South_Korean_empty_sea_beach_scene,_recorded_by_a_completely_fixed,_static,_tripod-mount-0-1779328870.644279.mp4",7489395,780cf1748bb39bc5,t2v_source_repo,"output/steady_forcing_bt/t2v_60s/A_beautiful_South_Korean_empty_sea_beach_scene,_recorded_by_a_completely_fixed,_static,_tripod-mount-0-1779328870.644279.mp4"
t2v,steady_forcing_bt,Steady-Forcing (BT),internal,native,60s,"A_beautiful_rural_South_Korean_street_food_shop_scene,_recorded_by_a_completely_fixed,_static,_tripo-0-1779331568.3330867.mp4",7534340,2fa98c30059f093f,t2v_source_repo,"output/steady_forcing_bt/t2v_60s/A_beautiful_rural_South_Korean_street_food_shop_scene,_recorded_by_a_completely_fixed,_static,_tripo-0-1779331568.3330867.mp4"
t2v,steady_forcing_bt,Steady-Forcing (BT),internal,native,60s,"A_completely_fixed,_tripod-mounted_camera_captures_a_flooded_urban_street_in_Goyang-si,_Wondang,_Sou-0-1779330984.5053563.mp4",7576312,723c534b62c079b4,t2v_source_repo,"output/steady_forcing_bt/t2v_60s/A_completely_fixed,_tripod-mounted_camera_captures_a_flooded_urban_street_in_Goyang-si,_Wondang,_Sou-0-1779330984.5053563.mp4"
t2v,steady_forcing_bt,Steady-Forcing (BT),internal,native,60s,"A_continuous_South_Korean_rainy_city_street_scene,_recorded_by_a_completely_fixed,_static,_tripod-mo-0-1779331765.2241266.mp4",7536354,d6189d4693e28093,t2v_source_repo,"output/steady_forcing_bt/t2v_60s/A_continuous_South_Korean_rainy_city_street_scene,_recorded_by_a_completely_fixed,_static,_tripod-mo-0-1779331765.2241266.mp4"
t2v,steady_forcing_bt,Steady-Forcing (BT),internal,native,60s,"A_continuous_South_Korean_urban_town_street_scene_during_snowfall,_recorded_by_a_completely_fixed,_s-0-1779332142.4023514.mp4",7623454,53362023d0f5f4fd,t2v_source_repo,"output/steady_forcing_bt/t2v_60s/A_continuous_South_Korean_urban_town_street_scene_during_snowfall,_recorded_by_a_completely_fixed,_s-0-1779332142.4023514.mp4"
t2v,steady_forcing_bt,Steady-Forcing (BT),internal,native,60s,"A_continuous_urban_fire_scene,_recorded_by_a_completely_fixed,_static,_tripod-mounted_camera._The_ca-0-1779331372.435183.mp4",7560819,7fdddb3af6c26652,t2v_source_repo,"output/steady_forcing_bt/t2v_60s/A_continuous_urban_fire_scene,_recorded_by_a_completely_fixed,_static,_tripod-mounted_camera._The_ca-0-1779331372.435183.mp4"
t2v,steady_forcing_bt,Steady-Forcing (BT),internal,native,60s,"A_dangerous_South_Korean_hilly_forest_storm_scene,_recorded_by_a_completely_fixed,_static,_tripod-mo-0-1779332328.2869577.mp4",7846774,12ec757d13400831,t2v_source_repo,"output/steady_forcing_bt/t2v_60s/A_dangerous_South_Korean_hilly_forest_storm_scene,_recorded_by_a_completely_fixed,_static,_tripod-mo-0-1779332328.2869577.mp4"
t2v,steady_forcing_bt,Steady-Forcing (BT),internal,native,60s,"A_dangerous_rural_South_Korean_river_scene_at_night,_recorded_by_a_completely_fixed,_static,_tripod--0-1779332514.4596462.mp4",7543363,ee2310b580be5bce,t2v_source_repo,"output/steady_forcing_bt/t2v_60s/A_dangerous_rural_South_Korean_river_scene_at_night,_recorded_by_a_completely_fixed,_static,_tripod--0-1779332514.4596462.mp4"
t2v,steady_forcing_bt,Steady-Forcing (BT),internal,native,60s,"A_high_desert_canyon_scene_featuring_a_wide_river_sweeping_forward_carrying_foam_and_debris,_recorde-0-1779330218.5570102.mp4",7628094,e2272cab04c1c393,t2v_source_repo,"output/steady_forcing_bt/t2v_60s/A_high_desert_canyon_scene_featuring_a_wide_river_sweeping_forward_carrying_foam_and_debris,_recorde-0-1779330218.5570102.mp4"
t2v,steady_forcing_bt,Steady-Forcing (BT),internal,native,60s,"A_serene_woodland_stream_scene,_recorded_by_a_completely_fixed,_static,_tripod-mounted_camera._The_c-0-1779328688.7005646.mp4",7597052,939ba58324517023,t2v_source_repo,"output/steady_forcing_bt/t2v_60s/A_serene_woodland_stream_scene,_recorded_by_a_completely_fixed,_static,_tripod-mounted_camera._The_c-0-1779328688.7005646.mp4"
t2v,steady_forcing_bt,Steady-Forcing (BT),internal,native,60s,"A_storm-swollen_rural_stream,_recorded_by_a_fixed_tripod_camera._The_solid_paved_road_and_motionless-0-1779331180.3559551.mp4",7501932,91d2cc456cfe8a47,t2v_source_repo,"output/steady_forcing_bt/t2v_60s/A_storm-swollen_rural_stream,_recorded_by_a_fixed_tripod_camera._The_solid_paved_road_and_motionless-0-1779331180.3559551.mp4"
t2v,steady_forcing_bt,Steady-Forcing (BT),internal,native,60s,"A_stormy_sea_cliff_in_South_Korea,_recorded_by_a_static_tripod_camera._The_heavy_stone_cliffs_and_im-0-1779332703.5665734.mp4",7496402,f188ad6bbb9c1cb1,t2v_source_repo,"output/steady_forcing_bt/t2v_60s/A_stormy_sea_cliff_in_South_Korea,_recorded_by_a_static_tripod_camera._The_heavy_stone_cliffs_and_im-0-1779332703.5665734.mp4"
t2v,steady_forcing_bt,Steady-Forcing (BT),internal,native,60s,"A_stunning_South_Korean_urban_neighborhood_park_scene_during_cherry_blossom_season,_recorded_by_a_co-0-1779331950.885946.mp4",7680884,28663923f8e27d22,t2v_source_repo,"output/steady_forcing_bt/t2v_60s/A_stunning_South_Korean_urban_neighborhood_park_scene_during_cherry_blossom_season,_recorded_by_a_co-0-1779331950.885946.mp4"
t2v,steady_forcing_bt,Steady-Forcing (BT),internal,native,60s,"A_stunning_tranquil_river_scene_beneath_a_concrete_bridge,_recorded_by_a_completely_fixed,_static,_t-0-1779328512.967359.mp4",7617105,f9744adfeaa7334c,t2v_source_repo,"output/steady_forcing_bt/t2v_60s/A_stunning_tranquil_river_scene_beneath_a_concrete_bridge,_recorded_by_a_completely_fixed,_static,_t-0-1779328512.967359.mp4"
t2v,steady_forcing_bt,Steady-Forcing (BT),internal,native,60s,"A_tranquil_mountain_stream_in_a_rural_South_Korean_valley,_recorded_by_a_completely_fixed,_static,_t-0-1779329064.931559.mp4",7523617,0ce9f73010f5331b,t2v_source_repo,"output/steady_forcing_bt/t2v_60s/A_tranquil_mountain_stream_in_a_rural_South_Korean_valley,_recorded_by_a_completely_fixed,_static,_t-0-1779329064.931559.mp4"
t2v,steady_forcing_bt,Steady-Forcing (BT),internal,native,60s,"A_tropical_jungle_clearing_featuring_a_broad_lowland_river_coursing_powerfully_through_the_channel,_-0-1779330028.3390503.mp4",7580338,efa3168964099cc8,t2v_source_repo,"output/steady_forcing_bt/t2v_60s/A_tropical_jungle_clearing_featuring_a_broad_lowland_river_coursing_powerfully_through_the_channel,_-0-1779330028.3390503.mp4"
t2v,steady_forcing_bt,Steady-Forcing (BT),internal,native,60s,"An_alpine_meadow_below_snowline_featuring_a_multi-tiered_waterfall_gliding_swiftly_with_dark,_deep_c-0-1779329824.2781677.mp4",7573631,96a179b1a687981e,t2v_source_repo,"output/steady_forcing_bt/t2v_60s/An_alpine_meadow_below_snowline_featuring_a_multi-tiered_waterfall_gliding_swiftly_with_dark,_deep_c-0-1779329824.2781677.mp4"
t2v,steady_forcing_bt,Steady-Forcing (BT),internal,native,60s,"An_ancient_stone_city_waterway_featuring_fast-moving_rapids_streaming_endlessly_in_one_direction,_re-0-1779329439.51249.mp4",7475020,4798499f9c52f800,t2v_source_repo,"output/steady_forcing_bt/t2v_60s/An_ancient_stone_city_waterway_featuring_fast-moving_rapids_streaming_endlessly_in_one_direction,_re-0-1779329439.51249.mp4"
t2v,steady_forcing_bt,Steady-Forcing (BT),internal,native,60s,"An_urban_storm_drain_canal,_recorded_by_a_static_tripod_camera._The_heavy_concrete_walls_and_immovab-0-1779330781.6642616.mp4",7640467,8a00dc8d385e83d4,t2v_source_repo,"output/steady_forcing_bt/t2v_60s/An_urban_storm_drain_canal,_recorded_by_a_static_tripod_camera._The_heavy_concrete_walls_and_immovab-0-1779330781.6642616.mp4"
t2v,steady_forcing_bt,Steady-Forcing (BT),internal,native,120s,"A_cinematic_wide_shot_of_a_serene_forest_river,_its_crystal-clear_water_flowing_gently_and_unendingl-0-1779334178.0582945.mp4",15153135,378b25e5bd2309a5,t2v_source_repo,"output/steady_forcing_bt/t2v_120s/A_cinematic_wide_shot_of_a_serene_forest_river,_its_crystal-clear_water_flowing_gently_and_unendingl-0-1779334178.0582945.mp4"
t2v,steady_forcing_bt,Steady-Forcing (BT),internal,native,120s,"A_dangerous_hillside_storm,_recorded_by_a_static_tripod_camera._The_immovable_rocky_slopes_and_solid-0-1779336079.9119606.mp4",15589017,5f8cc8b0368a948c,t2v_source_repo,"output/steady_forcing_bt/t2v_120s/A_dangerous_hillside_storm,_recorded_by_a_static_tripod_camera._The_immovable_rocky_slopes_and_solid-0-1779336079.9119606.mp4"
t2v,steady_forcing_bt,Steady-Forcing (BT),internal,native,120s,"A_dramatic_medium_shot_of_a_massive_mountain_waterfall,_deep_blue_water_crashing_and_splashing_viole-0-1779334563.2915363.mp4",15502019,bb063a8e3ff217bc,t2v_source_repo,"output/steady_forcing_bt/t2v_120s/A_dramatic_medium_shot_of_a_massive_mountain_waterfall,_deep_blue_water_crashing_and_splashing_viole-0-1779334563.2915363.mp4"
t2v,steady_forcing_bt,Steady-Forcing (BT),internal,native,120s,"A_rainy_urban_street_at_night,_recorded_by_a_fixed_tripod_camera._The_solid_concrete_buildings_and_m-0-1779335699.394575.mp4",15287886,4a34fedd4c76c29f,t2v_source_repo,"output/steady_forcing_bt/t2v_120s/A_rainy_urban_street_at_night,_recorded_by_a_fixed_tripod_camera._The_solid_concrete_buildings_and_m-0-1779335699.394575.mp4"
t2v,steady_forcing_bt,Steady-Forcing (BT),internal,native,120s,"A_tranquil_rural_canal_beside_a_heavy_stone_embankment,_recorded_by_a_completely_fixed,_static,_trip-0-1779335317.2475579.mp4",14973842,6fde1ab224b73253,t2v_source_repo,"output/steady_forcing_bt/t2v_120s/A_tranquil_rural_canal_beside_a_heavy_stone_embankment,_recorded_by_a_completely_fixed,_static,_trip-0-1779335317.2475579.mp4"
t2v,steady_forcing_bt,Steady-Forcing (BT),internal,native,120s,An_alpine_meadow_below_snowline_featuring_a_broad_lowland_river_rushing_downstream_in_a_relentless_c-0-1779334944.2060149.mp4,15355364,c8b20a1b423b5b0a,t2v_source_repo,output/steady_forcing_bt/t2v_120s/An_alpine_meadow_below_snowline_featuring_a_broad_lowland_river_rushing_downstream_in_a_relentless_c-0-1779334944.2060149.mp4
t2v,steady_forcing_bt,Steady-Forcing (BT),internal,native,240s,"A_South_Korean_urban_rainstorm,_recorded_by_a_fixed_tripod_camera._Rain_falls_continuously_onto_the_-0-1779345687.0092273.mp4",30551230,78c910e1d1f514bf,t2v_source_repo,"output/steady_forcing_bt/t2v_240s/A_South_Korean_urban_rainstorm,_recorded_by_a_fixed_tripod_camera._Rain_falls_continuously_onto_the_-0-1779345687.0092273.mp4"
t2v,steady_forcing_bt,Steady-Forcing (BT),internal,native,240s,"A_massive_mountain_waterfall_crashing_continuously_into_a_misty_pool,_recorded_by_a_completely_fixed-0-1779343775.4229198.mp4",31013523,a359472fe4a62c40,t2v_source_repo,"output/steady_forcing_bt/t2v_240s/A_massive_mountain_waterfall_crashing_continuously_into_a_misty_pool,_recorded_by_a_completely_fixed-0-1779343775.4229198.mp4"
t2v,steady_forcing_bt,Steady-Forcing (BT),internal,native,240s,"A_serene_forest_river,_its_clear_water_flowing_over_smooth_stones_without_pause_or_interruption,_rec-0-1779334841.5164933.mp4",30467330,12c5e722d0edff00,t2v_source_repo,"output/steady_forcing_bt/t2v_240s/A_serene_forest_river,_its_clear_water_flowing_over_smooth_stones_without_pause_or_interruption,_rec-0-1779334841.5164933.mp4"
t2v,steady_forcing_bt,Steady-Forcing (BT),internal,native,240s,"A_serene_forest_river,_its_clear_water_flowing_over_smooth_stones_without_pause_or_interruption,_rec-0-1779339247.635059.mp4",30467330,12c5e722d0edff00,t2v_source_repo,"output/steady_forcing_bt/t2v_240s/A_serene_forest_river,_its_clear_water_flowing_over_smooth_stones_without_pause_or_interruption,_rec-0-1779339247.635059.mp4"
t2v,steady_forcing_bt,Steady-Forcing (BT),internal,native,240s,"A_serene_forest_river,_its_clear_water_flowing_over_smooth_stones_without_pause_or_interruption,_rec-0-1779342196.7044365.mp4",30467330,12c5e722d0edff00,t2v_source_repo,"output/steady_forcing_bt/t2v_240s/A_serene_forest_river,_its_clear_water_flowing_over_smooth_stones_without_pause_or_interruption,_rec-0-1779342196.7044365.mp4"
t2v,steady_forcing_bt,Steady-Forcing (BT),internal,native,240s,"A_violent_hillside_storm,_recorded_by_a_static_tripod_camera._Tall_trees_thrash_continuously_in_fier-0-1779347883.009283.mp4",30836119,956a023f7a18e75a,t2v_source_repo,"output/steady_forcing_bt/t2v_240s/A_violent_hillside_storm,_recorded_by_a_static_tripod_camera._Tall_trees_thrash_continuously_in_fier-0-1779347883.009283.mp4"
i2v,chunk6,Causal-Forcing++ (2-step),public,matched,5s,"A completely fixed, static, macro-closeup tripod-mounted camera records heavy rainfall falling direc.mp4",737095,19deb3204274a832,i2v_source_repo,"output/eval/chunk6/5s/A completely fixed, static, macro-closeup tripod-mounted camera records heavy rainfall falling direc.mp4"
i2v,chunk6,Causal-Forcing++ (2-step),public,matched,5s,"A completely fixed, static, tripod-mounted camera records a burning indoor fireplace from a direct f.mp4",754720,c7f64cf301932d5a,i2v_source_repo,"output/eval/chunk6/5s/A completely fixed, static, tripod-mounted camera records a burning indoor fireplace from a direct f.mp4"
i2v,chunk6,Causal-Forcing++ (2-step),public,matched,5s,"A completely fixed, static, tripod-mounted camera records a calm urban river at deep blue twilight f.mp4",757965,696a939f30d5cad4,i2v_source_repo,"output/eval/chunk6/5s/A completely fixed, static, tripod-mounted camera records a calm urban river at deep blue twilight f.mp4"
i2v,chunk6,Causal-Forcing++ (2-step),public,matched,5s,"A completely fixed, static, tripod-mounted camera records a catastrophic desert haboob sandstorm app.mp4",789019,a60609235975dac1,i2v_source_repo,"output/eval/chunk6/5s/A completely fixed, static, tripod-mounted camera records a catastrophic desert haboob sandstorm app.mp4"
i2v,chunk6,Causal-Forcing++ (2-step),public,matched,5s,"A completely fixed, static, tripod-mounted camera records a dense urban residential and commercial d.mp4",768502,4e323f82f1bda762,i2v_source_repo,"output/eval/chunk6/5s/A completely fixed, static, tripod-mounted camera records a dense urban residential and commercial d.mp4"
i2v,chunk6,Causal-Forcing++ (2-step),public,matched,5s,"A completely fixed, static, tripod-mounted camera records a historic Kyoto canal lined with cherry b.mp4",789180,3f507f8418ac9562,i2v_source_repo,"output/eval/chunk6/5s/A completely fixed, static, tripod-mounted camera records a historic Kyoto canal lined with cherry b.mp4"
i2v,chunk6,Causal-Forcing++ (2-step),public,matched,5s,"A completely fixed, static, tripod-mounted camera records an active snowfall over the ornate Bow Bri.mp4",784961,e3b72ba5aed9d2dd,i2v_source_repo,"output/eval/chunk6/5s/A completely fixed, static, tripod-mounted camera records an active snowfall over the ornate Bow Bri.mp4"
i2v,chunk6,Causal-Forcing++ (2-step),public,matched,5s,"A completely fixed, static, tripod-mounted camera records an active volcanic lava flow field at blue.mp4",835389,9fa08bdca277c47d,i2v_source_repo,"output/eval/chunk6/5s/A completely fixed, static, tripod-mounted camera records an active volcanic lava flow field at blue.mp4"
i2v,chunk6,Causal-Forcing++ (2-step),public,matched,5s,"A completely fixed, static, tripod-mounted camera records an extremely heavy nighttime snowfall on a.mp4",757641,dce8b5dd9c8ffcf9,i2v_source_repo,"output/eval/chunk6/5s/A completely fixed, static, tripod-mounted camera records an extremely heavy nighttime snowfall on a.mp4"
i2v,chunk6,Causal-Forcing++ (2-step),public,matched,5s,"A completely fixed, static, tripod-mounted camera records an urban intersection fire and explosion e.mp4",799453,932446d978df9b72,i2v_source_repo,"output/eval/chunk6/5s/A completely fixed, static, tripod-mounted camera records an urban intersection fire and explosion e.mp4"
i2v,chunk6,Causal-Forcing++ (2-step),public,matched,60s,"A completely fixed, static, macro tripod-mounted camera records heavy urban rainfall from an extreme.mp4",7755478,2288dc60108a56be,i2v_source_repo,"output/eval/chunk6/60s/A completely fixed, static, macro tripod-mounted camera records heavy urban rainfall from an extreme.mp4"
i2v,chunk6,Causal-Forcing++ (2-step),public,matched,60s,"A completely fixed, static, macro-range tripod-mounted camera records a rain-streaked window pane wi.mp4",7634283,9e6d7a3d03360db4,i2v_source_repo,"output/eval/chunk6/60s/A completely fixed, static, macro-range tripod-mounted camera records a rain-streaked window pane wi.mp4"
i2v,chunk6,Causal-Forcing++ (2-step),public,matched,60s,"A completely fixed, static, tripod-mounted camera records a burning forest campfire at night from a .mp4",7723987,b05cba8f3be7ec93,i2v_source_repo,"output/eval/chunk6/60s/A completely fixed, static, tripod-mounted camera records a burning forest campfire at night from a .mp4"
i2v,chunk6,Causal-Forcing++ (2-step),public,matched,60s,"A completely fixed, static, tripod-mounted camera records a calm overcast coastal beach scene from a.mp4",7725627,a0e676291c61ee38,i2v_source_repo,"output/eval/chunk6/60s/A completely fixed, static, tripod-mounted camera records a calm overcast coastal beach scene from a.mp4"
i2v,chunk6,Causal-Forcing++ (2-step),public,matched,60s,"A completely fixed, static, tripod-mounted camera records a calm winter river from a slightly elevat.mp4",7716874,b94471f15d672867,i2v_source_repo,"output/eval/chunk6/60s/A completely fixed, static, tripod-mounted camera records a calm winter river from a slightly elevat.mp4"
i2v,chunk6,Causal-Forcing++ (2-step),public,matched,60s,"A completely fixed, static, tripod-mounted camera records a clear summer forest stream with boulder .mp4",7650774,a46ba6b758624894,i2v_source_repo,"output/eval/chunk6/60s/A completely fixed, static, tripod-mounted camera records a clear summer forest stream with boulder .mp4"
i2v,chunk6,Causal-Forcing++ (2-step),public,matched,60s,"A completely fixed, static, tripod-mounted camera records a coastal tuff cone headland and the open .mp4",7715802,380950a9fe43b528,i2v_source_repo,"output/eval/chunk6/60s/A completely fixed, static, tripod-mounted camera records a coastal tuff cone headland and the open .mp4"
i2v,chunk6,Causal-Forcing++ (2-step),public,matched,60s,"A completely fixed, static, tripod-mounted camera records a desert dust storm sweeping across a flat.mp4",7697803,8e992afec4949829,i2v_source_repo,"output/eval/chunk6/60s/A completely fixed, static, tripod-mounted camera records a desert dust storm sweeping across a flat.mp4"
i2v,chunk6,Causal-Forcing++ (2-step),public,matched,60s,"A completely fixed, static, tripod-mounted camera records a fast mountain river cascading over a bou.mp4",7728719,07019e75a6ba5226,i2v_source_repo,"output/eval/chunk6/60s/A completely fixed, static, tripod-mounted camera records a fast mountain river cascading over a bou.mp4"
i2v,chunk6,Causal-Forcing++ (2-step),public,matched,60s,"A completely fixed, static, tripod-mounted camera records a gentle clear forest stream in a lush gre.mp4",7698871,2214f851f4b647e7,i2v_source_repo,"output/eval/chunk6/60s/A completely fixed, static, tripod-mounted camera records a gentle clear forest stream in a lush gre.mp4"
i2v,chunk6,Causal-Forcing++ (2-step),public,matched,60s,"A completely fixed, static, tripod-mounted camera records a heavy daytime snowstorm on a dense city .mp4",7652204,14ffb407f563467a,i2v_source_repo,"output/eval/chunk6/60s/A completely fixed, static, tripod-mounted camera records a heavy daytime snowstorm on a dense city .mp4"
i2v,chunk6,Causal-Forcing++ (2-step),public,matched,60s,"A completely fixed, static, tripod-mounted camera records a heavy nighttime snowfall on a quiet hist.mp4",7679094,13d502e413512126,i2v_source_repo,"output/eval/chunk6/60s/A completely fixed, static, tripod-mounted camera records a heavy nighttime snowfall on a quiet hist.mp4"
i2v,chunk6,Causal-Forcing++ (2-step),public,matched,60s,"A completely fixed, static, tripod-mounted camera records a lone windswept pine clinging to a bare r.mp4",7665853,de69e467f92b3e35,i2v_source_repo,"output/eval/chunk6/60s/A completely fixed, static, tripod-mounted camera records a lone windswept pine clinging to a bare r.mp4"
i2v,chunk6,Causal-Forcing++ (2-step),public,matched,60s,"A completely fixed, static, tripod-mounted camera records a multi-tiered cascading forest stream fro.mp4",7711952,f9c5d8e1d8f5646a,i2v_source_repo,"output/eval/chunk6/60s/A completely fixed, static, tripod-mounted camera records a multi-tiered cascading forest stream fro.mp4"
i2v,chunk6,Causal-Forcing++ (2-step),public,matched,60s,"A completely fixed, static, tripod-mounted camera records a quiet urban park river at night. The cam.mp4",7682154,2283af601e6d1906,i2v_source_repo,"output/eval/chunk6/60s/A completely fixed, static, tripod-mounted camera records a quiet urban park river at night. The cam.mp4"
i2v,chunk6,Causal-Forcing++ (2-step),public,matched,60s,"A completely fixed, static, tripod-mounted camera records a rain-drenched forest path in late aftern.mp4",7758961,d2907117a8b78698,i2v_source_repo,"output/eval/chunk6/60s/A completely fixed, static, tripod-mounted camera records a rain-drenched forest path in late aftern.mp4"
i2v,chunk6,Causal-Forcing++ (2-step),public,matched,60s,"A completely fixed, static, tripod-mounted camera records a swollen muddy flood torrent surging thro.mp4",7707074,aec040330a797858,i2v_source_repo,"output/eval/chunk6/60s/A completely fixed, static, tripod-mounted camera records a swollen muddy flood torrent surging thro.mp4"
i2v,chunk6,Causal-Forcing++ (2-step),public,matched,60s,"A completely fixed, static, tripod-mounted camera records a swollen winter flood river from a low ba.mp4",7663956,862bb41da7ba3abe,i2v_source_repo,"output/eval/chunk6/60s/A completely fixed, static, tripod-mounted camera records a swollen winter flood river from a low ba.mp4"
i2v,chunk6,Causal-Forcing++ (2-step),public,matched,60s,"A completely fixed, static, tripod-mounted camera records a tranquil moonlit ocean seascape at night.mp4",7693406,336173af4ef30958,i2v_source_repo,"output/eval/chunk6/60s/A completely fixed, static, tripod-mounted camera records a tranquil moonlit ocean seascape at night.mp4"
i2v,chunk6,Causal-Forcing++ (2-step),public,matched,60s,"A completely fixed, static, tripod-mounted camera records a tranquil street in a Japanese city durin.mp4",7667570,078978f2dcc736fb,i2v_source_repo,"output/eval/chunk6/60s/A completely fixed, static, tripod-mounted camera records a tranquil street in a Japanese city durin.mp4"
i2v,chunk6,Causal-Forcing++ (2-step),public,matched,60s,"A completely fixed, static, tripod-mounted camera records a tropical beach with overhanging coconut .mp4",7692443,42145dc5ba720425,i2v_source_repo,"output/eval/chunk6/60s/A completely fixed, static, tripod-mounted camera records a tropical beach with overhanging coconut .mp4"
i2v,chunk6,Causal-Forcing++ (2-step),public,matched,60s,"A completely fixed, static, tripod-mounted camera records a violent volcanic eruption at deep blue h.mp4",7781846,c6be55cf2798c314,i2v_source_repo,"output/eval/chunk6/60s/A completely fixed, static, tripod-mounted camera records a violent volcanic eruption at deep blue h.mp4"
i2v,chunk6,Causal-Forcing++ (2-step),public,matched,60s,"A completely fixed, static, tripod-mounted camera records an active snowfall in a dense mountain spr.mp4",7524148,3e97b26dcbb488b1,i2v_source_repo,"output/eval/chunk6/60s/A completely fixed, static, tripod-mounted camera records an active snowfall in a dense mountain spr.mp4"
i2v,chunk6,Causal-Forcing++ (2-step),public,matched,60s,"A completely fixed, static, tripod-mounted camera records an active snowfall over a wide open alpine.mp4",7787369,cdaca4e1cb316f4e,i2v_source_repo,"output/eval/chunk6/60s/A completely fixed, static, tripod-mounted camera records an active snowfall over a wide open alpine.mp4"
i2v,chunk6,Causal-Forcing++ (2-step),public,matched,60s,"A completely fixed, static, tripod-mounted camera records an active volcanic lava ocean entry event .mp4",7657878,b2a50bc61497f3c0,i2v_source_repo,"output/eval/chunk6/60s/A completely fixed, static, tripod-mounted camera records an active volcanic lava ocean entry event .mp4"
i2v,chunk6,Causal-Forcing++ (2-step),public,matched,60s,"A completely fixed, static, tripod-mounted camera records an erupting stratovolcano at golden sunset.mp4",7699754,7208b3040845abac,i2v_source_repo,"output/eval/chunk6/60s/A completely fixed, static, tripod-mounted camera records an erupting stratovolcano at golden sunset.mp4"
i2v,chunk6,Causal-Forcing++ (2-step),public,matched,60s,"A completely fixed, static, tripod-mounted camera records an extremely heavy nighttime snowfall on a.mp4",7715087,fdbb35d56ae0fcc7,i2v_source_repo,"output/eval/chunk6/60s/A completely fixed, static, tripod-mounted camera records an extremely heavy nighttime snowfall on a.mp4"
i2v,chunk6,Causal-Forcing++ (2-step),public,matched,60s,"A completely fixed, static, tripod-mounted camera records moderate rainfall in a cultivated garden a.mp4",7788420,24f207c6045202b6,i2v_source_repo,"output/eval/chunk6/60s/A completely fixed, static, tripod-mounted camera records moderate rainfall in a cultivated garden a.mp4"
i2v,chunk6,Causal-Forcing++ (2-step),public,matched,60s,"A completely fixed, static, tripod-mounted camera records the underside of a long concrete river bri.mp4",7688940,936870e9b6e4b655,i2v_source_repo,"output/eval/chunk6/60s/A completely fixed, static, tripod-mounted camera records the underside of a long concrete river bri.mp4"
i2v,chunk6,Causal-Forcing++ (2-step),public,matched,60s,"A completely fixed, static, tripod-mounted camera records two coconut palms thrashing in a violent t.mp4",7664093,c7989cf956d4677b,i2v_source_repo,"output/eval/chunk6/60s/A completely fixed, static, tripod-mounted camera records two coconut palms thrashing in a violent t.mp4"
i2v,chunk6,Causal-Forcing++ (2-step),public,matched,120s,"A completely fixed, static, aerial tripod-mounted camera records an active lava flow cutting through.mp4",15346654,59e191402ca0722c,i2v_source_repo,"output/eval/chunk6/120s/A completely fixed, static, aerial tripod-mounted camera records an active lava flow cutting through.mp4"
i2v,chunk6,Causal-Forcing++ (2-step),public,matched,120s,"A completely fixed, static, close-range tripod-mounted camera records a massive open-ocean wave pitc.mp4",15393028,1d970199cdca91e8,i2v_source_repo,"output/eval/chunk6/120s/A completely fixed, static, close-range tripod-mounted camera records a massive open-ocean wave pitc.mp4"
i2v,chunk6,Causal-Forcing++ (2-step),public,matched,120s,"A completely fixed, static, close-range tripod-mounted camera records a single large ocean wave curl.mp4",15589966,450780c416068c01,i2v_source_repo,"output/eval/chunk6/120s/A completely fixed, static, close-range tripod-mounted camera records a single large ocean wave curl.mp4"
i2v,chunk6,Causal-Forcing++ (2-step),public,matched,120s,"A completely fixed, static, close-range tripod-mounted camera records a small forest creek cascading.mp4",15372588,4f1c99b09a9fa07a,i2v_source_repo,"output/eval/chunk6/120s/A completely fixed, static, close-range tripod-mounted camera records a small forest creek cascading.mp4"
i2v,chunk6,Causal-Forcing++ (2-step),public,matched,120s,"A completely fixed, static, low-water-level tripod-mounted camera records a calm mountain river flow.mp4",15456401,53344742ec16e358,i2v_source_repo,"output/eval/chunk6/120s/A completely fixed, static, low-water-level tripod-mounted camera records a calm mountain river flow.mp4"
i2v,chunk6,Causal-Forcing++ (2-step),public,matched,120s,"A completely fixed, static, tripod-mounted camera records a bright blue sky filled with drifting whi.mp4",15605627,e90350f5bf48e3cd,i2v_source_repo,"output/eval/chunk6/120s/A completely fixed, static, tripod-mounted camera records a bright blue sky filled with drifting whi.mp4"
i2v,chunk6,Causal-Forcing++ (2-step),public,matched,120s,"A completely fixed, static, tripod-mounted camera records a channelized urban river running through .mp4",15289214,69a13aad952587f1,i2v_source_repo,"output/eval/chunk6/120s/A completely fixed, static, tripod-mounted camera records a channelized urban river running through .mp4"
i2v,chunk6,Causal-Forcing++ (2-step),public,matched,120s,"A completely fixed, static, tripod-mounted camera records a clear river flowing past a grassy bank a.mp4",15441513,c66311561e271375,i2v_source_repo,"output/eval/chunk6/120s/A completely fixed, static, tripod-mounted camera records a clear river flowing past a grassy bank a.mp4"
i2v,chunk6,Causal-Forcing++ (2-step),public,matched,120s,"A completely fixed, static, tripod-mounted camera records a dense city at dusk with a massive dark p.mp4",15554453,e6e84e0d3552f55d,i2v_source_repo,"output/eval/chunk6/120s/A completely fixed, static, tripod-mounted camera records a dense city at dusk with a massive dark p.mp4"
i2v,chunk6,Causal-Forcing++ (2-step),public,matched,120s,"A completely fixed, static, tripod-mounted camera records a desert dust storm advancing across a fla.mp4",15461921,a8d68e42d582d546,i2v_source_repo,"output/eval/chunk6/120s/A completely fixed, static, tripod-mounted camera records a desert dust storm advancing across a fla.mp4"
i2v,chunk6,Causal-Forcing++ (2-step),public,matched,120s,"A completely fixed, static, tripod-mounted camera records a fast mountain river running through a ro.mp4",15438195,4c7e3b41632bf5fa,i2v_source_repo,"output/eval/chunk6/120s/A completely fixed, static, tripod-mounted camera records a fast mountain river running through a ro.mp4"
i2v,chunk6,Causal-Forcing++ (2-step),public,matched,120s,"A completely fixed, static, tripod-mounted camera records a heavy snowfall over a snow-covered alpin.mp4",15172525,432ae231cc683d27,i2v_source_repo,"output/eval/chunk6/120s/A completely fixed, static, tripod-mounted camera records a heavy snowfall over a snow-covered alpin.mp4"
i2v,chunk6,Causal-Forcing++ (2-step),public,matched,120s,"A completely fixed, static, tripod-mounted camera records a long row of tall palms thrashing in a tr.mp4",15465877,4ef3c8090f73e4f3,i2v_source_repo,"output/eval/chunk6/120s/A completely fixed, static, tripod-mounted camera records a long row of tall palms thrashing in a tr.mp4"
i2v,chunk6,Causal-Forcing++ (2-step),public,matched,120s,"A completely fixed, static, tripod-mounted camera records a nighttime city skyline backed by a large.mp4",15420201,d2893f3b93d8f86d,i2v_source_repo,"output/eval/chunk6/120s/A completely fixed, static, tripod-mounted camera records a nighttime city skyline backed by a large.mp4"
i2v,chunk6,Causal-Forcing++ (2-step),public,matched,120s,"A completely fixed, static, tripod-mounted camera records a rainy narrow city alley at night in desa.mp4",15350178,6efe9b9f8c3bd97a,i2v_source_repo,"output/eval/chunk6/120s/A completely fixed, static, tripod-mounted camera records a rainy narrow city alley at night in desa.mp4"
i2v,chunk6,Causal-Forcing++ (2-step),public,matched,120s,"A completely fixed, static, tripod-mounted camera records a swollen flood river spilling across subm.mp4",15313414,92373bf1ccdc2341,i2v_source_repo,"output/eval/chunk6/120s/A completely fixed, static, tripod-mounted camera records a swollen flood river spilling across subm.mp4"
i2v,chunk6,Causal-Forcing++ (2-step),public,matched,120s,"A completely fixed, static, tripod-mounted camera records a tree-lined city street in autumn with fa.mp4",15506884,e23cdae55ea66263,i2v_source_repo,"output/eval/chunk6/120s/A completely fixed, static, tripod-mounted camera records a tree-lined city street in autumn with fa.mp4"
i2v,chunk6,Causal-Forcing++ (2-step),public,matched,120s,"A completely fixed, static, tripod-mounted camera records a tropical white-sand beach with a leaning.mp4",15275096,afb2af838dbd3f53,i2v_source_repo,"output/eval/chunk6/120s/A completely fixed, static, tripod-mounted camera records a tropical white-sand beach with a leaning.mp4"
i2v,chunk6,Causal-Forcing++ (2-step),public,matched,120s,"A completely fixed, static, tripod-mounted camera records an active grass-and-brush wildfire spreadi.mp4",15608466,ef09fd285b15457b,i2v_source_repo,"output/eval/chunk6/120s/A completely fixed, static, tripod-mounted camera records an active grass-and-brush wildfire spreadi.mp4"
i2v,chunk6,Causal-Forcing++ (2-step),public,matched,120s,"A completely fixed, static, tripod-mounted camera records an extremely heavy daytime snowfall over a.mp4",15422479,4dc0a9f47af75209,i2v_source_repo,"output/eval/chunk6/120s/A completely fixed, static, tripod-mounted camera records an extremely heavy daytime snowfall over a.mp4"
i2v,chunk6,Causal-Forcing++ (2-step),public,matched,240s,"A completely fixed, static, close-range tripod-mounted camera records heavy tropical rain pouring of.mp4",30688335,bc2baee6691d81da,i2v_source_repo,"output/eval/chunk6/240s/A completely fixed, static, close-range tripod-mounted camera records heavy tropical rain pouring of.mp4"
i2v,chunk6,Causal-Forcing++ (2-step),public,matched,240s,"A completely fixed, static, tripod-mounted camera records a calm tropical bay framed by a large over.mp4",30746164,03b6d95cbfc27b5e,i2v_source_repo,"output/eval/chunk6/240s/A completely fixed, static, tripod-mounted camera records a calm tropical bay framed by a large over.mp4"
i2v,chunk6,Causal-Forcing++ (2-step),public,matched,240s,"A completely fixed, static, tripod-mounted camera records a historic Kyoto canal lined with traditio.mp4",30699254,b4f6f556cc72068c,i2v_source_repo,"output/eval/chunk6/240s/A completely fixed, static, tripod-mounted camera records a historic Kyoto canal lined with traditio.mp4"
i2v,chunk6,Causal-Forcing++ (2-step),public,matched,240s,"A completely fixed, static, tripod-mounted camera records a tranquil tropical beach with leaning pal.mp4",30738272,e4a5b6207ee44393,i2v_source_repo,"output/eval/chunk6/240s/A completely fixed, static, tripod-mounted camera records a tranquil tropical beach with leaning pal.mp4"
i2v,chunk6,Causal-Forcing++ (2-step),public,matched,240s,"A completely fixed, static, tripod-mounted camera records an active braided lava flow advancing acro.mp4",30917310,669ee0e236c78cba,i2v_source_repo,"output/eval/chunk6/240s/A completely fixed, static, tripod-mounted camera records an active braided lava flow advancing acro.mp4"
i2v,cf++_1step,Causal-Forcing++ (1-step),public,matched,5s,"A completely fixed, static, macro-closeup tripod-mounted camera records heavy rainfall falling direc.mp4",761092,6e03dc52d5657e1d,i2v_source_repo,"output/eval/cf++_1step/5s/A completely fixed, static, macro-closeup tripod-mounted camera records heavy rainfall falling direc.mp4"
i2v,cf++_1step,Causal-Forcing++ (1-step),public,matched,5s,"A completely fixed, static, tripod-mounted camera records a burning indoor fireplace from a direct f.mp4",757832,446836140f6d216e,i2v_source_repo,"output/eval/cf++_1step/5s/A completely fixed, static, tripod-mounted camera records a burning indoor fireplace from a direct f.mp4"
i2v,cf++_1step,Causal-Forcing++ (1-step),public,matched,5s,"A completely fixed, static, tripod-mounted camera records a calm urban river at deep blue twilight f.mp4",764198,6f759252bd8c4c33,i2v_source_repo,"output/eval/cf++_1step/5s/A completely fixed, static, tripod-mounted camera records a calm urban river at deep blue twilight f.mp4"
i2v,cf++_1step,Causal-Forcing++ (1-step),public,matched,5s,"A completely fixed, static, tripod-mounted camera records a catastrophic desert haboob sandstorm app.mp4",800339,97fce87c4767ad91,i2v_source_repo,"output/eval/cf++_1step/5s/A completely fixed, static, tripod-mounted camera records a catastrophic desert haboob sandstorm app.mp4"
i2v,cf++_1step,Causal-Forcing++ (1-step),public,matched,5s,"A completely fixed, static, tripod-mounted camera records a dense urban residential and commercial d.mp4",764198,014de00b279b65f1,i2v_source_repo,"output/eval/cf++_1step/5s/A completely fixed, static, tripod-mounted camera records a dense urban residential and commercial d.mp4"
i2v,cf++_1step,Causal-Forcing++ (1-step),public,matched,5s,"A completely fixed, static, tripod-mounted camera records a historic Kyoto canal lined with cherry b.mp4",800863,26b7ab10cc0aa811,i2v_source_repo,"output/eval/cf++_1step/5s/A completely fixed, static, tripod-mounted camera records a historic Kyoto canal lined with cherry b.mp4"
i2v,cf++_1step,Causal-Forcing++ (1-step),public,matched,5s,"A completely fixed, static, tripod-mounted camera records an active snowfall over the ornate Bow Bri.mp4",793238,dfae594131ff4f71,i2v_source_repo,"output/eval/cf++_1step/5s/A completely fixed, static, tripod-mounted camera records an active snowfall over the ornate Bow Bri.mp4"
i2v,cf++_1step,Causal-Forcing++ (1-step),public,matched,5s,"A completely fixed, static, tripod-mounted camera records an active volcanic lava flow field at blue.mp4",814636,fe58fec18525cbd2,i2v_source_repo,"output/eval/cf++_1step/5s/A completely fixed, static, tripod-mounted camera records an active volcanic lava flow field at blue.mp4"
i2v,cf++_1step,Causal-Forcing++ (1-step),public,matched,5s,"A completely fixed, static, tripod-mounted camera records an extremely heavy nighttime snowfall on a.mp4",781215,5d79e8accab52a5b,i2v_source_repo,"output/eval/cf++_1step/5s/A completely fixed, static, tripod-mounted camera records an extremely heavy nighttime snowfall on a.mp4"
i2v,cf++_1step,Causal-Forcing++ (1-step),public,matched,5s,"A completely fixed, static, tripod-mounted camera records an urban intersection fire and explosion e.mp4",793200,ba8fd2dd5f750b81,i2v_source_repo,"output/eval/cf++_1step/5s/A completely fixed, static, tripod-mounted camera records an urban intersection fire and explosion e.mp4"
i2v,cf++_1step,Causal-Forcing++ (1-step),public,matched,60s,"A completely fixed, static, macro tripod-mounted camera records heavy urban rainfall from an extreme.mp4",7876399,5839b58ae2a37282,i2v_source_repo,"output/eval/cf++_1step/60s/A completely fixed, static, macro tripod-mounted camera records heavy urban rainfall from an extreme.mp4"
i2v,cf++_1step,Causal-Forcing++ (1-step),public,matched,60s,"A completely fixed, static, macro-range tripod-mounted camera records a rain-streaked window pane wi.mp4",7651167,34697a47ebcfa938,i2v_source_repo,"output/eval/cf++_1step/60s/A completely fixed, static, macro-range tripod-mounted camera records a rain-streaked window pane wi.mp4"
i2v,cf++_1step,Causal-Forcing++ (1-step),public,matched,60s,"A completely fixed, static, tripod-mounted camera records a burning forest campfire at night from a .mp4",7768336,4d68b68729dfa23d,i2v_source_repo,"output/eval/cf++_1step/60s/A completely fixed, static, tripod-mounted camera records a burning forest campfire at night from a .mp4"
i2v,cf++_1step,Causal-Forcing++ (1-step),public,matched,60s,"A completely fixed, static, tripod-mounted camera records a calm overcast coastal beach scene from a.mp4",7877336,76847d4dc310d94b,i2v_source_repo,"output/eval/cf++_1step/60s/A completely fixed, static, tripod-mounted camera records a calm overcast coastal beach scene from a.mp4"
i2v,cf++_1step,Causal-Forcing++ (1-step),public,matched,60s,"A completely fixed, static, tripod-mounted camera records a calm winter river from a slightly elevat.mp4",7731716,df82473696844396,i2v_source_repo,"output/eval/cf++_1step/60s/A completely fixed, static, tripod-mounted camera records a calm winter river from a slightly elevat.mp4"
i2v,cf++_1step,Causal-Forcing++ (1-step),public,matched,60s,"A completely fixed, static, tripod-mounted camera records a clear summer forest stream with boulder .mp4",7723259,67278e134480cc08,i2v_source_repo,"output/eval/cf++_1step/60s/A completely fixed, static, tripod-mounted camera records a clear summer forest stream with boulder .mp4"
i2v,cf++_1step,Causal-Forcing++ (1-step),public,matched,60s,"A completely fixed, static, tripod-mounted camera records a coastal tuff cone headland and the open .mp4",7768187,c9a4ccd1e1f35abc,i2v_source_repo,"output/eval/cf++_1step/60s/A completely fixed, static, tripod-mounted camera records a coastal tuff cone headland and the open .mp4"
i2v,cf++_1step,Causal-Forcing++ (1-step),public,matched,60s,"A completely fixed, static, tripod-mounted camera records a desert dust storm sweeping across a flat.mp4",7674140,ee1eeefe23685e60,i2v_source_repo,"output/eval/cf++_1step/60s/A completely fixed, static, tripod-mounted camera records a desert dust storm sweeping across a flat.mp4"
i2v,cf++_1step,Causal-Forcing++ (1-step),public,matched,60s,"A completely fixed, static, tripod-mounted camera records a fast mountain river cascading over a bou.mp4",7696847,09a0f367367c7877,i2v_source_repo,"output/eval/cf++_1step/60s/A completely fixed, static, tripod-mounted camera records a fast mountain river cascading over a bou.mp4"
i2v,cf++_1step,Causal-Forcing++ (1-step),public,matched,60s,"A completely fixed, static, tripod-mounted camera records a gentle clear forest stream in a lush gre.mp4",7683424,6197306a80319b3b,i2v_source_repo,"output/eval/cf++_1step/60s/A completely fixed, static, tripod-mounted camera records a gentle clear forest stream in a lush gre.mp4"
i2v,cf++_1step,Causal-Forcing++ (1-step),public,matched,60s,"A completely fixed, static, tripod-mounted camera records a heavy daytime snowstorm on a dense city .mp4",7645307,1d177edb6d384163,i2v_source_repo,"output/eval/cf++_1step/60s/A completely fixed, static, tripod-mounted camera records a heavy daytime snowstorm on a dense city .mp4"
i2v,cf++_1step,Causal-Forcing++ (1-step),public,matched,60s,"A completely fixed, static, tripod-mounted camera records a heavy nighttime snowfall on a quiet hist.mp4",7717190,6c4006958f607ace,i2v_source_repo,"output/eval/cf++_1step/60s/A completely fixed, static, tripod-mounted camera records a heavy nighttime snowfall on a quiet hist.mp4"
i2v,cf++_1step,Causal-Forcing++ (1-step),public,matched,60s,"A completely fixed, static, tripod-mounted camera records a lone windswept pine clinging to a bare r.mp4",7702295,322a5569bc379083,i2v_source_repo,"output/eval/cf++_1step/60s/A completely fixed, static, tripod-mounted camera records a lone windswept pine clinging to a bare r.mp4"
i2v,cf++_1step,Causal-Forcing++ (1-step),public,matched,60s,"A completely fixed, static, tripod-mounted camera records a multi-tiered cascading forest stream fro.mp4",7717530,3bb8d93ff8bc3fc6,i2v_source_repo,"output/eval/cf++_1step/60s/A completely fixed, static, tripod-mounted camera records a multi-tiered cascading forest stream fro.mp4"
i2v,cf++_1step,Causal-Forcing++ (1-step),public,matched,60s,"A completely fixed, static, tripod-mounted camera records a quiet urban park river at night. The cam.mp4",7703331,485e58dc68869216,i2v_source_repo,"output/eval/cf++_1step/60s/A completely fixed, static, tripod-mounted camera records a quiet urban park river at night. The cam.mp4"
i2v,cf++_1step,Causal-Forcing++ (1-step),public,matched,60s,"A completely fixed, static, tripod-mounted camera records a rain-drenched forest path in late aftern.mp4",8044350,f83399aab57492df,i2v_source_repo,"output/eval/cf++_1step/60s/A completely fixed, static, tripod-mounted camera records a rain-drenched forest path in late aftern.mp4"
i2v,cf++_1step,Causal-Forcing++ (1-step),public,matched,60s,"A completely fixed, static, tripod-mounted camera records a swollen muddy flood torrent surging thro.mp4",7750819,2a4a90388f7b4961,i2v_source_repo,"output/eval/cf++_1step/60s/A completely fixed, static, tripod-mounted camera records a swollen muddy flood torrent surging thro.mp4"
i2v,cf++_1step,Causal-Forcing++ (1-step),public,matched,60s,"A completely fixed, static, tripod-mounted camera records a swollen winter flood river from a low ba.mp4",7688411,061ab389e176b947,i2v_source_repo,"output/eval/cf++_1step/60s/A completely fixed, static, tripod-mounted camera records a swollen winter flood river from a low ba.mp4"
i2v,cf++_1step,Causal-Forcing++ (1-step),public,matched,60s,"A completely fixed, static, tripod-mounted camera records a tranquil moonlit ocean seascape at night.mp4",7740468,e9240f3f1c675b9b,i2v_source_repo,"output/eval/cf++_1step/60s/A completely fixed, static, tripod-mounted camera records a tranquil moonlit ocean seascape at night.mp4"
i2v,cf++_1step,Causal-Forcing++ (1-step),public,matched,60s,"A completely fixed, static, tripod-mounted camera records a tranquil street in a Japanese city durin.mp4",7692968,77d05ec74d1b2244,i2v_source_repo,"output/eval/cf++_1step/60s/A completely fixed, static, tripod-mounted camera records a tranquil street in a Japanese city durin.mp4"
i2v,cf++_1step,Causal-Forcing++ (1-step),public,matched,60s,"A completely fixed, static, tripod-mounted camera records a tropical beach with overhanging coconut .mp4",7647912,83d41ce3e1bb08bd,i2v_source_repo,"output/eval/cf++_1step/60s/A completely fixed, static, tripod-mounted camera records a tropical beach with overhanging coconut .mp4"
i2v,cf++_1step,Causal-Forcing++ (1-step),public,matched,60s,"A completely fixed, static, tripod-mounted camera records a violent volcanic eruption at deep blue h.mp4",7740841,6b85a67d7e2d0f26,i2v_source_repo,"output/eval/cf++_1step/60s/A completely fixed, static, tripod-mounted camera records a violent volcanic eruption at deep blue h.mp4"
i2v,cf++_1step,Causal-Forcing++ (1-step),public,matched,60s,"A completely fixed, static, tripod-mounted camera records an active snowfall in a dense mountain spr.mp4",7724515,304224baa7c151f2,i2v_source_repo,"output/eval/cf++_1step/60s/A completely fixed, static, tripod-mounted camera records an active snowfall in a dense mountain spr.mp4"
i2v,cf++_1step,Causal-Forcing++ (1-step),public,matched,60s,"A completely fixed, static, tripod-mounted camera records an active snowfall over a wide open alpine.mp4",7719715,596865d03fa35c2c,i2v_source_repo,"output/eval/cf++_1step/60s/A completely fixed, static, tripod-mounted camera records an active snowfall over a wide open alpine.mp4"
i2v,cf++_1step,Causal-Forcing++ (1-step),public,matched,60s,"A completely fixed, static, tripod-mounted camera records an active volcanic lava ocean entry event .mp4",7744232,d96fa175fc158a4d,i2v_source_repo,"output/eval/cf++_1step/60s/A completely fixed, static, tripod-mounted camera records an active volcanic lava ocean entry event .mp4"
i2v,cf++_1step,Causal-Forcing++ (1-step),public,matched,60s,"A completely fixed, static, tripod-mounted camera records an erupting stratovolcano at golden sunset.mp4",7735184,9952dfde4e29528c,i2v_source_repo,"output/eval/cf++_1step/60s/A completely fixed, static, tripod-mounted camera records an erupting stratovolcano at golden sunset.mp4"
i2v,cf++_1step,Causal-Forcing++ (1-step),public,matched,60s,"A completely fixed, static, tripod-mounted camera records an extremely heavy nighttime snowfall on a.mp4",7747993,3dcca4790daaf132,i2v_source_repo,"output/eval/cf++_1step/60s/A completely fixed, static, tripod-mounted camera records an extremely heavy nighttime snowfall on a.mp4"
i2v,cf++_1step,Causal-Forcing++ (1-step),public,matched,60s,"A completely fixed, static, tripod-mounted camera records moderate rainfall in a cultivated garden a.mp4",7892131,bc3afd5244059f86,i2v_source_repo,"output/eval/cf++_1step/60s/A completely fixed, static, tripod-mounted camera records moderate rainfall in a cultivated garden a.mp4"
i2v,cf++_1step,Causal-Forcing++ (1-step),public,matched,60s,"A completely fixed, static, tripod-mounted camera records the underside of a long concrete river bri.mp4",7644382,b3015e5fbcb04228,i2v_source_repo,"output/eval/cf++_1step/60s/A completely fixed, static, tripod-mounted camera records the underside of a long concrete river bri.mp4"
i2v,cf++_1step,Causal-Forcing++ (1-step),public,matched,60s,"A completely fixed, static, tripod-mounted camera records two coconut palms thrashing in a violent t.mp4",7878243,44309b5b124a3af1,i2v_source_repo,"output/eval/cf++_1step/60s/A completely fixed, static, tripod-mounted camera records two coconut palms thrashing in a violent t.mp4"
i2v,cf++_1step,Causal-Forcing++ (1-step),public,matched,120s,"A completely fixed, static, aerial tripod-mounted camera records an active lava flow cutting through.mp4",15409040,ec56196512ec2b0a,i2v_source_repo,"output/eval/cf++_1step/120s/A completely fixed, static, aerial tripod-mounted camera records an active lava flow cutting through.mp4"
i2v,cf++_1step,Causal-Forcing++ (1-step),public,matched,120s,"A completely fixed, static, close-range tripod-mounted camera records a massive open-ocean wave pitc.mp4",15439652,252a8716547b5d6c,i2v_source_repo,"output/eval/cf++_1step/120s/A completely fixed, static, close-range tripod-mounted camera records a massive open-ocean wave pitc.mp4"
i2v,cf++_1step,Causal-Forcing++ (1-step),public,matched,120s,"A completely fixed, static, close-range tripod-mounted camera records a single large ocean wave curl.mp4",15556476,816c2b75ae749a6f,i2v_source_repo,"output/eval/cf++_1step/120s/A completely fixed, static, close-range tripod-mounted camera records a single large ocean wave curl.mp4"
i2v,cf++_1step,Causal-Forcing++ (1-step),public,matched,120s,"A completely fixed, static, close-range tripod-mounted camera records a small forest creek cascading.mp4",15425138,2edb20ee8d4c9550,i2v_source_repo,"output/eval/cf++_1step/120s/A completely fixed, static, close-range tripod-mounted camera records a small forest creek cascading.mp4"
i2v,cf++_1step,Causal-Forcing++ (1-step),public,matched,120s,"A completely fixed, static, low-water-level tripod-mounted camera records a calm mountain river flow.mp4",15562087,b701a7bde87d40a1,i2v_source_repo,"output/eval/cf++_1step/120s/A completely fixed, static, low-water-level tripod-mounted camera records a calm mountain river flow.mp4"
i2v,cf++_1step,Causal-Forcing++ (1-step),public,matched,120s,"A completely fixed, static, tripod-mounted camera records a bright blue sky filled with drifting whi.mp4",15482967,b8351730333419bc,i2v_source_repo,"output/eval/cf++_1step/120s/A completely fixed, static, tripod-mounted camera records a bright blue sky filled with drifting whi.mp4"
i2v,cf++_1step,Causal-Forcing++ (1-step),public,matched,120s,"A completely fixed, static, tripod-mounted camera records a channelized urban river running through .mp4",15311794,20451feff3d5402e,i2v_source_repo,"output/eval/cf++_1step/120s/A completely fixed, static, tripod-mounted camera records a channelized urban river running through .mp4"
i2v,cf++_1step,Causal-Forcing++ (1-step),public,matched,120s,"A completely fixed, static, tripod-mounted camera records a clear river flowing past a grassy bank a.mp4",15412732,3d2f25eed0985e31,i2v_source_repo,"output/eval/cf++_1step/120s/A completely fixed, static, tripod-mounted camera records a clear river flowing past a grassy bank a.mp4"
i2v,cf++_1step,Causal-Forcing++ (1-step),public,matched,120s,"A completely fixed, static, tripod-mounted camera records a dense city at dusk with a massive dark p.mp4",15496390,57dd7433c0dd744b,i2v_source_repo,"output/eval/cf++_1step/120s/A completely fixed, static, tripod-mounted camera records a dense city at dusk with a massive dark p.mp4"
i2v,cf++_1step,Causal-Forcing++ (1-step),public,matched,120s,"A completely fixed, static, tripod-mounted camera records a desert dust storm advancing across a fla.mp4",15477022,6e4e862479e4aa57,i2v_source_repo,"output/eval/cf++_1step/120s/A completely fixed, static, tripod-mounted camera records a desert dust storm advancing across a fla.mp4"
i2v,cf++_1step,Causal-Forcing++ (1-step),public,matched,120s,"A completely fixed, static, tripod-mounted camera records a fast mountain river running through a ro.mp4",15499975,8de379852b526773,i2v_source_repo,"output/eval/cf++_1step/120s/A completely fixed, static, tripod-mounted camera records a fast mountain river running through a ro.mp4"
i2v,cf++_1step,Causal-Forcing++ (1-step),public,matched,120s,"A completely fixed, static, tripod-mounted camera records a heavy snowfall over a snow-covered alpin.mp4",15355558,1652101277616837,i2v_source_repo,"output/eval/cf++_1step/120s/A completely fixed, static, tripod-mounted camera records a heavy snowfall over a snow-covered alpin.mp4"
i2v,cf++_1step,Causal-Forcing++ (1-step),public,matched,120s,"A completely fixed, static, tripod-mounted camera records a long row of tall palms thrashing in a tr.mp4",15415714,9083665e3da361b5,i2v_source_repo,"output/eval/cf++_1step/120s/A completely fixed, static, tripod-mounted camera records a long row of tall palms thrashing in a tr.mp4"
i2v,cf++_1step,Causal-Forcing++ (1-step),public,matched,120s,"A completely fixed, static, tripod-mounted camera records a nighttime city skyline backed by a large.mp4",15386373,e11372187d07bb48,i2v_source_repo,"output/eval/cf++_1step/120s/A completely fixed, static, tripod-mounted camera records a nighttime city skyline backed by a large.mp4"
i2v,cf++_1step,Causal-Forcing++ (1-step),public,matched,120s,"A completely fixed, static, tripod-mounted camera records a rainy narrow city alley at night in desa.mp4",15651286,25592a5be6598772,i2v_source_repo,"output/eval/cf++_1step/120s/A completely fixed, static, tripod-mounted camera records a rainy narrow city alley at night in desa.mp4"
i2v,cf++_1step,Causal-Forcing++ (1-step),public,matched,120s,"A completely fixed, static, tripod-mounted camera records a swollen flood river spilling across subm.mp4",15331851,b3cfa1cad9bc1184,i2v_source_repo,"output/eval/cf++_1step/120s/A completely fixed, static, tripod-mounted camera records a swollen flood river spilling across subm.mp4"
i2v,cf++_1step,Causal-Forcing++ (1-step),public,matched,120s,"A completely fixed, static, tripod-mounted camera records a tree-lined city street in autumn with fa.mp4",15653655,279526d5a8fbc8a6,i2v_source_repo,"output/eval/cf++_1step/120s/A completely fixed, static, tripod-mounted camera records a tree-lined city street in autumn with fa.mp4"
i2v,cf++_1step,Causal-Forcing++ (1-step),public,matched,120s,"A completely fixed, static, tripod-mounted camera records a tropical white-sand beach with a leaning.mp4",15304210,20e91e76379cb0ee,i2v_source_repo,"output/eval/cf++_1step/120s/A completely fixed, static, tripod-mounted camera records a tropical white-sand beach with a leaning.mp4"
i2v,cf++_1step,Causal-Forcing++ (1-step),public,matched,120s,"A completely fixed, static, tripod-mounted camera records an active grass-and-brush wildfire spreadi.mp4",15562442,098504e58f32930b,i2v_source_repo,"output/eval/cf++_1step/120s/A completely fixed, static, tripod-mounted camera records an active grass-and-brush wildfire spreadi.mp4"
i2v,cf++_1step,Causal-Forcing++ (1-step),public,matched,120s,"A completely fixed, static, tripod-mounted camera records an extremely heavy daytime snowfall over a.mp4",15423951,ddccf6aaf905d22e,i2v_source_repo,"output/eval/cf++_1step/120s/A completely fixed, static, tripod-mounted camera records an extremely heavy daytime snowfall over a.mp4"
i2v,cf++_1step,Causal-Forcing++ (1-step),public,matched,240s,"A completely fixed, static, close-range tripod-mounted camera records heavy tropical rain pouring of.mp4",30949989,5981cc2e59c08a69,i2v_source_repo,"output/eval/cf++_1step/240s/A completely fixed, static, close-range tripod-mounted camera records heavy tropical rain pouring of.mp4"
i2v,cf++_1step,Causal-Forcing++ (1-step),public,matched,240s,"A completely fixed, static, tripod-mounted camera records a calm tropical bay framed by a large over.mp4",30804941,c092acac6749cc5d,i2v_source_repo,"output/eval/cf++_1step/240s/A completely fixed, static, tripod-mounted camera records a calm tropical bay framed by a large over.mp4"
i2v,cf++_1step,Causal-Forcing++ (1-step),public,matched,240s,"A completely fixed, static, tripod-mounted camera records a historic Kyoto canal lined with traditio.mp4",30701067,cfca37fdde1ddef6,i2v_source_repo,"output/eval/cf++_1step/240s/A completely fixed, static, tripod-mounted camera records a historic Kyoto canal lined with traditio.mp4"
i2v,cf++_1step,Causal-Forcing++ (1-step),public,matched,240s,"A completely fixed, static, tripod-mounted camera records a tranquil tropical beach with leaning pal.mp4",30798796,d89737adae6ee488,i2v_source_repo,"output/eval/cf++_1step/240s/A completely fixed, static, tripod-mounted camera records a tranquil tropical beach with leaning pal.mp4"
i2v,cf++_1step,Causal-Forcing++ (1-step),public,matched,240s,"A completely fixed, static, tripod-mounted camera records an active braided lava flow advancing acro.mp4",30813944,8cd7a54814cf41a8,i2v_source_repo,"output/eval/cf++_1step/240s/A completely fixed, static, tripod-mounted camera records an active braided lava flow advancing acro.mp4"
i2v,cf_framewise,Causal-Forcing (frame-wise),public,matched,5s,"A completely fixed, static, macro-closeup tripod-mounted camera records heavy rainfall falling direc.mp4",832307,d90e8fa5aa62774e,i2v_source_repo,"output/eval/cf_framewise/5s/A completely fixed, static, macro-closeup tripod-mounted camera records heavy rainfall falling direc.mp4"
i2v,cf_framewise,Causal-Forcing (frame-wise),public,matched,5s,"A completely fixed, static, tripod-mounted camera records a burning indoor fireplace from a direct f.mp4",790812,b4f05615dab527cc,i2v_source_repo,"output/eval/cf_framewise/5s/A completely fixed, static, tripod-mounted camera records a burning indoor fireplace from a direct f.mp4"
i2v,cf_framewise,Causal-Forcing (frame-wise),public,matched,5s,"A completely fixed, static, tripod-mounted camera records a calm urban river at deep blue twilight f.mp4",838682,f682fe6ba3c7b465,i2v_source_repo,"output/eval/cf_framewise/5s/A completely fixed, static, tripod-mounted camera records a calm urban river at deep blue twilight f.mp4"
i2v,cf_framewise,Causal-Forcing (frame-wise),public,matched,5s,"A completely fixed, static, tripod-mounted camera records a catastrophic desert haboob sandstorm app.mp4",804928,06ce47b212288df9,i2v_source_repo,"output/eval/cf_framewise/5s/A completely fixed, static, tripod-mounted camera records a catastrophic desert haboob sandstorm app.mp4"
i2v,cf_framewise,Causal-Forcing (frame-wise),public,matched,5s,"A completely fixed, static, tripod-mounted camera records a dense urban residential and commercial d.mp4",811774,b119e23909e2a511,i2v_source_repo,"output/eval/cf_framewise/5s/A completely fixed, static, tripod-mounted camera records a dense urban residential and commercial d.mp4"
i2v,cf_framewise,Causal-Forcing (frame-wise),public,matched,5s,"A completely fixed, static, tripod-mounted camera records a historic Kyoto canal lined with cherry b.mp4",818697,12ad72fd7f136884,i2v_source_repo,"output/eval/cf_framewise/5s/A completely fixed, static, tripod-mounted camera records a historic Kyoto canal lined with cherry b.mp4"
i2v,cf_framewise,Causal-Forcing (frame-wise),public,matched,5s,"A completely fixed, static, tripod-mounted camera records an active snowfall over the ornate Bow Bri.mp4",825684,b4b048eb42720dce,i2v_source_repo,"output/eval/cf_framewise/5s/A completely fixed, static, tripod-mounted camera records an active snowfall over the ornate Bow Bri.mp4"
i2v,cf_framewise,Causal-Forcing (frame-wise),public,matched,5s,"A completely fixed, static, tripod-mounted camera records an active volcanic lava flow field at blue.mp4",863135,42716cd025118609,i2v_source_repo,"output/eval/cf_framewise/5s/A completely fixed, static, tripod-mounted camera records an active volcanic lava flow field at blue.mp4"
i2v,cf_framewise,Causal-Forcing (frame-wise),public,matched,5s,"A completely fixed, static, tripod-mounted camera records an extremely heavy nighttime snowfall on a.mp4",798945,7ed521eb1afd6653,i2v_source_repo,"output/eval/cf_framewise/5s/A completely fixed, static, tripod-mounted camera records an extremely heavy nighttime snowfall on a.mp4"
i2v,cf_framewise,Causal-Forcing (frame-wise),public,matched,5s,"A completely fixed, static, tripod-mounted camera records an urban intersection fire and explosion e.mp4",863862,f97ca83598e67909,i2v_source_repo,"output/eval/cf_framewise/5s/A completely fixed, static, tripod-mounted camera records an urban intersection fire and explosion e.mp4"
i2v,cf_framewise,Causal-Forcing (frame-wise),public,matched,60s,"A completely fixed, static, macro tripod-mounted camera records heavy urban rainfall from an extreme.mp4",7873110,7892752d342d5ad4,i2v_source_repo,"output/eval/cf_framewise/60s/A completely fixed, static, macro tripod-mounted camera records heavy urban rainfall from an extreme.mp4"
i2v,cf_framewise,Causal-Forcing (frame-wise),public,matched,60s,"A completely fixed, static, macro-range tripod-mounted camera records a rain-streaked window pane wi.mp4",7756227,9ecf1d0b0c5975a3,i2v_source_repo,"output/eval/cf_framewise/60s/A completely fixed, static, macro-range tripod-mounted camera records a rain-streaked window pane wi.mp4"
i2v,cf_framewise,Causal-Forcing (frame-wise),public,matched,60s,"A completely fixed, static, tripod-mounted camera records a burning forest campfire at night from a .mp4",7581572,a1c57e4c61d19544,i2v_source_repo,"output/eval/cf_framewise/60s/A completely fixed, static, tripod-mounted camera records a burning forest campfire at night from a .mp4"
i2v,cf_framewise,Causal-Forcing (frame-wise),public,matched,60s,"A completely fixed, static, tripod-mounted camera records a calm overcast coastal beach scene from a.mp4",7852681,6f7c97541870a096,i2v_source_repo,"output/eval/cf_framewise/60s/A completely fixed, static, tripod-mounted camera records a calm overcast coastal beach scene from a.mp4"
i2v,cf_framewise,Causal-Forcing (frame-wise),public,matched,60s,"A completely fixed, static, tripod-mounted camera records a calm winter river from a slightly elevat.mp4",7642527,aacc266f97b32821,i2v_source_repo,"output/eval/cf_framewise/60s/A completely fixed, static, tripod-mounted camera records a calm winter river from a slightly elevat.mp4"
i2v,cf_framewise,Causal-Forcing (frame-wise),public,matched,60s,"A completely fixed, static, tripod-mounted camera records a clear summer forest stream with boulder .mp4",7781693,dadc7bccd8eadb21,i2v_source_repo,"output/eval/cf_framewise/60s/A completely fixed, static, tripod-mounted camera records a clear summer forest stream with boulder .mp4"
i2v,cf_framewise,Causal-Forcing (frame-wise),public,matched,60s,"A completely fixed, static, tripod-mounted camera records a coastal tuff cone headland and the open .mp4",7828154,2f75902816ca1bb6,i2v_source_repo,"output/eval/cf_framewise/60s/A completely fixed, static, tripod-mounted camera records a coastal tuff cone headland and the open .mp4"
i2v,cf_framewise,Causal-Forcing (frame-wise),public,matched,60s,"A completely fixed, static, tripod-mounted camera records a desert dust storm sweeping across a flat.mp4",7774115,89aafb00c02a0416,i2v_source_repo,"output/eval/cf_framewise/60s/A completely fixed, static, tripod-mounted camera records a desert dust storm sweeping across a flat.mp4"
i2v,cf_framewise,Causal-Forcing (frame-wise),public,matched,60s,"A completely fixed, static, tripod-mounted camera records a fast mountain river cascading over a bou.mp4",7761125,938562e80e1048f8,i2v_source_repo,"output/eval/cf_framewise/60s/A completely fixed, static, tripod-mounted camera records a fast mountain river cascading over a bou.mp4"
i2v,cf_framewise,Causal-Forcing (frame-wise),public,matched,60s,"A completely fixed, static, tripod-mounted camera records a gentle clear forest stream in a lush gre.mp4",7784921,bf5d8ca02d9a6819,i2v_source_repo,"output/eval/cf_framewise/60s/A completely fixed, static, tripod-mounted camera records a gentle clear forest stream in a lush gre.mp4"
i2v,cf_framewise,Causal-Forcing (frame-wise),public,matched,60s,"A completely fixed, static, tripod-mounted camera records a heavy daytime snowstorm on a dense city .mp4",7676846,627c6f597f712169,i2v_source_repo,"output/eval/cf_framewise/60s/A completely fixed, static, tripod-mounted camera records a heavy daytime snowstorm on a dense city .mp4"
i2v,cf_framewise,Causal-Forcing (frame-wise),public,matched,60s,"A completely fixed, static, tripod-mounted camera records a heavy nighttime snowfall on a quiet hist.mp4",7702216,b80cc5c50667c0d6,i2v_source_repo,"output/eval/cf_framewise/60s/A completely fixed, static, tripod-mounted camera records a heavy nighttime snowfall on a quiet hist.mp4"
i2v,cf_framewise,Causal-Forcing (frame-wise),public,matched,60s,"A completely fixed, static, tripod-mounted camera records a lone windswept pine clinging to a bare r.mp4",7640156,d38d313069e257e2,i2v_source_repo,"output/eval/cf_framewise/60s/A completely fixed, static, tripod-mounted camera records a lone windswept pine clinging to a bare r.mp4"
i2v,cf_framewise,Causal-Forcing (frame-wise),public,matched,60s,"A completely fixed, static, tripod-mounted camera records a multi-tiered cascading forest stream fro.mp4",7825617,a0a511ce83d0a5f8,i2v_source_repo,"output/eval/cf_framewise/60s/A completely fixed, static, tripod-mounted camera records a multi-tiered cascading forest stream fro.mp4"
i2v,cf_framewise,Causal-Forcing (frame-wise),public,matched,60s,"A completely fixed, static, tripod-mounted camera records a quiet urban park river at night. The cam.mp4",7633716,33cc7bba602764de,i2v_source_repo,"output/eval/cf_framewise/60s/A completely fixed, static, tripod-mounted camera records a quiet urban park river at night. The cam.mp4"
i2v,cf_framewise,Causal-Forcing (frame-wise),public,matched,60s,"A completely fixed, static, tripod-mounted camera records a rain-drenched forest path in late aftern.mp4",7708472,f104ef0470a27456,i2v_source_repo,"output/eval/cf_framewise/60s/A completely fixed, static, tripod-mounted camera records a rain-drenched forest path in late aftern.mp4"
i2v,cf_framewise,Causal-Forcing (frame-wise),public,matched,60s,"A completely fixed, static, tripod-mounted camera records a swollen muddy flood torrent surging thro.mp4",7774574,e0f5365fb8c207ee,i2v_source_repo,"output/eval/cf_framewise/60s/A completely fixed, static, tripod-mounted camera records a swollen muddy flood torrent surging thro.mp4"
i2v,cf_framewise,Causal-Forcing (frame-wise),public,matched,60s,"A completely fixed, static, tripod-mounted camera records a swollen winter flood river from a low ba.mp4",7690031,2cd01ec03bdb1903,i2v_source_repo,"output/eval/cf_framewise/60s/A completely fixed, static, tripod-mounted camera records a swollen winter flood river from a low ba.mp4"
i2v,cf_framewise,Causal-Forcing (frame-wise),public,matched,60s,"A completely fixed, static, tripod-mounted camera records a tranquil moonlit ocean seascape at night.mp4",7698351,c55a19c201abfd0d,i2v_source_repo,"output/eval/cf_framewise/60s/A completely fixed, static, tripod-mounted camera records a tranquil moonlit ocean seascape at night.mp4"
i2v,cf_framewise,Causal-Forcing (frame-wise),public,matched,60s,"A completely fixed, static, tripod-mounted camera records a tranquil street in a Japanese city durin.mp4",7752078,28f2a55a218b501f,i2v_source_repo,"output/eval/cf_framewise/60s/A completely fixed, static, tripod-mounted camera records a tranquil street in a Japanese city durin.mp4"
i2v,cf_framewise,Causal-Forcing (frame-wise),public,matched,60s,"A completely fixed, static, tripod-mounted camera records a tropical beach with overhanging coconut .mp4",7662026,f7cad20ba2325415,i2v_source_repo,"output/eval/cf_framewise/60s/A completely fixed, static, tripod-mounted camera records a tropical beach with overhanging coconut .mp4"
i2v,cf_framewise,Causal-Forcing (frame-wise),public,matched,60s,"A completely fixed, static, tripod-mounted camera records a violent volcanic eruption at deep blue h.mp4",7901581,511d811c909db9da,i2v_source_repo,"output/eval/cf_framewise/60s/A completely fixed, static, tripod-mounted camera records a violent volcanic eruption at deep blue h.mp4"
i2v,cf_framewise,Causal-Forcing (frame-wise),public,matched,60s,"A completely fixed, static, tripod-mounted camera records an active snowfall in a dense mountain spr.mp4",7677692,3e2e1f1954ce289c,i2v_source_repo,"output/eval/cf_framewise/60s/A completely fixed, static, tripod-mounted camera records an active snowfall in a dense mountain spr.mp4"
i2v,cf_framewise,Causal-Forcing (frame-wise),public,matched,60s,"A completely fixed, static, tripod-mounted camera records an active snowfall over a wide open alpine.mp4",7509727,bb091ab7f61a90f2,i2v_source_repo,"output/eval/cf_framewise/60s/A completely fixed, static, tripod-mounted camera records an active snowfall over a wide open alpine.mp4"
i2v,cf_framewise,Causal-Forcing (frame-wise),public,matched,60s,"A completely fixed, static, tripod-mounted camera records an active volcanic lava ocean entry event .mp4",7689532,87f6ab41a5fb7943,i2v_source_repo,"output/eval/cf_framewise/60s/A completely fixed, static, tripod-mounted camera records an active volcanic lava ocean entry event .mp4"
i2v,cf_framewise,Causal-Forcing (frame-wise),public,matched,60s,"A completely fixed, static, tripod-mounted camera records an erupting stratovolcano at golden sunset.mp4",7629330,64978803eb5b3aa3,i2v_source_repo,"output/eval/cf_framewise/60s/A completely fixed, static, tripod-mounted camera records an erupting stratovolcano at golden sunset.mp4"
i2v,cf_framewise,Causal-Forcing (frame-wise),public,matched,60s,"A completely fixed, static, tripod-mounted camera records an extremely heavy nighttime snowfall on a.mp4",7601904,97b60efdc25adf3f,i2v_source_repo,"output/eval/cf_framewise/60s/A completely fixed, static, tripod-mounted camera records an extremely heavy nighttime snowfall on a.mp4"
i2v,cf_framewise,Causal-Forcing (frame-wise),public,matched,60s,"A completely fixed, static, tripod-mounted camera records moderate rainfall in a cultivated garden a.mp4",7699388,e25124d075176f6d,i2v_source_repo,"output/eval/cf_framewise/60s/A completely fixed, static, tripod-mounted camera records moderate rainfall in a cultivated garden a.mp4"
i2v,cf_framewise,Causal-Forcing (frame-wise),public,matched,60s,"A completely fixed, static, tripod-mounted camera records the underside of a long concrete river bri.mp4",7759770,b529339714b8203c,i2v_source_repo,"output/eval/cf_framewise/60s/A completely fixed, static, tripod-mounted camera records the underside of a long concrete river bri.mp4"
i2v,cf_framewise,Causal-Forcing (frame-wise),public,matched,60s,"A completely fixed, static, tripod-mounted camera records two coconut palms thrashing in a violent t.mp4",7707111,1faf22b588fe25c9,i2v_source_repo,"output/eval/cf_framewise/60s/A completely fixed, static, tripod-mounted camera records two coconut palms thrashing in a violent t.mp4"
i2v,cf_framewise,Causal-Forcing (frame-wise),public,matched,120s,"A completely fixed, static, aerial tripod-mounted camera records an active lava flow cutting through.mp4",15415612,76cc363f29c584ac,i2v_source_repo,"output/eval/cf_framewise/120s/A completely fixed, static, aerial tripod-mounted camera records an active lava flow cutting through.mp4"
i2v,cf_framewise,Causal-Forcing (frame-wise),public,matched,120s,"A completely fixed, static, close-range tripod-mounted camera records a massive open-ocean wave pitc.mp4",15445016,d35ef6ef99874c0b,i2v_source_repo,"output/eval/cf_framewise/120s/A completely fixed, static, close-range tripod-mounted camera records a massive open-ocean wave pitc.mp4"
i2v,cf_framewise,Causal-Forcing (frame-wise),public,matched,120s,"A completely fixed, static, close-range tripod-mounted camera records a single large ocean wave curl.mp4",15370888,c16e6eabb1f48bca,i2v_source_repo,"output/eval/cf_framewise/120s/A completely fixed, static, close-range tripod-mounted camera records a single large ocean wave curl.mp4"
i2v,cf_framewise,Causal-Forcing (frame-wise),public,matched,120s,"A completely fixed, static, close-range tripod-mounted camera records a small forest creek cascading.mp4",15503939,46b483570b9a2ca6,i2v_source_repo,"output/eval/cf_framewise/120s/A completely fixed, static, close-range tripod-mounted camera records a small forest creek cascading.mp4"
i2v,cf_framewise,Causal-Forcing (frame-wise),public,matched,120s,"A completely fixed, static, low-water-level tripod-mounted camera records a calm mountain river flow.mp4",15457221,e35ee2f64d2d7b6b,i2v_source_repo,"output/eval/cf_framewise/120s/A completely fixed, static, low-water-level tripod-mounted camera records a calm mountain river flow.mp4"
i2v,cf_framewise,Causal-Forcing (frame-wise),public,matched,120s,"A completely fixed, static, tripod-mounted camera records a bright blue sky filled with drifting whi.mp4",15444488,9d18832770012a9f,i2v_source_repo,"output/eval/cf_framewise/120s/A completely fixed, static, tripod-mounted camera records a bright blue sky filled with drifting whi.mp4"
i2v,cf_framewise,Causal-Forcing (frame-wise),public,matched,120s,"A completely fixed, static, tripod-mounted camera records a channelized urban river running through .mp4",15415244,a1dc5a55b781c411,i2v_source_repo,"output/eval/cf_framewise/120s/A completely fixed, static, tripod-mounted camera records a channelized urban river running through .mp4"
i2v,cf_framewise,Causal-Forcing (frame-wise),public,matched,120s,"A completely fixed, static, tripod-mounted camera records a clear river flowing past a grassy bank a.mp4",15486733,1970b2fb8ef75f3d,i2v_source_repo,"output/eval/cf_framewise/120s/A completely fixed, static, tripod-mounted camera records a clear river flowing past a grassy bank a.mp4"
i2v,cf_framewise,Causal-Forcing (frame-wise),public,matched,120s,"A completely fixed, static, tripod-mounted camera records a dense city at dusk with a massive dark p.mp4",15482835,154e0f24280600d2,i2v_source_repo,"output/eval/cf_framewise/120s/A completely fixed, static, tripod-mounted camera records a dense city at dusk with a massive dark p.mp4"
i2v,cf_framewise,Causal-Forcing (frame-wise),public,matched,120s,"A completely fixed, static, tripod-mounted camera records a desert dust storm advancing across a fla.mp4",15621610,7811cb4203345dce,i2v_source_repo,"output/eval/cf_framewise/120s/A completely fixed, static, tripod-mounted camera records a desert dust storm advancing across a fla.mp4"
i2v,cf_framewise,Causal-Forcing (frame-wise),public,matched,120s,"A completely fixed, static, tripod-mounted camera records a fast mountain river running through a ro.mp4",15547515,f8b1fb2cb6ad3f87,i2v_source_repo,"output/eval/cf_framewise/120s/A completely fixed, static, tripod-mounted camera records a fast mountain river running through a ro.mp4"
i2v,cf_framewise,Causal-Forcing (frame-wise),public,matched,120s,"A completely fixed, static, tripod-mounted camera records a heavy snowfall over a snow-covered alpin.mp4",15367070,53a1dca0362f1272,i2v_source_repo,"output/eval/cf_framewise/120s/A completely fixed, static, tripod-mounted camera records a heavy snowfall over a snow-covered alpin.mp4"
i2v,cf_framewise,Causal-Forcing (frame-wise),public,matched,120s,"A completely fixed, static, tripod-mounted camera records a long row of tall palms thrashing in a tr.mp4",15578831,0518af5dbb8ec8e3,i2v_source_repo,"output/eval/cf_framewise/120s/A completely fixed, static, tripod-mounted camera records a long row of tall palms thrashing in a tr.mp4"
i2v,cf_framewise,Causal-Forcing (frame-wise),public,matched,120s,"A completely fixed, static, tripod-mounted camera records a nighttime city skyline backed by a large.mp4",15329356,3ac67fbf20e9a857,i2v_source_repo,"output/eval/cf_framewise/120s/A completely fixed, static, tripod-mounted camera records a nighttime city skyline backed by a large.mp4"
i2v,cf_framewise,Causal-Forcing (frame-wise),public,matched,120s,"A completely fixed, static, tripod-mounted camera records a rainy narrow city alley at night in desa.mp4",15519279,fed6dfb7d6751d52,i2v_source_repo,"output/eval/cf_framewise/120s/A completely fixed, static, tripod-mounted camera records a rainy narrow city alley at night in desa.mp4"
i2v,cf_framewise,Causal-Forcing (frame-wise),public,matched,120s,"A completely fixed, static, tripod-mounted camera records a swollen flood river spilling across subm.mp4",15246782,a96509e298075b11,i2v_source_repo,"output/eval/cf_framewise/120s/A completely fixed, static, tripod-mounted camera records a swollen flood river spilling across subm.mp4"
i2v,cf_framewise,Causal-Forcing (frame-wise),public,matched,120s,"A completely fixed, static, tripod-mounted camera records a tree-lined city street in autumn with fa.mp4",15444367,d09afc0657e6361a,i2v_source_repo,"output/eval/cf_framewise/120s/A completely fixed, static, tripod-mounted camera records a tree-lined city street in autumn with fa.mp4"
i2v,cf_framewise,Causal-Forcing (frame-wise),public,matched,120s,"A completely fixed, static, tripod-mounted camera records a tropical white-sand beach with a leaning.mp4",15379364,6f79661b7251878b,i2v_source_repo,"output/eval/cf_framewise/120s/A completely fixed, static, tripod-mounted camera records a tropical white-sand beach with a leaning.mp4"
i2v,cf_framewise,Causal-Forcing (frame-wise),public,matched,120s,"A completely fixed, static, tripod-mounted camera records an active grass-and-brush wildfire spreadi.mp4",15371694,95b0f7a49af70d1f,i2v_source_repo,"output/eval/cf_framewise/120s/A completely fixed, static, tripod-mounted camera records an active grass-and-brush wildfire spreadi.mp4"
i2v,cf_framewise,Causal-Forcing (frame-wise),public,matched,120s,"A completely fixed, static, tripod-mounted camera records an extremely heavy daytime snowfall over a.mp4",15453334,d490ad3e2301eebb,i2v_source_repo,"output/eval/cf_framewise/120s/A completely fixed, static, tripod-mounted camera records an extremely heavy daytime snowfall over a.mp4"
i2v,cf_framewise,Causal-Forcing (frame-wise),public,matched,240s,"A completely fixed, static, close-range tripod-mounted camera records heavy tropical rain pouring of.mp4",30692885,cbbf0013d30e6be4,i2v_source_repo,"output/eval/cf_framewise/240s/A completely fixed, static, close-range tripod-mounted camera records heavy tropical rain pouring of.mp4"
i2v,cf_framewise,Causal-Forcing (frame-wise),public,matched,240s,"A completely fixed, static, tripod-mounted camera records a calm tropical bay framed by a large over.mp4",30986076,a4d355b9f2791029,i2v_source_repo,"output/eval/cf_framewise/240s/A completely fixed, static, tripod-mounted camera records a calm tropical bay framed by a large over.mp4"
i2v,cf_framewise,Causal-Forcing (frame-wise),public,matched,240s,"A completely fixed, static, tripod-mounted camera records a historic Kyoto canal lined with traditio.mp4",30644160,daec55cc6d668494,i2v_source_repo,"output/eval/cf_framewise/240s/A completely fixed, static, tripod-mounted camera records a historic Kyoto canal lined with traditio.mp4"
i2v,cf_framewise,Causal-Forcing (frame-wise),public,matched,240s,"A completely fixed, static, tripod-mounted camera records a tranquil tropical beach with leaning pal.mp4",30877421,b38df17a0ee39b9e,i2v_source_repo,"output/eval/cf_framewise/240s/A completely fixed, static, tripod-mounted camera records a tranquil tropical beach with leaning pal.mp4"
i2v,cf_framewise,Causal-Forcing (frame-wise),public,matched,240s,"A completely fixed, static, tripod-mounted camera records an active braided lava flow advancing acro.mp4",30685502,cf4c3879297dbf3d,i2v_source_repo,"output/eval/cf_framewise/240s/A completely fixed, static, tripod-mounted camera records an active braided lava flow advancing acro.mp4"
i2v,f2s_framewise,"Causal-Forcing++ (2-step, frame-wise)",public,native,5s,"A completely fixed, static, macro-closeup tripod-mounted camera records heavy rainfall falling direc.mp4",528927,d91f3288d9c2df7c,i2v_source_repo,"output/eval/f2s_framewise/5s/A completely fixed, static, macro-closeup tripod-mounted camera records heavy rainfall falling direc.mp4"
i2v,f2s_framewise,"Causal-Forcing++ (2-step, frame-wise)",public,native,5s,"A completely fixed, static, tripod-mounted camera records a burning indoor fireplace from a direct f.mp4",571360,8ff278a16271ca00,i2v_source_repo,"output/eval/f2s_framewise/5s/A completely fixed, static, tripod-mounted camera records a burning indoor fireplace from a direct f.mp4"
i2v,f2s_framewise,"Causal-Forcing++ (2-step, frame-wise)",public,native,5s,"A completely fixed, static, tripod-mounted camera records a calm urban river at deep blue twilight f.mp4",565005,52afba951701e022,i2v_source_repo,"output/eval/f2s_framewise/5s/A completely fixed, static, tripod-mounted camera records a calm urban river at deep blue twilight f.mp4"
i2v,f2s_framewise,"Causal-Forcing++ (2-step, frame-wise)",public,native,5s,"A completely fixed, static, tripod-mounted camera records a catastrophic desert haboob sandstorm app.mp4",581288,d9c908a53f1203a2,i2v_source_repo,"output/eval/f2s_framewise/5s/A completely fixed, static, tripod-mounted camera records a catastrophic desert haboob sandstorm app.mp4"
i2v,f2s_framewise,"Causal-Forcing++ (2-step, frame-wise)",public,native,5s,"A completely fixed, static, tripod-mounted camera records a dense urban residential and commercial d.mp4",537039,3b0bc28f2f812051,i2v_source_repo,"output/eval/f2s_framewise/5s/A completely fixed, static, tripod-mounted camera records a dense urban residential and commercial d.mp4"
i2v,f2s_framewise,"Causal-Forcing++ (2-step, frame-wise)",public,native,5s,"A completely fixed, static, tripod-mounted camera records a historic Kyoto canal lined with cherry b.mp4",573600,3c198f3c014ca726,i2v_source_repo,"output/eval/f2s_framewise/5s/A completely fixed, static, tripod-mounted camera records a historic Kyoto canal lined with cherry b.mp4"
i2v,f2s_framewise,"Causal-Forcing++ (2-step, frame-wise)",public,native,5s,"A completely fixed, static, tripod-mounted camera records an active snowfall over the ornate Bow Bri.mp4",554311,f83c523b055c9d44,i2v_source_repo,"output/eval/f2s_framewise/5s/A completely fixed, static, tripod-mounted camera records an active snowfall over the ornate Bow Bri.mp4"
i2v,f2s_framewise,"Causal-Forcing++ (2-step, frame-wise)",public,native,5s,"A completely fixed, static, tripod-mounted camera records an active volcanic lava flow field at blue.mp4",555042,73944947490eb97c,i2v_source_repo,"output/eval/f2s_framewise/5s/A completely fixed, static, tripod-mounted camera records an active volcanic lava flow field at blue.mp4"
i2v,f2s_framewise,"Causal-Forcing++ (2-step, frame-wise)",public,native,5s,"A completely fixed, static, tripod-mounted camera records an extremely heavy nighttime snowfall on a.mp4",594082,a1ca7958892723d9,i2v_source_repo,"output/eval/f2s_framewise/5s/A completely fixed, static, tripod-mounted camera records an extremely heavy nighttime snowfall on a.mp4"
i2v,f2s_framewise,"Causal-Forcing++ (2-step, frame-wise)",public,native,5s,"A completely fixed, static, tripod-mounted camera records an urban intersection fire and explosion e.mp4",595057,dd10f64d28409f5b,i2v_source_repo,"output/eval/f2s_framewise/5s/A completely fixed, static, tripod-mounted camera records an urban intersection fire and explosion e.mp4"
i2v,f2s_framewise,"Causal-Forcing++ (2-step, frame-wise)",public,native,60s,"A completely fixed, static, macro tripod-mounted camera records heavy urban rainfall from an extreme.mp4",8175405,e5c4c224707dda3d,i2v_source_repo,"output/eval/f2s_framewise/60s/A completely fixed, static, macro tripod-mounted camera records heavy urban rainfall from an extreme.mp4"
i2v,f2s_framewise,"Causal-Forcing++ (2-step, frame-wise)",public,native,60s,"A completely fixed, static, macro-range tripod-mounted camera records a rain-streaked window pane wi.mp4",7742159,8b30a845d94d9a26,i2v_source_repo,"output/eval/f2s_framewise/60s/A completely fixed, static, macro-range tripod-mounted camera records a rain-streaked window pane wi.mp4"
i2v,f2s_framewise,"Causal-Forcing++ (2-step, frame-wise)",public,native,60s,"A completely fixed, static, tripod-mounted camera records a burning forest campfire at night from a .mp4",7767928,dca9459a911ec53b,i2v_source_repo,"output/eval/f2s_framewise/60s/A completely fixed, static, tripod-mounted camera records a burning forest campfire at night from a .mp4"
i2v,f2s_framewise,"Causal-Forcing++ (2-step, frame-wise)",public,native,60s,"A completely fixed, static, tripod-mounted camera records a calm overcast coastal beach scene from a.mp4",7735711,b3e5f70c8fd4e935,i2v_source_repo,"output/eval/f2s_framewise/60s/A completely fixed, static, tripod-mounted camera records a calm overcast coastal beach scene from a.mp4"
i2v,f2s_framewise,"Causal-Forcing++ (2-step, frame-wise)",public,native,60s,"A completely fixed, static, tripod-mounted camera records a calm winter river from a slightly elevat.mp4",7779221,3a20caaaa527ce36,i2v_source_repo,"output/eval/f2s_framewise/60s/A completely fixed, static, tripod-mounted camera records a calm winter river from a slightly elevat.mp4"
i2v,f2s_framewise,"Causal-Forcing++ (2-step, frame-wise)",public,native,60s,"A completely fixed, static, tripod-mounted camera records a clear summer forest stream with boulder .mp4",7492942,d1551d937e4b5441,i2v_source_repo,"output/eval/f2s_framewise/60s/A completely fixed, static, tripod-mounted camera records a clear summer forest stream with boulder .mp4"
i2v,f2s_framewise,"Causal-Forcing++ (2-step, frame-wise)",public,native,60s,"A completely fixed, static, tripod-mounted camera records a coastal tuff cone headland and the open .mp4",7683183,59ee6f1b60c18311,i2v_source_repo,"output/eval/f2s_framewise/60s/A completely fixed, static, tripod-mounted camera records a coastal tuff cone headland and the open .mp4"
i2v,f2s_framewise,"Causal-Forcing++ (2-step, frame-wise)",public,native,60s,"A completely fixed, static, tripod-mounted camera records a desert dust storm sweeping across a flat.mp4",7811844,f60ed43d35390ad6,i2v_source_repo,"output/eval/f2s_framewise/60s/A completely fixed, static, tripod-mounted camera records a desert dust storm sweeping across a flat.mp4"
i2v,f2s_framewise,"Causal-Forcing++ (2-step, frame-wise)",public,native,60s,"A completely fixed, static, tripod-mounted camera records a fast mountain river cascading over a bou.mp4",7404783,ce59c66e8a66221e,i2v_source_repo,"output/eval/f2s_framewise/60s/A completely fixed, static, tripod-mounted camera records a fast mountain river cascading over a bou.mp4"
i2v,f2s_framewise,"Causal-Forcing++ (2-step, frame-wise)",public,native,60s,"A completely fixed, static, tripod-mounted camera records a gentle clear forest stream in a lush gre.mp4",7388650,62d14bf5984fedbc,i2v_source_repo,"output/eval/f2s_framewise/60s/A completely fixed, static, tripod-mounted camera records a gentle clear forest stream in a lush gre.mp4"
i2v,f2s_framewise,"Causal-Forcing++ (2-step, frame-wise)",public,native,60s,"A completely fixed, static, tripod-mounted camera records a heavy daytime snowstorm on a dense city .mp4",8103264,b7309611cf775a40,i2v_source_repo,"output/eval/f2s_framewise/60s/A completely fixed, static, tripod-mounted camera records a heavy daytime snowstorm on a dense city .mp4"
i2v,f2s_framewise,"Causal-Forcing++ (2-step, frame-wise)",public,native,60s,"A completely fixed, static, tripod-mounted camera records a heavy nighttime snowfall on a quiet hist.mp4",7311563,1a1d3750a9a8a70e,i2v_source_repo,"output/eval/f2s_framewise/60s/A completely fixed, static, tripod-mounted camera records a heavy nighttime snowfall on a quiet hist.mp4"
i2v,f2s_framewise,"Causal-Forcing++ (2-step, frame-wise)",public,native,60s,"A completely fixed, static, tripod-mounted camera records a lone windswept pine clinging to a bare r.mp4",7768440,90447f9c0539ce59,i2v_source_repo,"output/eval/f2s_framewise/60s/A completely fixed, static, tripod-mounted camera records a lone windswept pine clinging to a bare r.mp4"
i2v,f2s_framewise,"Causal-Forcing++ (2-step, frame-wise)",public,native,60s,"A completely fixed, static, tripod-mounted camera records a multi-tiered cascading forest stream fro.mp4",7428703,aae250c90234bdb2,i2v_source_repo,"output/eval/f2s_framewise/60s/A completely fixed, static, tripod-mounted camera records a multi-tiered cascading forest stream fro.mp4"
i2v,f2s_framewise,"Causal-Forcing++ (2-step, frame-wise)",public,native,60s,"A completely fixed, static, tripod-mounted camera records a quiet urban park river at night. The cam.mp4",7509665,00cef01538445886,i2v_source_repo,"output/eval/f2s_framewise/60s/A completely fixed, static, tripod-mounted camera records a quiet urban park river at night. The cam.mp4"
i2v,f2s_framewise,"Causal-Forcing++ (2-step, frame-wise)",public,native,60s,"A completely fixed, static, tripod-mounted camera records a rain-drenched forest path in late aftern.mp4",7786022,5ec77fb299973fa2,i2v_source_repo,"output/eval/f2s_framewise/60s/A completely fixed, static, tripod-mounted camera records a rain-drenched forest path in late aftern.mp4"
i2v,f2s_framewise,"Causal-Forcing++ (2-step, frame-wise)",public,native,60s,"A completely fixed, static, tripod-mounted camera records a swollen muddy flood torrent surging thro.mp4",7402839,877d79f2f6102674,i2v_source_repo,"output/eval/f2s_framewise/60s/A completely fixed, static, tripod-mounted camera records a swollen muddy flood torrent surging thro.mp4"
i2v,f2s_framewise,"Causal-Forcing++ (2-step, frame-wise)",public,native,60s,"A completely fixed, static, tripod-mounted camera records a swollen winter flood river from a low ba.mp4",7563654,3a4c94e35f2b7dd5,i2v_source_repo,"output/eval/f2s_framewise/60s/A completely fixed, static, tripod-mounted camera records a swollen winter flood river from a low ba.mp4"
i2v,f2s_framewise,"Causal-Forcing++ (2-step, frame-wise)",public,native,60s,"A completely fixed, static, tripod-mounted camera records a tranquil moonlit ocean seascape at night.mp4",7336305,eda384b35390d3ef,i2v_source_repo,"output/eval/f2s_framewise/60s/A completely fixed, static, tripod-mounted camera records a tranquil moonlit ocean seascape at night.mp4"
i2v,f2s_framewise,"Causal-Forcing++ (2-step, frame-wise)",public,native,60s,"A completely fixed, static, tripod-mounted camera records a tranquil street in a Japanese city durin.mp4",7749567,2bb8efe0dcc8f864,i2v_source_repo,"output/eval/f2s_framewise/60s/A completely fixed, static, tripod-mounted camera records a tranquil street in a Japanese city durin.mp4"
i2v,f2s_framewise,"Causal-Forcing++ (2-step, frame-wise)",public,native,60s,"A completely fixed, static, tripod-mounted camera records a tropical beach with overhanging coconut .mp4",7745745,b609e6f4ffbcc971,i2v_source_repo,"output/eval/f2s_framewise/60s/A completely fixed, static, tripod-mounted camera records a tropical beach with overhanging coconut .mp4"
i2v,f2s_framewise,"Causal-Forcing++ (2-step, frame-wise)",public,native,60s,"A completely fixed, static, tripod-mounted camera records a violent volcanic eruption at deep blue h.mp4",8171349,952ff541322a4aa5,i2v_source_repo,"output/eval/f2s_framewise/60s/A completely fixed, static, tripod-mounted camera records a violent volcanic eruption at deep blue h.mp4"
i2v,f2s_framewise,"Causal-Forcing++ (2-step, frame-wise)",public,native,60s,"A completely fixed, static, tripod-mounted camera records an active snowfall in a dense mountain spr.mp4",7904680,e7e258212ea69986,i2v_source_repo,"output/eval/f2s_framewise/60s/A completely fixed, static, tripod-mounted camera records an active snowfall in a dense mountain spr.mp4"
i2v,f2s_framewise,"Causal-Forcing++ (2-step, frame-wise)",public,native,60s,"A completely fixed, static, tripod-mounted camera records an active snowfall over a wide open alpine.mp4",8580129,7c4fc2ca0f313d0a,i2v_source_repo,"output/eval/f2s_framewise/60s/A completely fixed, static, tripod-mounted camera records an active snowfall over a wide open alpine.mp4"
i2v,f2s_framewise,"Causal-Forcing++ (2-step, frame-wise)",public,native,60s,"A completely fixed, static, tripod-mounted camera records an active volcanic lava ocean entry event .mp4",7754548,5265e85f36f4d638,i2v_source_repo,"output/eval/f2s_framewise/60s/A completely fixed, static, tripod-mounted camera records an active volcanic lava ocean entry event .mp4"
i2v,f2s_framewise,"Causal-Forcing++ (2-step, frame-wise)",public,native,60s,"A completely fixed, static, tripod-mounted camera records an erupting stratovolcano at golden sunset.mp4",7823644,a5b1934d1c4febc8,i2v_source_repo,"output/eval/f2s_framewise/60s/A completely fixed, static, tripod-mounted camera records an erupting stratovolcano at golden sunset.mp4"
i2v,f2s_framewise,"Causal-Forcing++ (2-step, frame-wise)",public,native,60s,"A completely fixed, static, tripod-mounted camera records an extremely heavy nighttime snowfall on a.mp4",7983852,5487d9c8ce3baa0b,i2v_source_repo,"output/eval/f2s_framewise/60s/A completely fixed, static, tripod-mounted camera records an extremely heavy nighttime snowfall on a.mp4"
i2v,f2s_framewise,"Causal-Forcing++ (2-step, frame-wise)",public,native,60s,"A completely fixed, static, tripod-mounted camera records moderate rainfall in a cultivated garden a.mp4",7762260,783afe4b6205d0d5,i2v_source_repo,"output/eval/f2s_framewise/60s/A completely fixed, static, tripod-mounted camera records moderate rainfall in a cultivated garden a.mp4"
i2v,f2s_framewise,"Causal-Forcing++ (2-step, frame-wise)",public,native,60s,"A completely fixed, static, tripod-mounted camera records the underside of a long concrete river bri.mp4",7653864,6156cc2e36de5d91,i2v_source_repo,"output/eval/f2s_framewise/60s/A completely fixed, static, tripod-mounted camera records the underside of a long concrete river bri.mp4"
i2v,f2s_framewise,"Causal-Forcing++ (2-step, frame-wise)",public,native,60s,"A completely fixed, static, tripod-mounted camera records two coconut palms thrashing in a violent t.mp4",7870324,80f082541884ee24,i2v_source_repo,"output/eval/f2s_framewise/60s/A completely fixed, static, tripod-mounted camera records two coconut palms thrashing in a violent t.mp4"
i2v,f2s_framewise,"Causal-Forcing++ (2-step, frame-wise)",public,native,120s,"A completely fixed, static, aerial tripod-mounted camera records an active lava flow cutting through.mp4",14986470,c8814ab937a1887d,i2v_source_repo,"output/eval/f2s_framewise/120s/A completely fixed, static, aerial tripod-mounted camera records an active lava flow cutting through.mp4"
i2v,f2s_framewise,"Causal-Forcing++ (2-step, frame-wise)",public,native,120s,"A completely fixed, static, close-range tripod-mounted camera records a massive open-ocean wave pitc.mp4",15502966,b1a0c8248f570fdb,i2v_source_repo,"output/eval/f2s_framewise/120s/A completely fixed, static, close-range tripod-mounted camera records a massive open-ocean wave pitc.mp4"
i2v,f2s_framewise,"Causal-Forcing++ (2-step, frame-wise)",public,native,120s,"A completely fixed, static, close-range tripod-mounted camera records a single large ocean wave curl.mp4",15601498,3716585d83809448,i2v_source_repo,"output/eval/f2s_framewise/120s/A completely fixed, static, close-range tripod-mounted camera records a single large ocean wave curl.mp4"
i2v,f2s_framewise,"Causal-Forcing++ (2-step, frame-wise)",public,native,120s,"A completely fixed, static, close-range tripod-mounted camera records a small forest creek cascading.mp4",14816981,819d5c398c41ee39,i2v_source_repo,"output/eval/f2s_framewise/120s/A completely fixed, static, close-range tripod-mounted camera records a small forest creek cascading.mp4"
i2v,f2s_framewise,"Causal-Forcing++ (2-step, frame-wise)",public,native,120s,"A completely fixed, static, low-water-level tripod-mounted camera records a calm mountain river flow.mp4",15852387,09fabb787cc3b5d1,i2v_source_repo,"output/eval/f2s_framewise/120s/A completely fixed, static, low-water-level tripod-mounted camera records a calm mountain river flow.mp4"
i2v,f2s_framewise,"Causal-Forcing++ (2-step, frame-wise)",public,native,120s,"A completely fixed, static, tripod-mounted camera records a bright blue sky filled with drifting whi.mp4",15256318,7fbeb1165ce7cd3e,i2v_source_repo,"output/eval/f2s_framewise/120s/A completely fixed, static, tripod-mounted camera records a bright blue sky filled with drifting whi.mp4"
i2v,f2s_framewise,"Causal-Forcing++ (2-step, frame-wise)",public,native,120s,"A completely fixed, static, tripod-mounted camera records a channelized urban river running through .mp4",15123575,3abc8a6d3d0855a7,i2v_source_repo,"output/eval/f2s_framewise/120s/A completely fixed, static, tripod-mounted camera records a channelized urban river running through .mp4"
i2v,f2s_framewise,"Causal-Forcing++ (2-step, frame-wise)",public,native,120s,"A completely fixed, static, tripod-mounted camera records a clear river flowing past a grassy bank a.mp4",14966724,76d38db5fec838e8,i2v_source_repo,"output/eval/f2s_framewise/120s/A completely fixed, static, tripod-mounted camera records a clear river flowing past a grassy bank a.mp4"
i2v,f2s_framewise,"Causal-Forcing++ (2-step, frame-wise)",public,native,120s,"A completely fixed, static, tripod-mounted camera records a dense city at dusk with a massive dark p.mp4",16483462,9f3eaaf24950fec0,i2v_source_repo,"output/eval/f2s_framewise/120s/A completely fixed, static, tripod-mounted camera records a dense city at dusk with a massive dark p.mp4"
i2v,f2s_framewise,"Causal-Forcing++ (2-step, frame-wise)",public,native,120s,"A completely fixed, static, tripod-mounted camera records a desert dust storm advancing across a fla.mp4",16228499,540f885146b84a58,i2v_source_repo,"output/eval/f2s_framewise/120s/A completely fixed, static, tripod-mounted camera records a desert dust storm advancing across a fla.mp4"
i2v,f2s_framewise,"Causal-Forcing++ (2-step, frame-wise)",public,native,120s,"A completely fixed, static, tripod-mounted camera records a fast mountain river running through a ro.mp4",15335142,f2435f01ab61140f,i2v_source_repo,"output/eval/f2s_framewise/120s/A completely fixed, static, tripod-mounted camera records a fast mountain river running through a ro.mp4"
i2v,f2s_framewise,"Causal-Forcing++ (2-step, frame-wise)",public,native,120s,"A completely fixed, static, tripod-mounted camera records a heavy snowfall over a snow-covered alpin.mp4",14746411,3f71d0e1a64f1ee6,i2v_source_repo,"output/eval/f2s_framewise/120s/A completely fixed, static, tripod-mounted camera records a heavy snowfall over a snow-covered alpin.mp4"
i2v,f2s_framewise,"Causal-Forcing++ (2-step, frame-wise)",public,native,120s,"A completely fixed, static, tripod-mounted camera records a long row of tall palms thrashing in a tr.mp4",16015945,079cdd36b20decfa,i2v_source_repo,"output/eval/f2s_framewise/120s/A completely fixed, static, tripod-mounted camera records a long row of tall palms thrashing in a tr.mp4"
i2v,f2s_framewise,"Causal-Forcing++ (2-step, frame-wise)",public,native,120s,"A completely fixed, static, tripod-mounted camera records a nighttime city skyline backed by a large.mp4",15768760,55d732c0a8a89db6,i2v_source_repo,"output/eval/f2s_framewise/120s/A completely fixed, static, tripod-mounted camera records a nighttime city skyline backed by a large.mp4"
i2v,f2s_framewise,"Causal-Forcing++ (2-step, frame-wise)",public,native,120s,"A completely fixed, static, tripod-mounted camera records a rainy narrow city alley at night in desa.mp4",14285168,bee2eb0f9a29b13c,i2v_source_repo,"output/eval/f2s_framewise/120s/A completely fixed, static, tripod-mounted camera records a rainy narrow city alley at night in desa.mp4"
i2v,f2s_framewise,"Causal-Forcing++ (2-step, frame-wise)",public,native,120s,"A completely fixed, static, tripod-mounted camera records a swollen flood river spilling across subm.mp4",15106039,64c062294135c517,i2v_source_repo,"output/eval/f2s_framewise/120s/A completely fixed, static, tripod-mounted camera records a swollen flood river spilling across subm.mp4"
i2v,f2s_framewise,"Causal-Forcing++ (2-step, frame-wise)",public,native,120s,"A completely fixed, static, tripod-mounted camera records a tree-lined city street in autumn with fa.mp4",15671715,3d224b48f7966a69,i2v_source_repo,"output/eval/f2s_framewise/120s/A completely fixed, static, tripod-mounted camera records a tree-lined city street in autumn with fa.mp4"
i2v,f2s_framewise,"Causal-Forcing++ (2-step, frame-wise)",public,native,120s,"A completely fixed, static, tripod-mounted camera records a tropical white-sand beach with a leaning.mp4",15666791,27a54eea6cc61a31,i2v_source_repo,"output/eval/f2s_framewise/120s/A completely fixed, static, tripod-mounted camera records a tropical white-sand beach with a leaning.mp4"
i2v,f2s_framewise,"Causal-Forcing++ (2-step, frame-wise)",public,native,120s,"A completely fixed, static, tripod-mounted camera records an active grass-and-brush wildfire spreadi.mp4",15575082,4de076547e9d0ecb,i2v_source_repo,"output/eval/f2s_framewise/120s/A completely fixed, static, tripod-mounted camera records an active grass-and-brush wildfire spreadi.mp4"
i2v,f2s_framewise,"Causal-Forcing++ (2-step, frame-wise)",public,native,120s,"A completely fixed, static, tripod-mounted camera records an extremely heavy daytime snowfall over a.mp4",15763622,566e9d4ab09c1e08,i2v_source_repo,"output/eval/f2s_framewise/120s/A completely fixed, static, tripod-mounted camera records an extremely heavy daytime snowfall over a.mp4"
i2v,f2s_framewise,"Causal-Forcing++ (2-step, frame-wise)",public,native,240s,"A completely fixed, static, close-range tripod-mounted camera records heavy tropical rain pouring of.mp4",29660710,e3c7a828c062ec36,i2v_source_repo,"output/eval/f2s_framewise/240s/A completely fixed, static, close-range tripod-mounted camera records heavy tropical rain pouring of.mp4"
i2v,f2s_framewise,"Causal-Forcing++ (2-step, frame-wise)",public,native,240s,"A completely fixed, static, tripod-mounted camera records a calm tropical bay framed by a large over.mp4",30605814,869df58047f7488a,i2v_source_repo,"output/eval/f2s_framewise/240s/A completely fixed, static, tripod-mounted camera records a calm tropical bay framed by a large over.mp4"
i2v,f2s_framewise,"Causal-Forcing++ (2-step, frame-wise)",public,native,240s,"A completely fixed, static, tripod-mounted camera records a historic Kyoto canal lined with traditio.mp4",30294584,3c04ea00aa2ef2e3,i2v_source_repo,"output/eval/f2s_framewise/240s/A completely fixed, static, tripod-mounted camera records a historic Kyoto canal lined with traditio.mp4"
i2v,f2s_framewise,"Causal-Forcing++ (2-step, frame-wise)",public,native,240s,"A completely fixed, static, tripod-mounted camera records a tranquil tropical beach with leaning pal.mp4",30925376,9d2a38d01bece3e1,i2v_source_repo,"output/eval/f2s_framewise/240s/A completely fixed, static, tripod-mounted camera records a tranquil tropical beach with leaning pal.mp4"
i2v,f2s_framewise,"Causal-Forcing++ (2-step, frame-wise)",public,native,240s,"A completely fixed, static, tripod-mounted camera records an active braided lava flow advancing acro.mp4",29827104,c36db6592df88258,i2v_source_repo,"output/eval/f2s_framewise/240s/A completely fixed, static, tripod-mounted camera records an active braided lava flow advancing acro.mp4"
i2v,self_forcing,Self-Forcing,public,matched,5s,"A completely fixed, static, macro-closeup tripod-mounted camera records heavy rainfall falling direc.mp4",713918,30fa511aed402ef7,i2v_source_repo,"output/eval/self_forcing/5s/A completely fixed, static, macro-closeup tripod-mounted camera records heavy rainfall falling direc.mp4"
i2v,self_forcing,Self-Forcing,public,matched,5s,"A completely fixed, static, tripod-mounted camera records a burning indoor fireplace from a direct f.mp4",707642,f555cf09a83e5334,i2v_source_repo,"output/eval/self_forcing/5s/A completely fixed, static, tripod-mounted camera records a burning indoor fireplace from a direct f.mp4"
i2v,self_forcing,Self-Forcing,public,matched,5s,"A completely fixed, static, tripod-mounted camera records a calm urban river at deep blue twilight f.mp4",708349,4215f60b2cdc57bf,i2v_source_repo,"output/eval/self_forcing/5s/A completely fixed, static, tripod-mounted camera records a calm urban river at deep blue twilight f.mp4"
i2v,self_forcing,Self-Forcing,public,matched,5s,"A completely fixed, static, tripod-mounted camera records a catastrophic desert haboob sandstorm app.mp4",719285,cab5febcd12f9bec,i2v_source_repo,"output/eval/self_forcing/5s/A completely fixed, static, tripod-mounted camera records a catastrophic desert haboob sandstorm app.mp4"
i2v,self_forcing,Self-Forcing,public,matched,5s,"A completely fixed, static, tripod-mounted camera records a dense urban residential and commercial d.mp4",701818,6f071e9f71eae1df,i2v_source_repo,"output/eval/self_forcing/5s/A completely fixed, static, tripod-mounted camera records a dense urban residential and commercial d.mp4"
i2v,self_forcing,Self-Forcing,public,matched,5s,"A completely fixed, static, tripod-mounted camera records a historic Kyoto canal lined with cherry b.mp4",760439,88eda57d6c7dc960,i2v_source_repo,"output/eval/self_forcing/5s/A completely fixed, static, tripod-mounted camera records a historic Kyoto canal lined with cherry b.mp4"
i2v,self_forcing,Self-Forcing,public,matched,5s,"A completely fixed, static, tripod-mounted camera records an active snowfall over the ornate Bow Bri.mp4",695761,2eb832bce1df68ea,i2v_source_repo,"output/eval/self_forcing/5s/A completely fixed, static, tripod-mounted camera records an active snowfall over the ornate Bow Bri.mp4"
i2v,self_forcing,Self-Forcing,public,matched,5s,"A completely fixed, static, tripod-mounted camera records an active volcanic lava flow field at blue.mp4",752555,9fcd0671697c1428,i2v_source_repo,"output/eval/self_forcing/5s/A completely fixed, static, tripod-mounted camera records an active volcanic lava flow field at blue.mp4"
i2v,self_forcing,Self-Forcing,public,matched,5s,"A completely fixed, static, tripod-mounted camera records an extremely heavy nighttime snowfall on a.mp4",769030,2725905d5fbfeab9,i2v_source_repo,"output/eval/self_forcing/5s/A completely fixed, static, tripod-mounted camera records an extremely heavy nighttime snowfall on a.mp4"
i2v,self_forcing,Self-Forcing,public,matched,5s,"A completely fixed, static, tripod-mounted camera records an urban intersection fire and explosion e.mp4",729488,51f5820073be4359,i2v_source_repo,"output/eval/self_forcing/5s/A completely fixed, static, tripod-mounted camera records an urban intersection fire and explosion e.mp4"
i2v,self_forcing,Self-Forcing,public,matched,60s,"A completely fixed, static, macro tripod-mounted camera records heavy urban rainfall from an extreme.mp4",7409721,2ab4bcd4fa7d4718,i2v_source_repo,"output/eval/self_forcing/60s/A completely fixed, static, macro tripod-mounted camera records heavy urban rainfall from an extreme.mp4"
i2v,self_forcing,Self-Forcing,public,matched,60s,"A completely fixed, static, macro-range tripod-mounted camera records a rain-streaked window pane wi.mp4",7893104,23ac4c09f80cf02e,i2v_source_repo,"output/eval/self_forcing/60s/A completely fixed, static, macro-range tripod-mounted camera records a rain-streaked window pane wi.mp4"
i2v,self_forcing,Self-Forcing,public,matched,60s,"A completely fixed, static, tripod-mounted camera records a burning forest campfire at night from a .mp4",8159953,ba195bdfff130f8a,i2v_source_repo,"output/eval/self_forcing/60s/A completely fixed, static, tripod-mounted camera records a burning forest campfire at night from a .mp4"
i2v,self_forcing,Self-Forcing,public,matched,60s,"A completely fixed, static, tripod-mounted camera records a calm overcast coastal beach scene from a.mp4",8172748,522a6b299cb60e6f,i2v_source_repo,"output/eval/self_forcing/60s/A completely fixed, static, tripod-mounted camera records a calm overcast coastal beach scene from a.mp4"
i2v,self_forcing,Self-Forcing,public,matched,60s,"A completely fixed, static, tripod-mounted camera records a calm winter river from a slightly elevat.mp4",7411460,5432c68cade2e6dd,i2v_source_repo,"output/eval/self_forcing/60s/A completely fixed, static, tripod-mounted camera records a calm winter river from a slightly elevat.mp4"
i2v,self_forcing,Self-Forcing,public,matched,60s,"A completely fixed, static, tripod-mounted camera records a clear summer forest stream with boulder .mp4",7463113,ef10fb6cfddc7f20,i2v_source_repo,"output/eval/self_forcing/60s/A completely fixed, static, tripod-mounted camera records a clear summer forest stream with boulder .mp4"
i2v,self_forcing,Self-Forcing,public,matched,60s,"A completely fixed, static, tripod-mounted camera records a coastal tuff cone headland and the open .mp4",7627708,621ad76aa5d6c15a,i2v_source_repo,"output/eval/self_forcing/60s/A completely fixed, static, tripod-mounted camera records a coastal tuff cone headland and the open .mp4"
i2v,self_forcing,Self-Forcing,public,matched,60s,"A completely fixed, static, tripod-mounted camera records a desert dust storm sweeping across a flat.mp4",7541371,b172679274cc4c90,i2v_source_repo,"output/eval/self_forcing/60s/A completely fixed, static, tripod-mounted camera records a desert dust storm sweeping across a flat.mp4"
i2v,self_forcing,Self-Forcing,public,matched,60s,"A completely fixed, static, tripod-mounted camera records a fast mountain river cascading over a bou.mp4",7689603,be9dec747e1b3023,i2v_source_repo,"output/eval/self_forcing/60s/A completely fixed, static, tripod-mounted camera records a fast mountain river cascading over a bou.mp4"
i2v,self_forcing,Self-Forcing,public,matched,60s,"A completely fixed, static, tripod-mounted camera records a gentle clear forest stream in a lush gre.mp4",7535562,5374ebb6103303b9,i2v_source_repo,"output/eval/self_forcing/60s/A completely fixed, static, tripod-mounted camera records a gentle clear forest stream in a lush gre.mp4"
i2v,self_forcing,Self-Forcing,public,matched,60s,"A completely fixed, static, tripod-mounted camera records a heavy daytime snowstorm on a dense city .mp4",7588374,f4d675dd6e4b0643,i2v_source_repo,"output/eval/self_forcing/60s/A completely fixed, static, tripod-mounted camera records a heavy daytime snowstorm on a dense city .mp4"
i2v,self_forcing,Self-Forcing,public,matched,60s,"A completely fixed, static, tripod-mounted camera records a heavy nighttime snowfall on a quiet hist.mp4",7258584,f7f921e4e4957f93,i2v_source_repo,"output/eval/self_forcing/60s/A completely fixed, static, tripod-mounted camera records a heavy nighttime snowfall on a quiet hist.mp4"
i2v,self_forcing,Self-Forcing,public,matched,60s,"A completely fixed, static, tripod-mounted camera records a lone windswept pine clinging to a bare r.mp4",7653031,7d8ce283b377f0fc,i2v_source_repo,"output/eval/self_forcing/60s/A completely fixed, static, tripod-mounted camera records a lone windswept pine clinging to a bare r.mp4"
i2v,self_forcing,Self-Forcing,public,matched,60s,"A completely fixed, static, tripod-mounted camera records a multi-tiered cascading forest stream fro.mp4",7466656,e5b3968bc74c909a,i2v_source_repo,"output/eval/self_forcing/60s/A completely fixed, static, tripod-mounted camera records a multi-tiered cascading forest stream fro.mp4"
i2v,self_forcing,Self-Forcing,public,matched,60s,"A completely fixed, static, tripod-mounted camera records a quiet urban park river at night. The cam.mp4",7494681,57b1ce84c3428499,i2v_source_repo,"output/eval/self_forcing/60s/A completely fixed, static, tripod-mounted camera records a quiet urban park river at night. The cam.mp4"
i2v,self_forcing,Self-Forcing,public,matched,60s,"A completely fixed, static, tripod-mounted camera records a rain-drenched forest path in late aftern.mp4",8060097,99a372c081525e56,i2v_source_repo,"output/eval/self_forcing/60s/A completely fixed, static, tripod-mounted camera records a rain-drenched forest path in late aftern.mp4"
i2v,self_forcing,Self-Forcing,public,matched,60s,"A completely fixed, static, tripod-mounted camera records a swollen muddy flood torrent surging thro.mp4",7633413,e33b7294752e34f0,i2v_source_repo,"output/eval/self_forcing/60s/A completely fixed, static, tripod-mounted camera records a swollen muddy flood torrent surging thro.mp4"
i2v,self_forcing,Self-Forcing,public,matched,60s,"A completely fixed, static, tripod-mounted camera records a swollen winter flood river from a low ba.mp4",7609723,21893efc8377d5d9,i2v_source_repo,"output/eval/self_forcing/60s/A completely fixed, static, tripod-mounted camera records a swollen winter flood river from a low ba.mp4"
i2v,self_forcing,Self-Forcing,public,matched,60s,"A completely fixed, static, tripod-mounted camera records a tranquil moonlit ocean seascape at night.mp4",7596533,eb04be6cf228ef9b,i2v_source_repo,"output/eval/self_forcing/60s/A completely fixed, static, tripod-mounted camera records a tranquil moonlit ocean seascape at night.mp4"
i2v,self_forcing,Self-Forcing,public,matched,60s,"A completely fixed, static, tripod-mounted camera records a tranquil street in a Japanese city durin.mp4",7384721,bbab86507101b947,i2v_source_repo,"output/eval/self_forcing/60s/A completely fixed, static, tripod-mounted camera records a tranquil street in a Japanese city durin.mp4"
i2v,self_forcing,Self-Forcing,public,matched,60s,"A completely fixed, static, tripod-mounted camera records a tropical beach with overhanging coconut .mp4",7554401,c7897580801589e0,i2v_source_repo,"output/eval/self_forcing/60s/A completely fixed, static, tripod-mounted camera records a tropical beach with overhanging coconut .mp4"
i2v,self_forcing,Self-Forcing,public,matched,60s,"A completely fixed, static, tripod-mounted camera records a violent volcanic eruption at deep blue h.mp4",7666813,9e843c318b94d84e,i2v_source_repo,"output/eval/self_forcing/60s/A completely fixed, static, tripod-mounted camera records a violent volcanic eruption at deep blue h.mp4"
i2v,self_forcing,Self-Forcing,public,matched,60s,"A completely fixed, static, tripod-mounted camera records an active snowfall in a dense mountain spr.mp4",7265029,3fb0e5d1290d7354,i2v_source_repo,"output/eval/self_forcing/60s/A completely fixed, static, tripod-mounted camera records an active snowfall in a dense mountain spr.mp4"
i2v,self_forcing,Self-Forcing,public,matched,60s,"A completely fixed, static, tripod-mounted camera records an active snowfall over a wide open alpine.mp4",8402062,d3e2c8f7a8d10671,i2v_source_repo,"output/eval/self_forcing/60s/A completely fixed, static, tripod-mounted camera records an active snowfall over a wide open alpine.mp4"
i2v,self_forcing,Self-Forcing,public,matched,60s,"A completely fixed, static, tripod-mounted camera records an active volcanic lava ocean entry event .mp4",7779130,d9b2a28236665931,i2v_source_repo,"output/eval/self_forcing/60s/A completely fixed, static, tripod-mounted camera records an active volcanic lava ocean entry event .mp4"
i2v,self_forcing,Self-Forcing,public,matched,60s,"A completely fixed, static, tripod-mounted camera records an erupting stratovolcano at golden sunset.mp4",7927567,c321491a6fb9b4ae,i2v_source_repo,"output/eval/self_forcing/60s/A completely fixed, static, tripod-mounted camera records an erupting stratovolcano at golden sunset.mp4"
i2v,self_forcing,Self-Forcing,public,matched,60s,"A completely fixed, static, tripod-mounted camera records an extremely heavy nighttime snowfall on a.mp4",7529279,61d285769aee0fe7,i2v_source_repo,"output/eval/self_forcing/60s/A completely fixed, static, tripod-mounted camera records an extremely heavy nighttime snowfall on a.mp4"
i2v,self_forcing,Self-Forcing,public,matched,60s,"A completely fixed, static, tripod-mounted camera records moderate rainfall in a cultivated garden a.mp4",7649362,1e70c2c378e2202b,i2v_source_repo,"output/eval/self_forcing/60s/A completely fixed, static, tripod-mounted camera records moderate rainfall in a cultivated garden a.mp4"
i2v,self_forcing,Self-Forcing,public,matched,60s,"A completely fixed, static, tripod-mounted camera records the underside of a long concrete river bri.mp4",7608569,da540c5a19f49994,i2v_source_repo,"output/eval/self_forcing/60s/A completely fixed, static, tripod-mounted camera records the underside of a long concrete river bri.mp4"
i2v,self_forcing,Self-Forcing,public,matched,60s,"A completely fixed, static, tripod-mounted camera records two coconut palms thrashing in a violent t.mp4",7627707,ee56946baf01a4e3,i2v_source_repo,"output/eval/self_forcing/60s/A completely fixed, static, tripod-mounted camera records two coconut palms thrashing in a violent t.mp4"
i2v,self_forcing,Self-Forcing,public,matched,120s,"A completely fixed, static, aerial tripod-mounted camera records an active lava flow cutting through.mp4",15852421,9a551b083172b763,i2v_source_repo,"output/eval/self_forcing/120s/A completely fixed, static, aerial tripod-mounted camera records an active lava flow cutting through.mp4"
i2v,self_forcing,Self-Forcing,public,matched,120s,"A completely fixed, static, close-range tripod-mounted camera records a massive open-ocean wave pitc.mp4",15065672,afe0868959179f1d,i2v_source_repo,"output/eval/self_forcing/120s/A completely fixed, static, close-range tripod-mounted camera records a massive open-ocean wave pitc.mp4"
i2v,self_forcing,Self-Forcing,public,matched,120s,"A completely fixed, static, close-range tripod-mounted camera records a single large ocean wave curl.mp4",15366381,cbaa9826dfcc5ae4,i2v_source_repo,"output/eval/self_forcing/120s/A completely fixed, static, close-range tripod-mounted camera records a single large ocean wave curl.mp4"
i2v,self_forcing,Self-Forcing,public,matched,120s,"A completely fixed, static, close-range tripod-mounted camera records a small forest creek cascading.mp4",15377635,30b4301a82d5be98,i2v_source_repo,"output/eval/self_forcing/120s/A completely fixed, static, close-range tripod-mounted camera records a small forest creek cascading.mp4"
i2v,self_forcing,Self-Forcing,public,matched,120s,"A completely fixed, static, low-water-level tripod-mounted camera records a calm mountain river flow.mp4",15502430,b08127ff211b0abb,i2v_source_repo,"output/eval/self_forcing/120s/A completely fixed, static, low-water-level tripod-mounted camera records a calm mountain river flow.mp4"
i2v,self_forcing,Self-Forcing,public,matched,120s,"A completely fixed, static, tripod-mounted camera records a bright blue sky filled with drifting whi.mp4",15724974,55d8e79a4fc84f39,i2v_source_repo,"output/eval/self_forcing/120s/A completely fixed, static, tripod-mounted camera records a bright blue sky filled with drifting whi.mp4"
i2v,self_forcing,Self-Forcing,public,matched,120s,"A completely fixed, static, tripod-mounted camera records a channelized urban river running through .mp4",15116761,0dc8584f10ce250e,i2v_source_repo,"output/eval/self_forcing/120s/A completely fixed, static, tripod-mounted camera records a channelized urban river running through .mp4"
i2v,self_forcing,Self-Forcing,public,matched,120s,"A completely fixed, static, tripod-mounted camera records a clear river flowing past a grassy bank a.mp4",15204273,3491a97650efadf4,i2v_source_repo,"output/eval/self_forcing/120s/A completely fixed, static, tripod-mounted camera records a clear river flowing past a grassy bank a.mp4"
i2v,self_forcing,Self-Forcing,public,matched,120s,"A completely fixed, static, tripod-mounted camera records a dense city at dusk with a massive dark p.mp4",15862649,2ed20a3feaaf5246,i2v_source_repo,"output/eval/self_forcing/120s/A completely fixed, static, tripod-mounted camera records a dense city at dusk with a massive dark p.mp4"
i2v,self_forcing,Self-Forcing,public,matched,120s,"A completely fixed, static, tripod-mounted camera records a desert dust storm advancing across a fla.mp4",15496837,764f986a704a9a8f,i2v_source_repo,"output/eval/self_forcing/120s/A completely fixed, static, tripod-mounted camera records a desert dust storm advancing across a fla.mp4"
i2v,self_forcing,Self-Forcing,public,matched,120s,"A completely fixed, static, tripod-mounted camera records a fast mountain river running through a ro.mp4",15163917,cbc6d4e6b4b732bc,i2v_source_repo,"output/eval/self_forcing/120s/A completely fixed, static, tripod-mounted camera records a fast mountain river running through a ro.mp4"
i2v,self_forcing,Self-Forcing,public,matched,120s,"A completely fixed, static, tripod-mounted camera records a heavy snowfall over a snow-covered alpin.mp4",15425556,bba7da25784057df,i2v_source_repo,"output/eval/self_forcing/120s/A completely fixed, static, tripod-mounted camera records a heavy snowfall over a snow-covered alpin.mp4"
i2v,self_forcing,Self-Forcing,public,matched,120s,"A completely fixed, static, tripod-mounted camera records a long row of tall palms thrashing in a tr.mp4",15135119,c912a5cf5c987fec,i2v_source_repo,"output/eval/self_forcing/120s/A completely fixed, static, tripod-mounted camera records a long row of tall palms thrashing in a tr.mp4"
i2v,self_forcing,Self-Forcing,public,matched,120s,"A completely fixed, static, tripod-mounted camera records a nighttime city skyline backed by a large.mp4",15601857,14225a8b7592e639,i2v_source_repo,"output/eval/self_forcing/120s/A completely fixed, static, tripod-mounted camera records a nighttime city skyline backed by a large.mp4"
i2v,self_forcing,Self-Forcing,public,matched,120s,"A completely fixed, static, tripod-mounted camera records a rainy narrow city alley at night in desa.mp4",15064921,d1269a00bf0223fa,i2v_source_repo,"output/eval/self_forcing/120s/A completely fixed, static, tripod-mounted camera records a rainy narrow city alley at night in desa.mp4"
i2v,self_forcing,Self-Forcing,public,matched,120s,"A completely fixed, static, tripod-mounted camera records a swollen flood river spilling across subm.mp4",15141847,d8306652785ce07e,i2v_source_repo,"output/eval/self_forcing/120s/A completely fixed, static, tripod-mounted camera records a swollen flood river spilling across subm.mp4"
i2v,self_forcing,Self-Forcing,public,matched,120s,"A completely fixed, static, tripod-mounted camera records a tree-lined city street in autumn with fa.mp4",15556130,5f128e896fb72ffe,i2v_source_repo,"output/eval/self_forcing/120s/A completely fixed, static, tripod-mounted camera records a tree-lined city street in autumn with fa.mp4"
i2v,self_forcing,Self-Forcing,public,matched,120s,"A completely fixed, static, tripod-mounted camera records a tropical white-sand beach with a leaning.mp4",15599396,11d6ba242bceb331,i2v_source_repo,"output/eval/self_forcing/120s/A completely fixed, static, tripod-mounted camera records a tropical white-sand beach with a leaning.mp4"
i2v,self_forcing,Self-Forcing,public,matched,120s,"A completely fixed, static, tripod-mounted camera records an active grass-and-brush wildfire spreadi.mp4",15598758,0713bd1ec96cf552,i2v_source_repo,"output/eval/self_forcing/120s/A completely fixed, static, tripod-mounted camera records an active grass-and-brush wildfire spreadi.mp4"
i2v,self_forcing,Self-Forcing,public,matched,120s,"A completely fixed, static, tripod-mounted camera records an extremely heavy daytime snowfall over a.mp4",16316868,047ea73018aef19a,i2v_source_repo,"output/eval/self_forcing/120s/A completely fixed, static, tripod-mounted camera records an extremely heavy daytime snowfall over a.mp4"
i2v,self_forcing,Self-Forcing,public,matched,240s,"A completely fixed, static, close-range tripod-mounted camera records heavy tropical rain pouring of.mp4",31073508,e246280b896a1b08,i2v_source_repo,"output/eval/self_forcing/240s/A completely fixed, static, close-range tripod-mounted camera records heavy tropical rain pouring of.mp4"
i2v,self_forcing,Self-Forcing,public,matched,240s,"A completely fixed, static, tripod-mounted camera records a calm tropical bay framed by a large over.mp4",30797812,06ffae135dc1c58c,i2v_source_repo,"output/eval/self_forcing/240s/A completely fixed, static, tripod-mounted camera records a calm tropical bay framed by a large over.mp4"
i2v,self_forcing,Self-Forcing,public,matched,240s,"A completely fixed, static, tripod-mounted camera records a historic Kyoto canal lined with traditio.mp4",30363511,50bd84b48a555e54,i2v_source_repo,"output/eval/self_forcing/240s/A completely fixed, static, tripod-mounted camera records a historic Kyoto canal lined with traditio.mp4"
i2v,self_forcing,Self-Forcing,public,matched,240s,"A completely fixed, static, tripod-mounted camera records a tranquil tropical beach with leaning pal.mp4",30904159,2d47c2bcb7a0f701,i2v_source_repo,"output/eval/self_forcing/240s/A completely fixed, static, tripod-mounted camera records a tranquil tropical beach with leaning pal.mp4"
i2v,self_forcing,Self-Forcing,public,matched,240s,"A completely fixed, static, tripod-mounted camera records an active braided lava flow advancing acro.mp4",30445015,81f9f675926614c4,i2v_source_repo,"output/eval/self_forcing/240s/A completely fixed, static, tripod-mounted camera records an active braided lava flow advancing acro.mp4"
i2v,causvid,CausVid,public,matched,5s,"A completely fixed, static, macro-closeup tripod-mounted camera records heavy rainfall falling direc.mp4",746785,6a38e2bf43d18772,i2v_source_repo,"output/eval/causvid/5s/A completely fixed, static, macro-closeup tripod-mounted camera records heavy rainfall falling direc.mp4"
i2v,causvid,CausVid,public,matched,5s,"A completely fixed, static, tripod-mounted camera records a burning indoor fireplace from a direct f.mp4",647742,f6f5d784173b83b4,i2v_source_repo,"output/eval/causvid/5s/A completely fixed, static, tripod-mounted camera records a burning indoor fireplace from a direct f.mp4"
i2v,causvid,CausVid,public,matched,5s,"A completely fixed, static, tripod-mounted camera records a calm urban river at deep blue twilight f.mp4",663899,02f0533c43fec15f,i2v_source_repo,"output/eval/causvid/5s/A completely fixed, static, tripod-mounted camera records a calm urban river at deep blue twilight f.mp4"
i2v,causvid,CausVid,public,matched,5s,"A completely fixed, static, tripod-mounted camera records a catastrophic desert haboob sandstorm app.mp4",685807,276c3d5d5e629a3d,i2v_source_repo,"output/eval/causvid/5s/A completely fixed, static, tripod-mounted camera records a catastrophic desert haboob sandstorm app.mp4"
i2v,causvid,CausVid,public,matched,5s,"A completely fixed, static, tripod-mounted camera records a dense urban residential and commercial d.mp4",651573,8cb08cfa14a8a55f,i2v_source_repo,"output/eval/causvid/5s/A completely fixed, static, tripod-mounted camera records a dense urban residential and commercial d.mp4"
i2v,causvid,CausVid,public,matched,5s,"A completely fixed, static, tripod-mounted camera records a historic Kyoto canal lined with cherry b.mp4",728308,1f5869c25197a22d,i2v_source_repo,"output/eval/causvid/5s/A completely fixed, static, tripod-mounted camera records a historic Kyoto canal lined with cherry b.mp4"
i2v,causvid,CausVid,public,matched,5s,"A completely fixed, static, tripod-mounted camera records an active snowfall over the ornate Bow Bri.mp4",746281,88e5b9735ea1f3b6,i2v_source_repo,"output/eval/causvid/5s/A completely fixed, static, tripod-mounted camera records an active snowfall over the ornate Bow Bri.mp4"
i2v,causvid,CausVid,public,matched,5s,"A completely fixed, static, tripod-mounted camera records an active volcanic lava flow field at blue.mp4",717063,65f5919aa8eb2cec,i2v_source_repo,"output/eval/causvid/5s/A completely fixed, static, tripod-mounted camera records an active volcanic lava flow field at blue.mp4"
i2v,causvid,CausVid,public,matched,5s,"A completely fixed, static, tripod-mounted camera records an extremely heavy nighttime snowfall on a.mp4",678691,e19f10496f7dd301,i2v_source_repo,"output/eval/causvid/5s/A completely fixed, static, tripod-mounted camera records an extremely heavy nighttime snowfall on a.mp4"
i2v,causvid,CausVid,public,matched,5s,"A completely fixed, static, tripod-mounted camera records an urban intersection fire and explosion e.mp4",659072,01ca9e214efd3f3c,i2v_source_repo,"output/eval/causvid/5s/A completely fixed, static, tripod-mounted camera records an urban intersection fire and explosion e.mp4"
i2v,causvid,CausVid,public,matched,60s,"A completely fixed, static, macro tripod-mounted camera records heavy urban rainfall from an extreme.mp4",7638995,00160cb89daa577f,i2v_source_repo,"output/eval/causvid/60s/A completely fixed, static, macro tripod-mounted camera records heavy urban rainfall from an extreme.mp4"
i2v,causvid,CausVid,public,matched,60s,"A completely fixed, static, macro-range tripod-mounted camera records a rain-streaked window pane wi.mp4",7595589,79dff6630138b0df,i2v_source_repo,"output/eval/causvid/60s/A completely fixed, static, macro-range tripod-mounted camera records a rain-streaked window pane wi.mp4"
i2v,causvid,CausVid,public,matched,60s,"A completely fixed, static, tripod-mounted camera records a burning forest campfire at night from a .mp4",7643243,6bcbb1de68f80939,i2v_source_repo,"output/eval/causvid/60s/A completely fixed, static, tripod-mounted camera records a burning forest campfire at night from a .mp4"
i2v,causvid,CausVid,public,matched,60s,"A completely fixed, static, tripod-mounted camera records a calm overcast coastal beach scene from a.mp4",7681985,ee5a7e95fe696abc,i2v_source_repo,"output/eval/causvid/60s/A completely fixed, static, tripod-mounted camera records a calm overcast coastal beach scene from a.mp4"
i2v,causvid,CausVid,public,matched,60s,"A completely fixed, static, tripod-mounted camera records a calm winter river from a slightly elevat.mp4",7484256,6db1079786c093ae,i2v_source_repo,"output/eval/causvid/60s/A completely fixed, static, tripod-mounted camera records a calm winter river from a slightly elevat.mp4"
i2v,causvid,CausVid,public,matched,60s,"A completely fixed, static, tripod-mounted camera records a clear summer forest stream with boulder .mp4",7526722,ea2849390f2ac4f5,i2v_source_repo,"output/eval/causvid/60s/A completely fixed, static, tripod-mounted camera records a clear summer forest stream with boulder .mp4"
i2v,causvid,CausVid,public,matched,60s,"A completely fixed, static, tripod-mounted camera records a coastal tuff cone headland and the open .mp4",7557665,3390c7e7e4592515,i2v_source_repo,"output/eval/causvid/60s/A completely fixed, static, tripod-mounted camera records a coastal tuff cone headland and the open .mp4"
i2v,causvid,CausVid,public,matched,60s,"A completely fixed, static, tripod-mounted camera records a desert dust storm sweeping across a flat.mp4",7565661,aaf726f884f21a95,i2v_source_repo,"output/eval/causvid/60s/A completely fixed, static, tripod-mounted camera records a desert dust storm sweeping across a flat.mp4"
i2v,causvid,CausVid,public,matched,60s,"A completely fixed, static, tripod-mounted camera records a fast mountain river cascading over a bou.mp4",7314499,b5bc67ac8abc3909,i2v_source_repo,"output/eval/causvid/60s/A completely fixed, static, tripod-mounted camera records a fast mountain river cascading over a bou.mp4"
i2v,causvid,CausVid,public,matched,60s,"A completely fixed, static, tripod-mounted camera records a gentle clear forest stream in a lush gre.mp4",7438959,5ee0e74bd7b42438,i2v_source_repo,"output/eval/causvid/60s/A completely fixed, static, tripod-mounted camera records a gentle clear forest stream in a lush gre.mp4"
i2v,causvid,CausVid,public,matched,60s,"A completely fixed, static, tripod-mounted camera records a heavy daytime snowstorm on a dense city .mp4",7563776,2274a047561c5600,i2v_source_repo,"output/eval/causvid/60s/A completely fixed, static, tripod-mounted camera records a heavy daytime snowstorm on a dense city .mp4"
i2v,causvid,CausVid,public,matched,60s,"A completely fixed, static, tripod-mounted camera records a heavy nighttime snowfall on a quiet hist.mp4",7498761,00a62c21feeb4889,i2v_source_repo,"output/eval/causvid/60s/A completely fixed, static, tripod-mounted camera records a heavy nighttime snowfall on a quiet hist.mp4"
i2v,causvid,CausVid,public,matched,60s,"A completely fixed, static, tripod-mounted camera records a lone windswept pine clinging to a bare r.mp4",7589633,93a61df7d31fcc4a,i2v_source_repo,"output/eval/causvid/60s/A completely fixed, static, tripod-mounted camera records a lone windswept pine clinging to a bare r.mp4"
i2v,causvid,CausVid,public,matched,60s,"A completely fixed, static, tripod-mounted camera records a multi-tiered cascading forest stream fro.mp4",7463519,d341381b9cc45b18,i2v_source_repo,"output/eval/causvid/60s/A completely fixed, static, tripod-mounted camera records a multi-tiered cascading forest stream fro.mp4"
i2v,causvid,CausVid,public,matched,60s,"A completely fixed, static, tripod-mounted camera records a quiet urban park river at night. The cam.mp4",7500707,5604622542bfff35,i2v_source_repo,"output/eval/causvid/60s/A completely fixed, static, tripod-mounted camera records a quiet urban park river at night. The cam.mp4"
i2v,causvid,CausVid,public,matched,60s,"A completely fixed, static, tripod-mounted camera records a rain-drenched forest path in late aftern.mp4",7691584,0cce9835dfebfc66,i2v_source_repo,"output/eval/causvid/60s/A completely fixed, static, tripod-mounted camera records a rain-drenched forest path in late aftern.mp4"
i2v,causvid,CausVid,public,matched,60s,"A completely fixed, static, tripod-mounted camera records a swollen muddy flood torrent surging thro.mp4",7434324,1d557474845ac958,i2v_source_repo,"output/eval/causvid/60s/A completely fixed, static, tripod-mounted camera records a swollen muddy flood torrent surging thro.mp4"
i2v,causvid,CausVid,public,matched,60s,"A completely fixed, static, tripod-mounted camera records a swollen winter flood river from a low ba.mp4",7456766,5a0f69c382d724e0,i2v_source_repo,"output/eval/causvid/60s/A completely fixed, static, tripod-mounted camera records a swollen winter flood river from a low ba.mp4"
i2v,causvid,CausVid,public,matched,60s,"A completely fixed, static, tripod-mounted camera records a tranquil moonlit ocean seascape at night.mp4",7500400,9bb8596252785c42,i2v_source_repo,"output/eval/causvid/60s/A completely fixed, static, tripod-mounted camera records a tranquil moonlit ocean seascape at night.mp4"
i2v,causvid,CausVid,public,matched,60s,"A completely fixed, static, tripod-mounted camera records a tranquil street in a Japanese city durin.mp4",7542035,8522fa88f99e0155,i2v_source_repo,"output/eval/causvid/60s/A completely fixed, static, tripod-mounted camera records a tranquil street in a Japanese city durin.mp4"
i2v,causvid,CausVid,public,matched,60s,"A completely fixed, static, tripod-mounted camera records a tropical beach with overhanging coconut .mp4",7570342,b9966767f0823298,i2v_source_repo,"output/eval/causvid/60s/A completely fixed, static, tripod-mounted camera records a tropical beach with overhanging coconut .mp4"
i2v,causvid,CausVid,public,matched,60s,"A completely fixed, static, tripod-mounted camera records a violent volcanic eruption at deep blue h.mp4",7580427,152f5816a0ac832f,i2v_source_repo,"output/eval/causvid/60s/A completely fixed, static, tripod-mounted camera records a violent volcanic eruption at deep blue h.mp4"
i2v,causvid,CausVid,public,matched,60s,"A completely fixed, static, tripod-mounted camera records an active snowfall in a dense mountain spr.mp4",7449090,662675ad93cdad08,i2v_source_repo,"output/eval/causvid/60s/A completely fixed, static, tripod-mounted camera records an active snowfall in a dense mountain spr.mp4"
i2v,causvid,CausVid,public,matched,60s,"A completely fixed, static, tripod-mounted camera records an active snowfall over a wide open alpine.mp4",7559157,6e054ecb73a8379c,i2v_source_repo,"output/eval/causvid/60s/A completely fixed, static, tripod-mounted camera records an active snowfall over a wide open alpine.mp4"
i2v,causvid,CausVid,public,matched,60s,"A completely fixed, static, tripod-mounted camera records an active volcanic lava ocean entry event .mp4",7645346,aeed130b35f12547,i2v_source_repo,"output/eval/causvid/60s/A completely fixed, static, tripod-mounted camera records an active volcanic lava ocean entry event .mp4"
i2v,causvid,CausVid,public,matched,60s,"A completely fixed, static, tripod-mounted camera records an erupting stratovolcano at golden sunset.mp4",7645232,c7a169233b3602d7,i2v_source_repo,"output/eval/causvid/60s/A completely fixed, static, tripod-mounted camera records an erupting stratovolcano at golden sunset.mp4"
i2v,causvid,CausVid,public,matched,60s,"A completely fixed, static, tripod-mounted camera records an extremely heavy nighttime snowfall on a.mp4",7651834,35d2324497bbae9a,i2v_source_repo,"output/eval/causvid/60s/A completely fixed, static, tripod-mounted camera records an extremely heavy nighttime snowfall on a.mp4"
i2v,causvid,CausVid,public,matched,60s,"A completely fixed, static, tripod-mounted camera records moderate rainfall in a cultivated garden a.mp4",7571300,c970fab335eb9a5d,i2v_source_repo,"output/eval/causvid/60s/A completely fixed, static, tripod-mounted camera records moderate rainfall in a cultivated garden a.mp4"
i2v,causvid,CausVid,public,matched,60s,"A completely fixed, static, tripod-mounted camera records the underside of a long concrete river bri.mp4",7372557,2ebef7b9924b0b09,i2v_source_repo,"output/eval/causvid/60s/A completely fixed, static, tripod-mounted camera records the underside of a long concrete river bri.mp4"
i2v,causvid,CausVid,public,matched,60s,"A completely fixed, static, tripod-mounted camera records two coconut palms thrashing in a violent t.mp4",7643368,d9f4cf8e57e1838c,i2v_source_repo,"output/eval/causvid/60s/A completely fixed, static, tripod-mounted camera records two coconut palms thrashing in a violent t.mp4"
i2v,causvid,CausVid,public,matched,120s,"A completely fixed, static, aerial tripod-mounted camera records an active lava flow cutting through.mp4",14936581,33abcbdcb0c062f2,i2v_source_repo,"output/eval/causvid/120s/A completely fixed, static, aerial tripod-mounted camera records an active lava flow cutting through.mp4"
i2v,causvid,CausVid,public,matched,120s,"A completely fixed, static, close-range tripod-mounted camera records a massive open-ocean wave pitc.mp4",15509326,1e308831a56cdba0,i2v_source_repo,"output/eval/causvid/120s/A completely fixed, static, close-range tripod-mounted camera records a massive open-ocean wave pitc.mp4"
i2v,causvid,CausVid,public,matched,120s,"A completely fixed, static, close-range tripod-mounted camera records a single large ocean wave curl.mp4",15405756,475f2354e344a2e7,i2v_source_repo,"output/eval/causvid/120s/A completely fixed, static, close-range tripod-mounted camera records a single large ocean wave curl.mp4"
i2v,causvid,CausVid,public,matched,120s,"A completely fixed, static, close-range tripod-mounted camera records a small forest creek cascading.mp4",15216112,cbab29fd2e98d3e4,i2v_source_repo,"output/eval/causvid/120s/A completely fixed, static, close-range tripod-mounted camera records a small forest creek cascading.mp4"
i2v,causvid,CausVid,public,matched,120s,"A completely fixed, static, low-water-level tripod-mounted camera records a calm mountain river flow.mp4",15150023,b866226540189d78,i2v_source_repo,"output/eval/causvid/120s/A completely fixed, static, low-water-level tripod-mounted camera records a calm mountain river flow.mp4"
i2v,causvid,CausVid,public,matched,120s,"A completely fixed, static, tripod-mounted camera records a bright blue sky filled with drifting whi.mp4",15103110,f1582997c73ed817,i2v_source_repo,"output/eval/causvid/120s/A completely fixed, static, tripod-mounted camera records a bright blue sky filled with drifting whi.mp4"
i2v,causvid,CausVid,public,matched,120s,"A completely fixed, static, tripod-mounted camera records a channelized urban river running through .mp4",14723450,452db77a5a3ced4a,i2v_source_repo,"output/eval/causvid/120s/A completely fixed, static, tripod-mounted camera records a channelized urban river running through .mp4"
i2v,causvid,CausVid,public,matched,120s,"A completely fixed, static, tripod-mounted camera records a clear river flowing past a grassy bank a.mp4",15215663,53bf48c9daa2b366,i2v_source_repo,"output/eval/causvid/120s/A completely fixed, static, tripod-mounted camera records a clear river flowing past a grassy bank a.mp4"
i2v,causvid,CausVid,public,matched,120s,"A completely fixed, static, tripod-mounted camera records a dense city at dusk with a massive dark p.mp4",15117379,ead32df291b9211f,i2v_source_repo,"output/eval/causvid/120s/A completely fixed, static, tripod-mounted camera records a dense city at dusk with a massive dark p.mp4"
i2v,causvid,CausVid,public,matched,120s,"A completely fixed, static, tripod-mounted camera records a desert dust storm advancing across a fla.mp4",15250628,3d5b284c493b34e3,i2v_source_repo,"output/eval/causvid/120s/A completely fixed, static, tripod-mounted camera records a desert dust storm advancing across a fla.mp4"
i2v,causvid,CausVid,public,matched,120s,"A completely fixed, static, tripod-mounted camera records a fast mountain river running through a ro.mp4",15305605,407d03ced622abac,i2v_source_repo,"output/eval/causvid/120s/A completely fixed, static, tripod-mounted camera records a fast mountain river running through a ro.mp4"
i2v,causvid,CausVid,public,matched,120s,"A completely fixed, static, tripod-mounted camera records a heavy snowfall over a snow-covered alpin.mp4",15413359,53242c80349f28b4,i2v_source_repo,"output/eval/causvid/120s/A completely fixed, static, tripod-mounted camera records a heavy snowfall over a snow-covered alpin.mp4"
i2v,causvid,CausVid,public,matched,120s,"A completely fixed, static, tripod-mounted camera records a long row of tall palms thrashing in a tr.mp4",15524189,bba96dc6e6d6b0f3,i2v_source_repo,"output/eval/causvid/120s/A completely fixed, static, tripod-mounted camera records a long row of tall palms thrashing in a tr.mp4"
i2v,causvid,CausVid,public,matched,120s,"A completely fixed, static, tripod-mounted camera records a nighttime city skyline backed by a large.mp4",15223483,d8c13e68e497b3ce,i2v_source_repo,"output/eval/causvid/120s/A completely fixed, static, tripod-mounted camera records a nighttime city skyline backed by a large.mp4"
i2v,causvid,CausVid,public,matched,120s,"A completely fixed, static, tripod-mounted camera records a rainy narrow city alley at night in desa.mp4",15377422,11b0f6ca24d2afec,i2v_source_repo,"output/eval/causvid/120s/A completely fixed, static, tripod-mounted camera records a rainy narrow city alley at night in desa.mp4"
i2v,causvid,CausVid,public,matched,120s,"A completely fixed, static, tripod-mounted camera records a swollen flood river spilling across subm.mp4",15198638,1aafed60a552408b,i2v_source_repo,"output/eval/causvid/120s/A completely fixed, static, tripod-mounted camera records a swollen flood river spilling across subm.mp4"
i2v,causvid,CausVid,public,matched,120s,"A completely fixed, static, tripod-mounted camera records a tree-lined city street in autumn with fa.mp4",15315404,24fe330dd1246c7a,i2v_source_repo,"output/eval/causvid/120s/A completely fixed, static, tripod-mounted camera records a tree-lined city street in autumn with fa.mp4"
i2v,causvid,CausVid,public,matched,120s,"A completely fixed, static, tripod-mounted camera records a tropical white-sand beach with a leaning.mp4",15366299,8e11dface880b5ff,i2v_source_repo,"output/eval/causvid/120s/A completely fixed, static, tripod-mounted camera records a tropical white-sand beach with a leaning.mp4"
i2v,causvid,CausVid,public,matched,120s,"A completely fixed, static, tripod-mounted camera records an active grass-and-brush wildfire spreadi.mp4",15217895,4f90a7411bc578fc,i2v_source_repo,"output/eval/causvid/120s/A completely fixed, static, tripod-mounted camera records an active grass-and-brush wildfire spreadi.mp4"
i2v,causvid,CausVid,public,matched,120s,"A completely fixed, static, tripod-mounted camera records an extremely heavy daytime snowfall over a.mp4",14897810,544e9828a60b92a9,i2v_source_repo,"output/eval/causvid/120s/A completely fixed, static, tripod-mounted camera records an extremely heavy daytime snowfall over a.mp4"
i2v,causvid,CausVid,public,matched,240s,"A completely fixed, static, close-range tripod-mounted camera records heavy tropical rain pouring of.mp4",30553226,e3426b63afcd860b,i2v_source_repo,"output/eval/causvid/240s/A completely fixed, static, close-range tripod-mounted camera records heavy tropical rain pouring of.mp4"
i2v,causvid,CausVid,public,matched,240s,"A completely fixed, static, tripod-mounted camera records a calm tropical bay framed by a large over.mp4",30618016,3cd25a02a70319d8,i2v_source_repo,"output/eval/causvid/240s/A completely fixed, static, tripod-mounted camera records a calm tropical bay framed by a large over.mp4"
i2v,causvid,CausVid,public,matched,240s,"A completely fixed, static, tripod-mounted camera records a historic Kyoto canal lined with traditio.mp4",30531024,bb9c97e655379362,i2v_source_repo,"output/eval/causvid/240s/A completely fixed, static, tripod-mounted camera records a historic Kyoto canal lined with traditio.mp4"
i2v,causvid,CausVid,public,matched,240s,"A completely fixed, static, tripod-mounted camera records a tranquil tropical beach with leaning pal.mp4",30489350,100e10fd5c602b91,i2v_source_repo,"output/eval/causvid/240s/A completely fixed, static, tripod-mounted camera records a tranquil tropical beach with leaning pal.mp4"
i2v,causvid,CausVid,public,matched,240s,"A completely fixed, static, tripod-mounted camera records an active braided lava flow advancing acro.mp4",30712356,3abb6a25fb9b0fb0,i2v_source_repo,"output/eval/causvid/240s/A completely fixed, static, tripod-mounted camera records an active braided lava flow advancing acro.mp4"
i2v,wan21_i2v,Wan2.1-I2V-14B-480P,public,native,5s,"A completely fixed, static, macro-closeup tripod-mounted camera records heavy rainfall falling direc.mp4",6761079,7b445980920542a5,i2v_source_repo,"output/eval/wan21_i2v/5s/A completely fixed, static, macro-closeup tripod-mounted camera records heavy rainfall falling direc.mp4"
i2v,wan21_i2v,Wan2.1-I2V-14B-480P,public,native,5s,"A completely fixed, static, tripod-mounted camera records a burning indoor fireplace from a direct f.mp4",3513455,9482285aa1fe2b02,i2v_source_repo,"output/eval/wan21_i2v/5s/A completely fixed, static, tripod-mounted camera records a burning indoor fireplace from a direct f.mp4"
i2v,wan21_i2v,Wan2.1-I2V-14B-480P,public,native,5s,"A completely fixed, static, tripod-mounted camera records a calm urban river at deep blue twilight f.mp4",2798998,b93d8ec4a20cc1c9,i2v_source_repo,"output/eval/wan21_i2v/5s/A completely fixed, static, tripod-mounted camera records a calm urban river at deep blue twilight f.mp4"
i2v,wan21_i2v,Wan2.1-I2V-14B-480P,public,native,5s,"A completely fixed, static, tripod-mounted camera records a catastrophic desert haboob sandstorm app.mp4",6417756,05c889e36cecea9c,i2v_source_repo,"output/eval/wan21_i2v/5s/A completely fixed, static, tripod-mounted camera records a catastrophic desert haboob sandstorm app.mp4"
i2v,wan21_i2v,Wan2.1-I2V-14B-480P,public,native,5s,"A completely fixed, static, tripod-mounted camera records a dense urban residential and commercial d.mp4",6051707,05ad4280726e1b85,i2v_source_repo,"output/eval/wan21_i2v/5s/A completely fixed, static, tripod-mounted camera records a dense urban residential and commercial d.mp4"
i2v,wan21_i2v,Wan2.1-I2V-14B-480P,public,native,5s,"A completely fixed, static, tripod-mounted camera records a historic Kyoto canal lined with cherry b.mp4",9145832,958b06e55e904cdb,i2v_source_repo,"output/eval/wan21_i2v/5s/A completely fixed, static, tripod-mounted camera records a historic Kyoto canal lined with cherry b.mp4"
i2v,wan21_i2v,Wan2.1-I2V-14B-480P,public,native,5s,"A completely fixed, static, tripod-mounted camera records an active snowfall over the ornate Bow Bri.mp4",6708779,e45b6c83b352ad21,i2v_source_repo,"output/eval/wan21_i2v/5s/A completely fixed, static, tripod-mounted camera records an active snowfall over the ornate Bow Bri.mp4"
i2v,wan21_i2v,Wan2.1-I2V-14B-480P,public,native,5s,"A completely fixed, static, tripod-mounted camera records an active volcanic lava flow field at blue.mp4",7154725,344a98373e2d94b1,i2v_source_repo,"output/eval/wan21_i2v/5s/A completely fixed, static, tripod-mounted camera records an active volcanic lava flow field at blue.mp4"
i2v,wan21_i2v,Wan2.1-I2V-14B-480P,public,native,5s,"A completely fixed, static, tripod-mounted camera records an extremely heavy nighttime snowfall on a.mp4",6237350,a899f7ba69f5e64e,i2v_source_repo,"output/eval/wan21_i2v/5s/A completely fixed, static, tripod-mounted camera records an extremely heavy nighttime snowfall on a.mp4"
i2v,wan21_i2v,Wan2.1-I2V-14B-480P,public,native,5s,"A completely fixed, static, tripod-mounted camera records an urban intersection fire and explosion e.mp4",3159406,7b60deee2b084d1b,i2v_source_repo,"output/eval/wan21_i2v/5s/A completely fixed, static, tripod-mounted camera records an urban intersection fire and explosion e.mp4"
i2v,wan22_i2v,Wan2.2-I2V-A14B,public,native,5s,"A completely fixed, static, macro-closeup tripod-mounted camera records heavy rainfall falling direc.mp4",5928185,afb3a10015bbaf82,i2v_source_repo,"output/eval/wan22_i2v/5s/A completely fixed, static, macro-closeup tripod-mounted camera records heavy rainfall falling direc.mp4"
i2v,wan22_i2v,Wan2.2-I2V-A14B,public,native,5s,"A completely fixed, static, tripod-mounted camera records a burning indoor fireplace from a direct f.mp4",3679586,31f7b1964712326b,i2v_source_repo,"output/eval/wan22_i2v/5s/A completely fixed, static, tripod-mounted camera records a burning indoor fireplace from a direct f.mp4"
i2v,wan22_i2v,Wan2.2-I2V-A14B,public,native,5s,"A completely fixed, static, tripod-mounted camera records a calm urban river at deep blue twilight f.mp4",3333853,2ee8b4e53d16496d,i2v_source_repo,"output/eval/wan22_i2v/5s/A completely fixed, static, tripod-mounted camera records a calm urban river at deep blue twilight f.mp4"
i2v,wan22_i2v,Wan2.2-I2V-A14B,public,native,5s,"A completely fixed, static, tripod-mounted camera records a catastrophic desert haboob sandstorm app.mp4",5205412,8c638e2b069b10fc,i2v_source_repo,"output/eval/wan22_i2v/5s/A completely fixed, static, tripod-mounted camera records a catastrophic desert haboob sandstorm app.mp4"
i2v,wan22_i2v,Wan2.2-I2V-A14B,public,native,5s,"A completely fixed, static, tripod-mounted camera records a dense urban residential and commercial d.mp4",7042116,b79f01fa38a5eb6c,i2v_source_repo,"output/eval/wan22_i2v/5s/A completely fixed, static, tripod-mounted camera records a dense urban residential and commercial d.mp4"
i2v,wan22_i2v,Wan2.2-I2V-A14B,public,native,5s,"A completely fixed, static, tripod-mounted camera records a historic Kyoto canal lined with cherry b.mp4",8660423,193067e672c0f1e8,i2v_source_repo,"output/eval/wan22_i2v/5s/A completely fixed, static, tripod-mounted camera records a historic Kyoto canal lined with cherry b.mp4"
i2v,wan22_i2v,Wan2.2-I2V-A14B,public,native,5s,"A completely fixed, static, tripod-mounted camera records an active snowfall over the ornate Bow Bri.mp4",8837994,839d22719b14a261,i2v_source_repo,"output/eval/wan22_i2v/5s/A completely fixed, static, tripod-mounted camera records an active snowfall over the ornate Bow Bri.mp4"
i2v,wan22_i2v,Wan2.2-I2V-A14B,public,native,5s,"A completely fixed, static, tripod-mounted camera records an active volcanic lava flow field at blue.mp4",7051624,4425aef96a30d72b,i2v_source_repo,"output/eval/wan22_i2v/5s/A completely fixed, static, tripod-mounted camera records an active volcanic lava flow field at blue.mp4"
i2v,wan22_i2v,Wan2.2-I2V-A14B,public,native,5s,"A completely fixed, static, tripod-mounted camera records an extremely heavy nighttime snowfall on a.mp4",6206514,b2c7230e2581f4f4,i2v_source_repo,"output/eval/wan22_i2v/5s/A completely fixed, static, tripod-mounted camera records an extremely heavy nighttime snowfall on a.mp4"
i2v,wan22_i2v,Wan2.2-I2V-A14B,public,native,5s,"A completely fixed, static, tripod-mounted camera records an urban intersection fire and explosion e.mp4",3252441,c6c4f50ab5884109,i2v_source_repo,"output/eval/wan22_i2v/5s/A completely fixed, static, tripod-mounted camera records an urban intersection fire and explosion e.mp4"
i2v,ltx_i2v,LTX-Video 13B-0.9.8-distilled,public,native,5s,"A completely fixed, static, macro-closeup tripod-mounted camera records heavy rainfall falling direc.mp4",976940,3de9f458d93003ff,i2v_source_repo,"output/eval/ltx_i2v/5s/A completely fixed, static, macro-closeup tripod-mounted camera records heavy rainfall falling direc.mp4"
i2v,ltx_i2v,LTX-Video 13B-0.9.8-distilled,public,native,5s,"A completely fixed, static, tripod-mounted camera records a burning indoor fireplace from a direct f.mp4",569392,30ba08d69e75648a,i2v_source_repo,"output/eval/ltx_i2v/5s/A completely fixed, static, tripod-mounted camera records a burning indoor fireplace from a direct f.mp4"
i2v,ltx_i2v,LTX-Video 13B-0.9.8-distilled,public,native,5s,"A completely fixed, static, tripod-mounted camera records a calm urban river at deep blue twilight f.mp4",215719,9c5611e9b3a53f7f,i2v_source_repo,"output/eval/ltx_i2v/5s/A completely fixed, static, tripod-mounted camera records a calm urban river at deep blue twilight f.mp4"
i2v,ltx_i2v,LTX-Video 13B-0.9.8-distilled,public,native,5s,"A completely fixed, static, tripod-mounted camera records a catastrophic desert haboob sandstorm app.mp4",472624,810c1ac033386f3f,i2v_source_repo,"output/eval/ltx_i2v/5s/A completely fixed, static, tripod-mounted camera records a catastrophic desert haboob sandstorm app.mp4"
i2v,ltx_i2v,LTX-Video 13B-0.9.8-distilled,public,native,5s,"A completely fixed, static, tripod-mounted camera records a dense urban residential and commercial d.mp4",545726,fabf2501ce138395,i2v_source_repo,"output/eval/ltx_i2v/5s/A completely fixed, static, tripod-mounted camera records a dense urban residential and commercial d.mp4"
i2v,ltx_i2v,LTX-Video 13B-0.9.8-distilled,public,native,5s,"A completely fixed, static, tripod-mounted camera records a historic Kyoto canal lined with cherry b.mp4",329267,f2decf9f60952c10,i2v_source_repo,"output/eval/ltx_i2v/5s/A completely fixed, static, tripod-mounted camera records a historic Kyoto canal lined with cherry b.mp4"
i2v,ltx_i2v,LTX-Video 13B-0.9.8-distilled,public,native,5s,"A completely fixed, static, tripod-mounted camera records an active snowfall over the ornate Bow Bri.mp4",817825,e427485433efcc38,i2v_source_repo,"output/eval/ltx_i2v/5s/A completely fixed, static, tripod-mounted camera records an active snowfall over the ornate Bow Bri.mp4"
i2v,ltx_i2v,LTX-Video 13B-0.9.8-distilled,public,native,5s,"A completely fixed, static, tripod-mounted camera records an active volcanic lava flow field at blue.mp4",285087,46b4eb3d887242bb,i2v_source_repo,"output/eval/ltx_i2v/5s/A completely fixed, static, tripod-mounted camera records an active volcanic lava flow field at blue.mp4"
i2v,ltx_i2v,LTX-Video 13B-0.9.8-distilled,public,native,5s,"A completely fixed, static, tripod-mounted camera records an extremely heavy nighttime snowfall on a.mp4",816105,1b0a024701793ccd,i2v_source_repo,"output/eval/ltx_i2v/5s/A completely fixed, static, tripod-mounted camera records an extremely heavy nighttime snowfall on a.mp4"
i2v,ltx_i2v,LTX-Video 13B-0.9.8-distilled,public,native,5s,"A completely fixed, static, tripod-mounted camera records an urban intersection fire and explosion e.mp4",482210,4961fa4a74ad6ff0,i2v_source_repo,"output/eval/ltx_i2v/5s/A completely fixed, static, tripod-mounted camera records an urban intersection fire and explosion e.mp4"
i2v,steady,Steady-Forcing,internal,matched,5s,"A completely fixed, static, macro-closeup tripod-mounted camera records heavy rainfall falling direc.mp4",747093,864346a02c29231e,i2v_source_repo,"output/eval/steady/5s/A completely fixed, static, macro-closeup tripod-mounted camera records heavy rainfall falling direc.mp4"
i2v,steady,Steady-Forcing,internal,matched,5s,"A completely fixed, static, tripod-mounted camera records a burning indoor fireplace from a direct f.mp4",676632,010375cf69ac4af6,i2v_source_repo,"output/eval/steady/5s/A completely fixed, static, tripod-mounted camera records a burning indoor fireplace from a direct f.mp4"
i2v,steady,Steady-Forcing,internal,matched,5s,"A completely fixed, static, tripod-mounted camera records a calm urban river at deep blue twilight f.mp4",640554,3748cff3e472feb0,i2v_source_repo,"output/eval/steady/5s/A completely fixed, static, tripod-mounted camera records a calm urban river at deep blue twilight f.mp4"
i2v,steady,Steady-Forcing,internal,matched,5s,"A completely fixed, static, tripod-mounted camera records a catastrophic desert haboob sandstorm app.mp4",718552,1e81e97481825686,i2v_source_repo,"output/eval/steady/5s/A completely fixed, static, tripod-mounted camera records a catastrophic desert haboob sandstorm app.mp4"
i2v,steady,Steady-Forcing,internal,matched,5s,"A completely fixed, static, tripod-mounted camera records a dense urban residential and commercial d.mp4",726923,6dd9f9c8f6271e17,i2v_source_repo,"output/eval/steady/5s/A completely fixed, static, tripod-mounted camera records a dense urban residential and commercial d.mp4"
i2v,steady,Steady-Forcing,internal,matched,5s,"A completely fixed, static, tripod-mounted camera records a historic Kyoto canal lined with cherry b.mp4",682110,0acecfa8f98fbc97,i2v_source_repo,"output/eval/steady/5s/A completely fixed, static, tripod-mounted camera records a historic Kyoto canal lined with cherry b.mp4"
i2v,steady,Steady-Forcing,internal,matched,5s,"A completely fixed, static, tripod-mounted camera records an active snowfall over the ornate Bow Bri.mp4",701800,e3352237e2d2b8c7,i2v_source_repo,"output/eval/steady/5s/A completely fixed, static, tripod-mounted camera records an active snowfall over the ornate Bow Bri.mp4"
i2v,steady,Steady-Forcing,internal,matched,5s,"A completely fixed, static, tripod-mounted camera records an active volcanic lava flow field at blue.mp4",754549,f18f5112bb5ccc44,i2v_source_repo,"output/eval/steady/5s/A completely fixed, static, tripod-mounted camera records an active volcanic lava flow field at blue.mp4"
i2v,steady,Steady-Forcing,internal,matched,5s,"A completely fixed, static, tripod-mounted camera records an extremely heavy nighttime snowfall on a.mp4",742468,a7ad640a00f92833,i2v_source_repo,"output/eval/steady/5s/A completely fixed, static, tripod-mounted camera records an extremely heavy nighttime snowfall on a.mp4"
i2v,steady,Steady-Forcing,internal,matched,5s,"A completely fixed, static, tripod-mounted camera records an urban intersection fire and explosion e.mp4",682926,90e92cb63daf125d,i2v_source_repo,"output/eval/steady/5s/A completely fixed, static, tripod-mounted camera records an urban intersection fire and explosion e.mp4"
i2v,steady,Steady-Forcing,internal,matched,60s,"A completely fixed, static, macro tripod-mounted camera records heavy urban rainfall from an extreme.mp4",7660543,5d08b198896b6380,i2v_source_repo,"output/eval/steady/60s/A completely fixed, static, macro tripod-mounted camera records heavy urban rainfall from an extreme.mp4"
i2v,steady,Steady-Forcing,internal,matched,60s,"A completely fixed, static, macro-range tripod-mounted camera records a rain-streaked window pane wi.mp4",7668705,761b955203b222dd,i2v_source_repo,"output/eval/steady/60s/A completely fixed, static, macro-range tripod-mounted camera records a rain-streaked window pane wi.mp4"
i2v,steady,Steady-Forcing,internal,matched,60s,"A completely fixed, static, tripod-mounted camera records a burning forest campfire at night from a .mp4",7702156,7e2cd90b98bccf86,i2v_source_repo,"output/eval/steady/60s/A completely fixed, static, tripod-mounted camera records a burning forest campfire at night from a .mp4"
i2v,steady,Steady-Forcing,internal,matched,60s,"A completely fixed, static, tripod-mounted camera records a calm overcast coastal beach scene from a.mp4",7660846,0ecced546cb8610c,i2v_source_repo,"output/eval/steady/60s/A completely fixed, static, tripod-mounted camera records a calm overcast coastal beach scene from a.mp4"
i2v,steady,Steady-Forcing,internal,matched,60s,"A completely fixed, static, tripod-mounted camera records a calm winter river from a slightly elevat.mp4",7612591,edfbfa8880eea2ea,i2v_source_repo,"output/eval/steady/60s/A completely fixed, static, tripod-mounted camera records a calm winter river from a slightly elevat.mp4"
i2v,steady,Steady-Forcing,internal,matched,60s,"A completely fixed, static, tripod-mounted camera records a clear summer forest stream with boulder .mp4",7665187,e7cf590d1067547c,i2v_source_repo,"output/eval/steady/60s/A completely fixed, static, tripod-mounted camera records a clear summer forest stream with boulder .mp4"
i2v,steady,Steady-Forcing,internal,matched,60s,"A completely fixed, static, tripod-mounted camera records a coastal tuff cone headland and the open .mp4",7646599,dd8e3730cb172b6c,i2v_source_repo,"output/eval/steady/60s/A completely fixed, static, tripod-mounted camera records a coastal tuff cone headland and the open .mp4"
i2v,steady,Steady-Forcing,internal,matched,60s,"A completely fixed, static, tripod-mounted camera records a desert dust storm sweeping across a flat.mp4",7421815,5eadbd3bbc9f7393,i2v_source_repo,"output/eval/steady/60s/A completely fixed, static, tripod-mounted camera records a desert dust storm sweeping across a flat.mp4"
i2v,steady,Steady-Forcing,internal,matched,60s,"A completely fixed, static, tripod-mounted camera records a fast mountain river cascading over a bou.mp4",7731763,e6ee9b09d8fab7ba,i2v_source_repo,"output/eval/steady/60s/A completely fixed, static, tripod-mounted camera records a fast mountain river cascading over a bou.mp4"
i2v,steady,Steady-Forcing,internal,matched,60s,"A completely fixed, static, tripod-mounted camera records a gentle clear forest stream in a lush gre.mp4",7709415,28968094ab827ff5,i2v_source_repo,"output/eval/steady/60s/A completely fixed, static, tripod-mounted camera records a gentle clear forest stream in a lush gre.mp4"
i2v,steady,Steady-Forcing,internal,matched,60s,"A completely fixed, static, tripod-mounted camera records a heavy daytime snowstorm on a dense city .mp4",7594760,e5908f40f9e46935,i2v_source_repo,"output/eval/steady/60s/A completely fixed, static, tripod-mounted camera records a heavy daytime snowstorm on a dense city .mp4"
i2v,steady,Steady-Forcing,internal,matched,60s,"A completely fixed, static, tripod-mounted camera records a heavy nighttime snowfall on a quiet hist.mp4",7719029,302b8ee4475a8680,i2v_source_repo,"output/eval/steady/60s/A completely fixed, static, tripod-mounted camera records a heavy nighttime snowfall on a quiet hist.mp4"
i2v,steady,Steady-Forcing,internal,matched,60s,"A completely fixed, static, tripod-mounted camera records a lone windswept pine clinging to a bare r.mp4",7599288,a39fdd5ef581385b,i2v_source_repo,"output/eval/steady/60s/A completely fixed, static, tripod-mounted camera records a lone windswept pine clinging to a bare r.mp4"
i2v,steady,Steady-Forcing,internal,matched,60s,"A completely fixed, static, tripod-mounted camera records a multi-tiered cascading forest stream fro.mp4",7653862,62b4704b0e87a628,i2v_source_repo,"output/eval/steady/60s/A completely fixed, static, tripod-mounted camera records a multi-tiered cascading forest stream fro.mp4"
i2v,steady,Steady-Forcing,internal,matched,60s,"A completely fixed, static, tripod-mounted camera records a quiet urban park river at night. The cam.mp4",7694576,b0bdb7d2a5569a38,i2v_source_repo,"output/eval/steady/60s/A completely fixed, static, tripod-mounted camera records a quiet urban park river at night. The cam.mp4"
i2v,steady,Steady-Forcing,internal,matched,60s,"A completely fixed, static, tripod-mounted camera records a rain-drenched forest path in late aftern.mp4",7612292,7617b216901fc506,i2v_source_repo,"output/eval/steady/60s/A completely fixed, static, tripod-mounted camera records a rain-drenched forest path in late aftern.mp4"
i2v,steady,Steady-Forcing,internal,matched,60s,"A completely fixed, static, tripod-mounted camera records a swollen muddy flood torrent surging thro.mp4",7649482,8173b0a7c471249e,i2v_source_repo,"output/eval/steady/60s/A completely fixed, static, tripod-mounted camera records a swollen muddy flood torrent surging thro.mp4"
i2v,steady,Steady-Forcing,internal,matched,60s,"A completely fixed, static, tripod-mounted camera records a swollen winter flood river from a low ba.mp4",7623754,316b7d07978110e1,i2v_source_repo,"output/eval/steady/60s/A completely fixed, static, tripod-mounted camera records a swollen winter flood river from a low ba.mp4"
i2v,steady,Steady-Forcing,internal,matched,60s,"A completely fixed, static, tripod-mounted camera records a tranquil moonlit ocean seascape at night.mp4",7687686,1c42c8d79db51314,i2v_source_repo,"output/eval/steady/60s/A completely fixed, static, tripod-mounted camera records a tranquil moonlit ocean seascape at night.mp4"
i2v,steady,Steady-Forcing,internal,matched,60s,"A completely fixed, static, tripod-mounted camera records a tranquil street in a Japanese city durin.mp4",7518167,815b2ec9e085c2ef,i2v_source_repo,"output/eval/steady/60s/A completely fixed, static, tripod-mounted camera records a tranquil street in a Japanese city durin.mp4"
i2v,steady,Steady-Forcing,internal,matched,60s,"A completely fixed, static, tripod-mounted camera records a tropical beach with overhanging coconut .mp4",7490555,abd73d19b93e5a85,i2v_source_repo,"output/eval/steady/60s/A completely fixed, static, tripod-mounted camera records a tropical beach with overhanging coconut .mp4"
i2v,steady,Steady-Forcing,internal,matched,60s,"A completely fixed, static, tripod-mounted camera records a violent volcanic eruption at deep blue h.mp4",7701127,9bcb27d275f4469f,i2v_source_repo,"output/eval/steady/60s/A completely fixed, static, tripod-mounted camera records a violent volcanic eruption at deep blue h.mp4"
i2v,steady,Steady-Forcing,internal,matched,60s,"A completely fixed, static, tripod-mounted camera records an active snowfall in a dense mountain spr.mp4",7728676,7fb52d633acd9c23,i2v_source_repo,"output/eval/steady/60s/A completely fixed, static, tripod-mounted camera records an active snowfall in a dense mountain spr.mp4"
i2v,steady,Steady-Forcing,internal,matched,60s,"A completely fixed, static, tripod-mounted camera records an active snowfall over a wide open alpine.mp4",7667383,656be8a9061f05d7,i2v_source_repo,"output/eval/steady/60s/A completely fixed, static, tripod-mounted camera records an active snowfall over a wide open alpine.mp4"
i2v,steady,Steady-Forcing,internal,matched,60s,"A completely fixed, static, tripod-mounted camera records an active volcanic lava ocean entry event .mp4",7638834,10b1c89b9b2ca3b9,i2v_source_repo,"output/eval/steady/60s/A completely fixed, static, tripod-mounted camera records an active volcanic lava ocean entry event .mp4"
i2v,steady,Steady-Forcing,internal,matched,60s,"A completely fixed, static, tripod-mounted camera records an erupting stratovolcano at golden sunset.mp4",7978783,69fb1796d1404835,i2v_source_repo,"output/eval/steady/60s/A completely fixed, static, tripod-mounted camera records an erupting stratovolcano at golden sunset.mp4"
i2v,steady,Steady-Forcing,internal,matched,60s,"A completely fixed, static, tripod-mounted camera records an extremely heavy nighttime snowfall on a.mp4",7667796,20a6bfd7a0de8270,i2v_source_repo,"output/eval/steady/60s/A completely fixed, static, tripod-mounted camera records an extremely heavy nighttime snowfall on a.mp4"
i2v,steady,Steady-Forcing,internal,matched,60s,"A completely fixed, static, tripod-mounted camera records moderate rainfall in a cultivated garden a.mp4",7636716,8bf1a7a0dda7f059,i2v_source_repo,"output/eval/steady/60s/A completely fixed, static, tripod-mounted camera records moderate rainfall in a cultivated garden a.mp4"
i2v,steady,Steady-Forcing,internal,matched,60s,"A completely fixed, static, tripod-mounted camera records the underside of a long concrete river bri.mp4",7660762,466c96b3853feeee,i2v_source_repo,"output/eval/steady/60s/A completely fixed, static, tripod-mounted camera records the underside of a long concrete river bri.mp4"
i2v,steady,Steady-Forcing,internal,matched,60s,"A completely fixed, static, tripod-mounted camera records two coconut palms thrashing in a violent t.mp4",7641721,0147b882731ff518,i2v_source_repo,"output/eval/steady/60s/A completely fixed, static, tripod-mounted camera records two coconut palms thrashing in a violent t.mp4"
i2v,steady,Steady-Forcing,internal,matched,120s,"A completely fixed, static, aerial tripod-mounted camera records an active lava flow cutting through.mp4",15457076,ddc35775bb8d4ded,i2v_source_repo,"output/eval/steady/120s/A completely fixed, static, aerial tripod-mounted camera records an active lava flow cutting through.mp4"
i2v,steady,Steady-Forcing,internal,matched,120s,"A completely fixed, static, close-range tripod-mounted camera records a massive open-ocean wave pitc.mp4",15219179,68edd855e925fb82,i2v_source_repo,"output/eval/steady/120s/A completely fixed, static, close-range tripod-mounted camera records a massive open-ocean wave pitc.mp4"
i2v,steady,Steady-Forcing,internal,matched,120s,"A completely fixed, static, close-range tripod-mounted camera records a single large ocean wave curl.mp4",15394688,bfd2ee26adde11fc,i2v_source_repo,"output/eval/steady/120s/A completely fixed, static, close-range tripod-mounted camera records a single large ocean wave curl.mp4"
i2v,steady,Steady-Forcing,internal,matched,120s,"A completely fixed, static, close-range tripod-mounted camera records a small forest creek cascading.mp4",15468707,700eb89c6a71979c,i2v_source_repo,"output/eval/steady/120s/A completely fixed, static, close-range tripod-mounted camera records a small forest creek cascading.mp4"
i2v,steady,Steady-Forcing,internal,matched,120s,"A completely fixed, static, low-water-level tripod-mounted camera records a calm mountain river flow.mp4",15508729,4ac1a05e33851f26,i2v_source_repo,"output/eval/steady/120s/A completely fixed, static, low-water-level tripod-mounted camera records a calm mountain river flow.mp4"
i2v,steady,Steady-Forcing,internal,matched,120s,"A completely fixed, static, tripod-mounted camera records a bright blue sky filled with drifting whi.mp4",15383606,a280a13f496b8f6d,i2v_source_repo,"output/eval/steady/120s/A completely fixed, static, tripod-mounted camera records a bright blue sky filled with drifting whi.mp4"
i2v,steady,Steady-Forcing,internal,matched,120s,"A completely fixed, static, tripod-mounted camera records a channelized urban river running through .mp4",15318546,8120e96e5b6c9478,i2v_source_repo,"output/eval/steady/120s/A completely fixed, static, tripod-mounted camera records a channelized urban river running through .mp4"
i2v,steady,Steady-Forcing,internal,matched,120s,"A completely fixed, static, tripod-mounted camera records a clear river flowing past a grassy bank a.mp4",15481931,22667c2385d966d9,i2v_source_repo,"output/eval/steady/120s/A completely fixed, static, tripod-mounted camera records a clear river flowing past a grassy bank a.mp4"
i2v,steady,Steady-Forcing,internal,matched,120s,"A completely fixed, static, tripod-mounted camera records a dense city at dusk with a massive dark p.mp4",15482820,d1f6632c8f26adfe,i2v_source_repo,"output/eval/steady/120s/A completely fixed, static, tripod-mounted camera records a dense city at dusk with a massive dark p.mp4"
i2v,steady,Steady-Forcing,internal,matched,120s,"A completely fixed, static, tripod-mounted camera records a desert dust storm advancing across a fla.mp4",15220769,7b73b50ae000a1d6,i2v_source_repo,"output/eval/steady/120s/A completely fixed, static, tripod-mounted camera records a desert dust storm advancing across a fla.mp4"
i2v,steady,Steady-Forcing,internal,matched,120s,"A completely fixed, static, tripod-mounted camera records a fast mountain river running through a ro.mp4",15508090,8edad9acba405207,i2v_source_repo,"output/eval/steady/120s/A completely fixed, static, tripod-mounted camera records a fast mountain river running through a ro.mp4"
i2v,steady,Steady-Forcing,internal,matched,120s,"A completely fixed, static, tripod-mounted camera records a heavy snowfall over a snow-covered alpin.mp4",15470119,0eb491f33934a39b,i2v_source_repo,"output/eval/steady/120s/A completely fixed, static, tripod-mounted camera records a heavy snowfall over a snow-covered alpin.mp4"
i2v,steady,Steady-Forcing,internal,matched,120s,"A completely fixed, static, tripod-mounted camera records a long row of tall palms thrashing in a tr.mp4",15354983,bcc93bb56eb95199,i2v_source_repo,"output/eval/steady/120s/A completely fixed, static, tripod-mounted camera records a long row of tall palms thrashing in a tr.mp4"
i2v,steady,Steady-Forcing,internal,matched,120s,"A completely fixed, static, tripod-mounted camera records a nighttime city skyline backed by a large.mp4",15155720,98579d0c8fbfe739,i2v_source_repo,"output/eval/steady/120s/A completely fixed, static, tripod-mounted camera records a nighttime city skyline backed by a large.mp4"
i2v,steady,Steady-Forcing,internal,matched,120s,"A completely fixed, static, tripod-mounted camera records a rainy narrow city alley at night in desa.mp4",15217262,c2203138abf85afe,i2v_source_repo,"output/eval/steady/120s/A completely fixed, static, tripod-mounted camera records a rainy narrow city alley at night in desa.mp4"
i2v,steady,Steady-Forcing,internal,matched,120s,"A completely fixed, static, tripod-mounted camera records a swollen flood river spilling across subm.mp4",15390101,aaf9fb46312bd11c,i2v_source_repo,"output/eval/steady/120s/A completely fixed, static, tripod-mounted camera records a swollen flood river spilling across subm.mp4"
i2v,steady,Steady-Forcing,internal,matched,120s,"A completely fixed, static, tripod-mounted camera records a tree-lined city street in autumn with fa.mp4",15442983,3bb18fb8f6572585,i2v_source_repo,"output/eval/steady/120s/A completely fixed, static, tripod-mounted camera records a tree-lined city street in autumn with fa.mp4"
i2v,steady,Steady-Forcing,internal,matched,120s,"A completely fixed, static, tripod-mounted camera records a tropical white-sand beach with a leaning.mp4",15357778,ec6f3c6aaed453f3,i2v_source_repo,"output/eval/steady/120s/A completely fixed, static, tripod-mounted camera records a tropical white-sand beach with a leaning.mp4"
i2v,steady,Steady-Forcing,internal,matched,120s,"A completely fixed, static, tripod-mounted camera records an active grass-and-brush wildfire spreadi.mp4",15407176,69561114daf4b105,i2v_source_repo,"output/eval/steady/120s/A completely fixed, static, tripod-mounted camera records an active grass-and-brush wildfire spreadi.mp4"
i2v,steady,Steady-Forcing,internal,matched,120s,"A completely fixed, static, tripod-mounted camera records an extremely heavy daytime snowfall over a.mp4",15130565,b46cbec48a38fc01,i2v_source_repo,"output/eval/steady/120s/A completely fixed, static, tripod-mounted camera records an extremely heavy daytime snowfall over a.mp4"
i2v,steady,Steady-Forcing,internal,matched,240s,"A completely fixed, static, close-range tripod-mounted camera records heavy tropical rain pouring of.mp4",30550630,51aad10e408149c4,i2v_source_repo,"output/eval/steady/240s/A completely fixed, static, close-range tripod-mounted camera records heavy tropical rain pouring of.mp4"
i2v,steady,Steady-Forcing,internal,matched,240s,"A completely fixed, static, tripod-mounted camera records a calm tropical bay framed by a large over.mp4",30685388,103e437a66f80532,i2v_source_repo,"output/eval/steady/240s/A completely fixed, static, tripod-mounted camera records a calm tropical bay framed by a large over.mp4"
i2v,steady,Steady-Forcing,internal,matched,240s,"A completely fixed, static, tripod-mounted camera records a historic Kyoto canal lined with traditio.mp4",30645086,8f8c1885745b196c,i2v_source_repo,"output/eval/steady/240s/A completely fixed, static, tripod-mounted camera records a historic Kyoto canal lined with traditio.mp4"
i2v,steady,Steady-Forcing,internal,matched,240s,"A completely fixed, static, tripod-mounted camera records a tranquil tropical beach with leaning pal.mp4",30647459,36407c8edc9a4b36,i2v_source_repo,"output/eval/steady/240s/A completely fixed, static, tripod-mounted camera records a tranquil tropical beach with leaning pal.mp4"
i2v,steady,Steady-Forcing,internal,matched,240s,"A completely fixed, static, tripod-mounted camera records an active braided lava flow advancing acro.mp4",30890770,e20b3a78acef4d2d,i2v_source_repo,"output/eval/steady/240s/A completely fixed, static, tripod-mounted camera records an active braided lava flow advancing acro.mp4"
i2v,rt500,RA-I2V (rt500),internal,matched,5s,"A completely fixed, static, macro-closeup tripod-mounted camera records heavy rainfall falling direc.mp4",744904,efd01fad630d3141,i2v_source_repo,"output/eval/rt500/5s/A completely fixed, static, macro-closeup tripod-mounted camera records heavy rainfall falling direc.mp4"
i2v,rt500,RA-I2V (rt500),internal,matched,5s,"A completely fixed, static, tripod-mounted camera records a burning indoor fireplace from a direct f.mp4",752724,4c3556e29113682a,i2v_source_repo,"output/eval/rt500/5s/A completely fixed, static, tripod-mounted camera records a burning indoor fireplace from a direct f.mp4"
i2v,rt500,RA-I2V (rt500),internal,matched,5s,"A completely fixed, static, tripod-mounted camera records a calm urban river at deep blue twilight f.mp4",685055,dce7a376062d9460,i2v_source_repo,"output/eval/rt500/5s/A completely fixed, static, tripod-mounted camera records a calm urban river at deep blue twilight f.mp4"
i2v,rt500,RA-I2V (rt500),internal,matched,5s,"A completely fixed, static, tripod-mounted camera records a catastrophic desert haboob sandstorm app.mp4",742497,9d1ef98b3b7bb223,i2v_source_repo,"output/eval/rt500/5s/A completely fixed, static, tripod-mounted camera records a catastrophic desert haboob sandstorm app.mp4"
i2v,rt500,RA-I2V (rt500),internal,matched,5s,"A completely fixed, static, tripod-mounted camera records a dense urban residential and commercial d.mp4",703322,f221692fa5acd198,i2v_source_repo,"output/eval/rt500/5s/A completely fixed, static, tripod-mounted camera records a dense urban residential and commercial d.mp4"
i2v,rt500,RA-I2V (rt500),internal,matched,5s,"A completely fixed, static, tripod-mounted camera records a historic Kyoto canal lined with cherry b.mp4",707420,78cd03f7695dd796,i2v_source_repo,"output/eval/rt500/5s/A completely fixed, static, tripod-mounted camera records a historic Kyoto canal lined with cherry b.mp4"
i2v,rt500,RA-I2V (rt500),internal,matched,5s,"A completely fixed, static, tripod-mounted camera records an active snowfall over the ornate Bow Bri.mp4",725333,6caa6825e6bb9b48,i2v_source_repo,"output/eval/rt500/5s/A completely fixed, static, tripod-mounted camera records an active snowfall over the ornate Bow Bri.mp4"
i2v,rt500,RA-I2V (rt500),internal,matched,5s,"A completely fixed, static, tripod-mounted camera records an active volcanic lava flow field at blue.mp4",754688,d964a956cd75a290,i2v_source_repo,"output/eval/rt500/5s/A completely fixed, static, tripod-mounted camera records an active volcanic lava flow field at blue.mp4"
i2v,rt500,RA-I2V (rt500),internal,matched,5s,"A completely fixed, static, tripod-mounted camera records an extremely heavy nighttime snowfall on a.mp4",717513,578998b42c81a6cc,i2v_source_repo,"output/eval/rt500/5s/A completely fixed, static, tripod-mounted camera records an extremely heavy nighttime snowfall on a.mp4"
i2v,rt500,RA-I2V (rt500),internal,matched,5s,"A completely fixed, static, tripod-mounted camera records an urban intersection fire and explosion e.mp4",720030,11adfad79ded9f4f,i2v_source_repo,"output/eval/rt500/5s/A completely fixed, static, tripod-mounted camera records an urban intersection fire and explosion e.mp4"
i2v,rt500,RA-I2V (rt500),internal,matched,60s,"A completely fixed, static, macro tripod-mounted camera records heavy urban rainfall from an extreme.mp4",7980419,e69747cc362858a3,i2v_source_repo,"output/eval/rt500/60s/A completely fixed, static, macro tripod-mounted camera records heavy urban rainfall from an extreme.mp4"
i2v,rt500,RA-I2V (rt500),internal,matched,60s,"A completely fixed, static, macro-range tripod-mounted camera records a rain-streaked window pane wi.mp4",7755262,6ce95a0d89cf7622,i2v_source_repo,"output/eval/rt500/60s/A completely fixed, static, macro-range tripod-mounted camera records a rain-streaked window pane wi.mp4"
i2v,rt500,RA-I2V (rt500),internal,matched,60s,"A completely fixed, static, tripod-mounted camera records a burning forest campfire at night from a .mp4",7794346,389e646b4533d277,i2v_source_repo,"output/eval/rt500/60s/A completely fixed, static, tripod-mounted camera records a burning forest campfire at night from a .mp4"
i2v,rt500,RA-I2V (rt500),internal,matched,60s,"A completely fixed, static, tripod-mounted camera records a calm overcast coastal beach scene from a.mp4",7720893,4ff01ffc29971574,i2v_source_repo,"output/eval/rt500/60s/A completely fixed, static, tripod-mounted camera records a calm overcast coastal beach scene from a.mp4"
i2v,rt500,RA-I2V (rt500),internal,matched,60s,"A completely fixed, static, tripod-mounted camera records a calm winter river from a slightly elevat.mp4",7617473,f562d9f138ba4839,i2v_source_repo,"output/eval/rt500/60s/A completely fixed, static, tripod-mounted camera records a calm winter river from a slightly elevat.mp4"
i2v,rt500,RA-I2V (rt500),internal,matched,60s,"A completely fixed, static, tripod-mounted camera records a clear summer forest stream with boulder .mp4",7656331,154f57391b638785,i2v_source_repo,"output/eval/rt500/60s/A completely fixed, static, tripod-mounted camera records a clear summer forest stream with boulder .mp4"
i2v,rt500,RA-I2V (rt500),internal,matched,60s,"A completely fixed, static, tripod-mounted camera records a coastal tuff cone headland and the open .mp4",7659996,30d20b8e8297d749,i2v_source_repo,"output/eval/rt500/60s/A completely fixed, static, tripod-mounted camera records a coastal tuff cone headland and the open .mp4"
i2v,rt500,RA-I2V (rt500),internal,matched,60s,"A completely fixed, static, tripod-mounted camera records a desert dust storm sweeping across a flat.mp4",7660642,cbd371eff89e8270,i2v_source_repo,"output/eval/rt500/60s/A completely fixed, static, tripod-mounted camera records a desert dust storm sweeping across a flat.mp4"
i2v,rt500,RA-I2V (rt500),internal,matched,60s,"A completely fixed, static, tripod-mounted camera records a fast mountain river cascading over a bou.mp4",7633984,dc4108b7f94e31ec,i2v_source_repo,"output/eval/rt500/60s/A completely fixed, static, tripod-mounted camera records a fast mountain river cascading over a bou.mp4"
i2v,rt500,RA-I2V (rt500),internal,matched,60s,"A completely fixed, static, tripod-mounted camera records a gentle clear forest stream in a lush gre.mp4",7611449,dd2841b55b8ae536,i2v_source_repo,"output/eval/rt500/60s/A completely fixed, static, tripod-mounted camera records a gentle clear forest stream in a lush gre.mp4"
i2v,rt500,RA-I2V (rt500),internal,matched,60s,"A completely fixed, static, tripod-mounted camera records a heavy daytime snowstorm on a dense city .mp4",7599886,57748e6cb7b79748,i2v_source_repo,"output/eval/rt500/60s/A completely fixed, static, tripod-mounted camera records a heavy daytime snowstorm on a dense city .mp4"
i2v,rt500,RA-I2V (rt500),internal,matched,60s,"A completely fixed, static, tripod-mounted camera records a heavy nighttime snowfall on a quiet hist.mp4",7691171,07a6d7429d658055,i2v_source_repo,"output/eval/rt500/60s/A completely fixed, static, tripod-mounted camera records a heavy nighttime snowfall on a quiet hist.mp4"
i2v,rt500,RA-I2V (rt500),internal,matched,60s,"A completely fixed, static, tripod-mounted camera records a lone windswept pine clinging to a bare r.mp4",7752157,903dbb130630be5f,i2v_source_repo,"output/eval/rt500/60s/A completely fixed, static, tripod-mounted camera records a lone windswept pine clinging to a bare r.mp4"
i2v,rt500,RA-I2V (rt500),internal,matched,60s,"A completely fixed, static, tripod-mounted camera records a multi-tiered cascading forest stream fro.mp4",7619974,a573e3a2f561c852,i2v_source_repo,"output/eval/rt500/60s/A completely fixed, static, tripod-mounted camera records a multi-tiered cascading forest stream fro.mp4"
i2v,rt500,RA-I2V (rt500),internal,matched,60s,"A completely fixed, static, tripod-mounted camera records a quiet urban park river at night. The cam.mp4",7618771,ac29498a6a632842,i2v_source_repo,"output/eval/rt500/60s/A completely fixed, static, tripod-mounted camera records a quiet urban park river at night. The cam.mp4"
i2v,rt500,RA-I2V (rt500),internal,matched,60s,"A completely fixed, static, tripod-mounted camera records a rain-drenched forest path in late aftern.mp4",7783839,e9a62cff2b44e632,i2v_source_repo,"output/eval/rt500/60s/A completely fixed, static, tripod-mounted camera records a rain-drenched forest path in late aftern.mp4"
i2v,rt500,RA-I2V (rt500),internal,matched,60s,"A completely fixed, static, tripod-mounted camera records a swollen muddy flood torrent surging thro.mp4",7619042,48106d4b61ecf110,i2v_source_repo,"output/eval/rt500/60s/A completely fixed, static, tripod-mounted camera records a swollen muddy flood torrent surging thro.mp4"
i2v,rt500,RA-I2V (rt500),internal,matched,60s,"A completely fixed, static, tripod-mounted camera records a swollen winter flood river from a low ba.mp4",7626795,b56d368590d9bba5,i2v_source_repo,"output/eval/rt500/60s/A completely fixed, static, tripod-mounted camera records a swollen winter flood river from a low ba.mp4"
i2v,rt500,RA-I2V (rt500),internal,matched,60s,"A completely fixed, static, tripod-mounted camera records a tranquil moonlit ocean seascape at night.mp4",7700296,754ec7e2439baee7,i2v_source_repo,"output/eval/rt500/60s/A completely fixed, static, tripod-mounted camera records a tranquil moonlit ocean seascape at night.mp4"
i2v,rt500,RA-I2V (rt500),internal,matched,60s,"A completely fixed, static, tripod-mounted camera records a tranquil street in a Japanese city durin.mp4",7699749,0f06daf382264bed,i2v_source_repo,"output/eval/rt500/60s/A completely fixed, static, tripod-mounted camera records a tranquil street in a Japanese city durin.mp4"
i2v,rt500,RA-I2V (rt500),internal,matched,60s,"A completely fixed, static, tripod-mounted camera records a tropical beach with overhanging coconut .mp4",7539710,0395db714e24888e,i2v_source_repo,"output/eval/rt500/60s/A completely fixed, static, tripod-mounted camera records a tropical beach with overhanging coconut .mp4"
i2v,rt500,RA-I2V (rt500),internal,matched,60s,"A completely fixed, static, tripod-mounted camera records a violent volcanic eruption at deep blue h.mp4",7948677,892caa3ea0ccac13,i2v_source_repo,"output/eval/rt500/60s/A completely fixed, static, tripod-mounted camera records a violent volcanic eruption at deep blue h.mp4"
i2v,rt500,RA-I2V (rt500),internal,matched,60s,"A completely fixed, static, tripod-mounted camera records an active snowfall in a dense mountain spr.mp4",7502767,334b3f1a858c6668,i2v_source_repo,"output/eval/rt500/60s/A completely fixed, static, tripod-mounted camera records an active snowfall in a dense mountain spr.mp4"
i2v,rt500,RA-I2V (rt500),internal,matched,60s,"A completely fixed, static, tripod-mounted camera records an active snowfall over a wide open alpine.mp4",7814237,b2e9361b3effc423,i2v_source_repo,"output/eval/rt500/60s/A completely fixed, static, tripod-mounted camera records an active snowfall over a wide open alpine.mp4"
i2v,rt500,RA-I2V (rt500),internal,matched,60s,"A completely fixed, static, tripod-mounted camera records an active volcanic lava ocean entry event .mp4",7792181,c91b747e4dc13255,i2v_source_repo,"output/eval/rt500/60s/A completely fixed, static, tripod-mounted camera records an active volcanic lava ocean entry event .mp4"
i2v,rt500,RA-I2V (rt500),internal,matched,60s,"A completely fixed, static, tripod-mounted camera records an erupting stratovolcano at golden sunset.mp4",7840977,f7d20098921bf270,i2v_source_repo,"output/eval/rt500/60s/A completely fixed, static, tripod-mounted camera records an erupting stratovolcano at golden sunset.mp4"
i2v,rt500,RA-I2V (rt500),internal,matched,60s,"A completely fixed, static, tripod-mounted camera records an extremely heavy nighttime snowfall on a.mp4",7818730,016abff264f07382,i2v_source_repo,"output/eval/rt500/60s/A completely fixed, static, tripod-mounted camera records an extremely heavy nighttime snowfall on a.mp4"
i2v,rt500,RA-I2V (rt500),internal,matched,60s,"A completely fixed, static, tripod-mounted camera records moderate rainfall in a cultivated garden a.mp4",7746290,e776dafb0cdd539e,i2v_source_repo,"output/eval/rt500/60s/A completely fixed, static, tripod-mounted camera records moderate rainfall in a cultivated garden a.mp4"
i2v,rt500,RA-I2V (rt500),internal,matched,60s,"A completely fixed, static, tripod-mounted camera records the underside of a long concrete river bri.mp4",7754891,166b8b1b70dea867,i2v_source_repo,"output/eval/rt500/60s/A completely fixed, static, tripod-mounted camera records the underside of a long concrete river bri.mp4"
i2v,rt500,RA-I2V (rt500),internal,matched,60s,"A completely fixed, static, tripod-mounted camera records two coconut palms thrashing in a violent t.mp4",7733489,df4205d7ee85cd6c,i2v_source_repo,"output/eval/rt500/60s/A completely fixed, static, tripod-mounted camera records two coconut palms thrashing in a violent t.mp4"
i2v,rt500,RA-I2V (rt500),internal,matched,120s,"A completely fixed, static, aerial tripod-mounted camera records an active lava flow cutting through.mp4",15618226,500b602f1a9d6d2a,i2v_source_repo,"output/eval/rt500/120s/A completely fixed, static, aerial tripod-mounted camera records an active lava flow cutting through.mp4"
i2v,rt500,RA-I2V (rt500),internal,matched,120s,"A completely fixed, static, close-range tripod-mounted camera records a massive open-ocean wave pitc.mp4",15324406,5360d64f05da90cf,i2v_source_repo,"output/eval/rt500/120s/A completely fixed, static, close-range tripod-mounted camera records a massive open-ocean wave pitc.mp4"
i2v,rt500,RA-I2V (rt500),internal,matched,120s,"A completely fixed, static, close-range tripod-mounted camera records a single large ocean wave curl.mp4",15432644,0c5453d180b64b9d,i2v_source_repo,"output/eval/rt500/120s/A completely fixed, static, close-range tripod-mounted camera records a single large ocean wave curl.mp4"
i2v,rt500,RA-I2V (rt500),internal,matched,120s,"A completely fixed, static, close-range tripod-mounted camera records a small forest creek cascading.mp4",15373310,da74ffabce275ddd,i2v_source_repo,"output/eval/rt500/120s/A completely fixed, static, close-range tripod-mounted camera records a small forest creek cascading.mp4"
i2v,rt500,RA-I2V (rt500),internal,matched,120s,"A completely fixed, static, low-water-level tripod-mounted camera records a calm mountain river flow.mp4",15456334,ea96e746f71fac9d,i2v_source_repo,"output/eval/rt500/120s/A completely fixed, static, low-water-level tripod-mounted camera records a calm mountain river flow.mp4"
i2v,rt500,RA-I2V (rt500),internal,matched,120s,"A completely fixed, static, tripod-mounted camera records a bright blue sky filled with drifting whi.mp4",15380573,7d9628268485d96d,i2v_source_repo,"output/eval/rt500/120s/A completely fixed, static, tripod-mounted camera records a bright blue sky filled with drifting whi.mp4"
i2v,rt500,RA-I2V (rt500),internal,matched,120s,"A completely fixed, static, tripod-mounted camera records a channelized urban river running through .mp4",15349869,a1af75e0a0c1e48d,i2v_source_repo,"output/eval/rt500/120s/A completely fixed, static, tripod-mounted camera records a channelized urban river running through .mp4"
i2v,rt500,RA-I2V (rt500),internal,matched,120s,"A completely fixed, static, tripod-mounted camera records a clear river flowing past a grassy bank a.mp4",15310546,7a7c08ee2b1a6d42,i2v_source_repo,"output/eval/rt500/120s/A completely fixed, static, tripod-mounted camera records a clear river flowing past a grassy bank a.mp4"
i2v,rt500,RA-I2V (rt500),internal,matched,120s,"A completely fixed, static, tripod-mounted camera records a dense city at dusk with a massive dark p.mp4",15589863,2b4af242008c73a3,i2v_source_repo,"output/eval/rt500/120s/A completely fixed, static, tripod-mounted camera records a dense city at dusk with a massive dark p.mp4"
i2v,rt500,RA-I2V (rt500),internal,matched,120s,"A completely fixed, static, tripod-mounted camera records a desert dust storm advancing across a fla.mp4",15327805,c9207a4876728415,i2v_source_repo,"output/eval/rt500/120s/A completely fixed, static, tripod-mounted camera records a desert dust storm advancing across a fla.mp4"
i2v,rt500,RA-I2V (rt500),internal,matched,120s,"A completely fixed, static, tripod-mounted camera records a fast mountain river running through a ro.mp4",15356168,07a99d353267b276,i2v_source_repo,"output/eval/rt500/120s/A completely fixed, static, tripod-mounted camera records a fast mountain river running through a ro.mp4"
i2v,rt500,RA-I2V (rt500),internal,matched,120s,"A completely fixed, static, tripod-mounted camera records a heavy snowfall over a snow-covered alpin.mp4",15119472,51fd2fc13a75f397,i2v_source_repo,"output/eval/rt500/120s/A completely fixed, static, tripod-mounted camera records a heavy snowfall over a snow-covered alpin.mp4"
i2v,rt500,RA-I2V (rt500),internal,matched,120s,"A completely fixed, static, tripod-mounted camera records a long row of tall palms thrashing in a tr.mp4",15343479,c451f0b3598e0e65,i2v_source_repo,"output/eval/rt500/120s/A completely fixed, static, tripod-mounted camera records a long row of tall palms thrashing in a tr.mp4"
i2v,rt500,RA-I2V (rt500),internal,matched,120s,"A completely fixed, static, tripod-mounted camera records a nighttime city skyline backed by a large.mp4",15612854,f4ec9fada09d63eb,i2v_source_repo,"output/eval/rt500/120s/A completely fixed, static, tripod-mounted camera records a nighttime city skyline backed by a large.mp4"
i2v,rt500,RA-I2V (rt500),internal,matched,120s,"A completely fixed, static, tripod-mounted camera records a rainy narrow city alley at night in desa.mp4",16046333,21e4d1a779b50f4b,i2v_source_repo,"output/eval/rt500/120s/A completely fixed, static, tripod-mounted camera records a rainy narrow city alley at night in desa.mp4"
i2v,rt500,RA-I2V (rt500),internal,matched,120s,"A completely fixed, static, tripod-mounted camera records a swollen flood river spilling across subm.mp4",15332555,e30aa98ebebc0782,i2v_source_repo,"output/eval/rt500/120s/A completely fixed, static, tripod-mounted camera records a swollen flood river spilling across subm.mp4"
i2v,rt500,RA-I2V (rt500),internal,matched,120s,"A completely fixed, static, tripod-mounted camera records a tree-lined city street in autumn with fa.mp4",15463794,d99ee14122ad141e,i2v_source_repo,"output/eval/rt500/120s/A completely fixed, static, tripod-mounted camera records a tree-lined city street in autumn with fa.mp4"
i2v,rt500,RA-I2V (rt500),internal,matched,120s,"A completely fixed, static, tripod-mounted camera records a tropical white-sand beach with a leaning.mp4",15395097,9e095cfb8109cbcd,i2v_source_repo,"output/eval/rt500/120s/A completely fixed, static, tripod-mounted camera records a tropical white-sand beach with a leaning.mp4"
i2v,rt500,RA-I2V (rt500),internal,matched,120s,"A completely fixed, static, tripod-mounted camera records an active grass-and-brush wildfire spreadi.mp4",15900428,4dbf5f5fd36203ac,i2v_source_repo,"output/eval/rt500/120s/A completely fixed, static, tripod-mounted camera records an active grass-and-brush wildfire spreadi.mp4"
i2v,rt500,RA-I2V (rt500),internal,matched,120s,"A completely fixed, static, tripod-mounted camera records an extremely heavy daytime snowfall over a.mp4",15513795,fdd0608141ebc21a,i2v_source_repo,"output/eval/rt500/120s/A completely fixed, static, tripod-mounted camera records an extremely heavy daytime snowfall over a.mp4"
i2v,rt500,RA-I2V (rt500),internal,matched,240s,"A completely fixed, static, close-range tripod-mounted camera records heavy tropical rain pouring of.mp4",30796749,6894da58c7f11d06,i2v_source_repo,"output/eval/rt500/240s/A completely fixed, static, close-range tripod-mounted camera records heavy tropical rain pouring of.mp4"
i2v,rt500,RA-I2V (rt500),internal,matched,240s,"A completely fixed, static, tripod-mounted camera records a calm tropical bay framed by a large over.mp4",30784604,8f853e2d196920d0,i2v_source_repo,"output/eval/rt500/240s/A completely fixed, static, tripod-mounted camera records a calm tropical bay framed by a large over.mp4"
i2v,rt500,RA-I2V (rt500),internal,matched,240s,"A completely fixed, static, tripod-mounted camera records a historic Kyoto canal lined with traditio.mp4",30810009,1bdaa5cff82aca31,i2v_source_repo,"output/eval/rt500/240s/A completely fixed, static, tripod-mounted camera records a historic Kyoto canal lined with traditio.mp4"
i2v,rt500,RA-I2V (rt500),internal,matched,240s,"A completely fixed, static, tripod-mounted camera records a tranquil tropical beach with leaning pal.mp4",30785679,5469c388185a9470,i2v_source_repo,"output/eval/rt500/240s/A completely fixed, static, tripod-mounted camera records a tranquil tropical beach with leaning pal.mp4"
i2v,rt500,RA-I2V (rt500),internal,matched,240s,"A completely fixed, static, tripod-mounted camera records an active braided lava flow advancing acro.mp4",30678138,69ccc7ad33311ec8,i2v_source_repo,"output/eval/rt500/240s/A completely fixed, static, tripod-mounted camera records an active braided lava flow advancing acro.mp4"
i2v,phase7_500,RA-I2V-v1 (phase7_500),internal,matched,5s,"A completely fixed, static, macro-closeup tripod-mounted camera records heavy rainfall falling direc.mp4",779760,02bd2ae5bda1bd6b,i2v_source_repo,"output/eval/phase7_500/5s/A completely fixed, static, macro-closeup tripod-mounted camera records heavy rainfall falling direc.mp4"
i2v,phase7_500,RA-I2V-v1 (phase7_500),internal,matched,5s,"A completely fixed, static, tripod-mounted camera records a burning indoor fireplace from a direct f.mp4",760971,a72934a25943013c,i2v_source_repo,"output/eval/phase7_500/5s/A completely fixed, static, tripod-mounted camera records a burning indoor fireplace from a direct f.mp4"
i2v,phase7_500,RA-I2V-v1 (phase7_500),internal,matched,5s,"A completely fixed, static, tripod-mounted camera records a calm urban river at deep blue twilight f.mp4",712386,f1da9fca13ecc0a5,i2v_source_repo,"output/eval/phase7_500/5s/A completely fixed, static, tripod-mounted camera records a calm urban river at deep blue twilight f.mp4"
i2v,phase7_500,RA-I2V-v1 (phase7_500),internal,matched,5s,"A completely fixed, static, tripod-mounted camera records a catastrophic desert haboob sandstorm app.mp4",741266,fb7bec71919b8ba9,i2v_source_repo,"output/eval/phase7_500/5s/A completely fixed, static, tripod-mounted camera records a catastrophic desert haboob sandstorm app.mp4"
i2v,phase7_500,RA-I2V-v1 (phase7_500),internal,matched,5s,"A completely fixed, static, tripod-mounted camera records a dense urban residential and commercial d.mp4",732196,26ef46cddcc028e1,i2v_source_repo,"output/eval/phase7_500/5s/A completely fixed, static, tripod-mounted camera records a dense urban residential and commercial d.mp4"
i2v,phase7_500,RA-I2V-v1 (phase7_500),internal,matched,5s,"A completely fixed, static, tripod-mounted camera records a historic Kyoto canal lined with cherry b.mp4",726172,e275264b0d6e6281,i2v_source_repo,"output/eval/phase7_500/5s/A completely fixed, static, tripod-mounted camera records a historic Kyoto canal lined with cherry b.mp4"
i2v,phase7_500,RA-I2V-v1 (phase7_500),internal,matched,5s,"A completely fixed, static, tripod-mounted camera records an active snowfall over the ornate Bow Bri.mp4",736878,170a7fd37a71d156,i2v_source_repo,"output/eval/phase7_500/5s/A completely fixed, static, tripod-mounted camera records an active snowfall over the ornate Bow Bri.mp4"
i2v,phase7_500,RA-I2V-v1 (phase7_500),internal,matched,5s,"A completely fixed, static, tripod-mounted camera records an active volcanic lava flow field at blue.mp4",745956,3652c2dcf176a9ae,i2v_source_repo,"output/eval/phase7_500/5s/A completely fixed, static, tripod-mounted camera records an active volcanic lava flow field at blue.mp4"
i2v,phase7_500,RA-I2V-v1 (phase7_500),internal,matched,5s,"A completely fixed, static, tripod-mounted camera records an extremely heavy nighttime snowfall on a.mp4",735001,500c4f4431389a2b,i2v_source_repo,"output/eval/phase7_500/5s/A completely fixed, static, tripod-mounted camera records an extremely heavy nighttime snowfall on a.mp4"
i2v,phase7_500,RA-I2V-v1 (phase7_500),internal,matched,5s,"A completely fixed, static, tripod-mounted camera records an urban intersection fire and explosion e.mp4",714878,7bb7af18b6404378,i2v_source_repo,"output/eval/phase7_500/5s/A completely fixed, static, tripod-mounted camera records an urban intersection fire and explosion e.mp4"
i2v,phase7_500,RA-I2V-v1 (phase7_500),internal,matched,60s,"A completely fixed, static, macro tripod-mounted camera records heavy urban rainfall from an extreme.mp4",8013997,db9bc61772a5baa0,i2v_source_repo,"output/eval/phase7_500/60s/A completely fixed, static, macro tripod-mounted camera records heavy urban rainfall from an extreme.mp4"
i2v,phase7_500,RA-I2V-v1 (phase7_500),internal,matched,60s,"A completely fixed, static, macro-range tripod-mounted camera records a rain-streaked window pane wi.mp4",7730530,579f7421af35ccd3,i2v_source_repo,"output/eval/phase7_500/60s/A completely fixed, static, macro-range tripod-mounted camera records a rain-streaked window pane wi.mp4"
i2v,phase7_500,RA-I2V-v1 (phase7_500),internal,matched,60s,"A completely fixed, static, tripod-mounted camera records a burning forest campfire at night from a .mp4",7748103,b6dd84d4a3768c42,i2v_source_repo,"output/eval/phase7_500/60s/A completely fixed, static, tripod-mounted camera records a burning forest campfire at night from a .mp4"
i2v,phase7_500,RA-I2V-v1 (phase7_500),internal,matched,60s,"A completely fixed, static, tripod-mounted camera records a calm overcast coastal beach scene from a.mp4",7687309,646a603d7c4636e2,i2v_source_repo,"output/eval/phase7_500/60s/A completely fixed, static, tripod-mounted camera records a calm overcast coastal beach scene from a.mp4"
i2v,phase7_500,RA-I2V-v1 (phase7_500),internal,matched,60s,"A completely fixed, static, tripod-mounted camera records a calm winter river from a slightly elevat.mp4",7587139,7e30964288ba1e88,i2v_source_repo,"output/eval/phase7_500/60s/A completely fixed, static, tripod-mounted camera records a calm winter river from a slightly elevat.mp4"
i2v,phase7_500,RA-I2V-v1 (phase7_500),internal,matched,60s,"A completely fixed, static, tripod-mounted camera records a clear summer forest stream with boulder .mp4",7670891,e039d1447fe39ebb,i2v_source_repo,"output/eval/phase7_500/60s/A completely fixed, static, tripod-mounted camera records a clear summer forest stream with boulder .mp4"
i2v,phase7_500,RA-I2V-v1 (phase7_500),internal,matched,60s,"A completely fixed, static, tripod-mounted camera records a coastal tuff cone headland and the open .mp4",7725067,d3dd836fb71f261d,i2v_source_repo,"output/eval/phase7_500/60s/A completely fixed, static, tripod-mounted camera records a coastal tuff cone headland and the open .mp4"
i2v,phase7_500,RA-I2V-v1 (phase7_500),internal,matched,60s,"A completely fixed, static, tripod-mounted camera records a desert dust storm sweeping across a flat.mp4",7587194,b299dbbec1cc207b,i2v_source_repo,"output/eval/phase7_500/60s/A completely fixed, static, tripod-mounted camera records a desert dust storm sweeping across a flat.mp4"
i2v,phase7_500,RA-I2V-v1 (phase7_500),internal,matched,60s,"A completely fixed, static, tripod-mounted camera records a fast mountain river cascading over a bou.mp4",7690406,65b985cbfc6158a1,i2v_source_repo,"output/eval/phase7_500/60s/A completely fixed, static, tripod-mounted camera records a fast mountain river cascading over a bou.mp4"
i2v,phase7_500,RA-I2V-v1 (phase7_500),internal,matched,60s,"A completely fixed, static, tripod-mounted camera records a gentle clear forest stream in a lush gre.mp4",7612300,2f50d2844e54182f,i2v_source_repo,"output/eval/phase7_500/60s/A completely fixed, static, tripod-mounted camera records a gentle clear forest stream in a lush gre.mp4"
i2v,phase7_500,RA-I2V-v1 (phase7_500),internal,matched,60s,"A completely fixed, static, tripod-mounted camera records a heavy daytime snowstorm on a dense city .mp4",7636823,709e82e8104ff240,i2v_source_repo,"output/eval/phase7_500/60s/A completely fixed, static, tripod-mounted camera records a heavy daytime snowstorm on a dense city .mp4"
i2v,phase7_500,RA-I2V-v1 (phase7_500),internal,matched,60s,"A completely fixed, static, tripod-mounted camera records a heavy nighttime snowfall on a quiet hist.mp4",7748534,b1189cc983b8e98e,i2v_source_repo,"output/eval/phase7_500/60s/A completely fixed, static, tripod-mounted camera records a heavy nighttime snowfall on a quiet hist.mp4"
i2v,phase7_500,RA-I2V-v1 (phase7_500),internal,matched,60s,"A completely fixed, static, tripod-mounted camera records a lone windswept pine clinging to a bare r.mp4",7665421,51c0a9e029c738e6,i2v_source_repo,"output/eval/phase7_500/60s/A completely fixed, static, tripod-mounted camera records a lone windswept pine clinging to a bare r.mp4"
i2v,phase7_500,RA-I2V-v1 (phase7_500),internal,matched,60s,"A completely fixed, static, tripod-mounted camera records a multi-tiered cascading forest stream fro.mp4",7622757,40b51750eec0824f,i2v_source_repo,"output/eval/phase7_500/60s/A completely fixed, static, tripod-mounted camera records a multi-tiered cascading forest stream fro.mp4"
i2v,phase7_500,RA-I2V-v1 (phase7_500),internal,matched,60s,"A completely fixed, static, tripod-mounted camera records a quiet urban park river at night. The cam.mp4",7622380,3aa837616bc48e37,i2v_source_repo,"output/eval/phase7_500/60s/A completely fixed, static, tripod-mounted camera records a quiet urban park river at night. The cam.mp4"
i2v,phase7_500,RA-I2V-v1 (phase7_500),internal,matched,60s,"A completely fixed, static, tripod-mounted camera records a rain-drenched forest path in late aftern.mp4",7787227,d6d2fd988ba6f440,i2v_source_repo,"output/eval/phase7_500/60s/A completely fixed, static, tripod-mounted camera records a rain-drenched forest path in late aftern.mp4"
i2v,phase7_500,RA-I2V-v1 (phase7_500),internal,matched,60s,"A completely fixed, static, tripod-mounted camera records a swollen muddy flood torrent surging thro.mp4",7648205,0005f238f00cc607,i2v_source_repo,"output/eval/phase7_500/60s/A completely fixed, static, tripod-mounted camera records a swollen muddy flood torrent surging thro.mp4"
i2v,phase7_500,RA-I2V-v1 (phase7_500),internal,matched,60s,"A completely fixed, static, tripod-mounted camera records a swollen winter flood river from a low ba.mp4",7585638,3f85ca8d7de5717b,i2v_source_repo,"output/eval/phase7_500/60s/A completely fixed, static, tripod-mounted camera records a swollen winter flood river from a low ba.mp4"
i2v,phase7_500,RA-I2V-v1 (phase7_500),internal,matched,60s,"A completely fixed, static, tripod-mounted camera records a tranquil moonlit ocean seascape at night.mp4",7661975,f8fc34835f6a053b,i2v_source_repo,"output/eval/phase7_500/60s/A completely fixed, static, tripod-mounted camera records a tranquil moonlit ocean seascape at night.mp4"
i2v,phase7_500,RA-I2V-v1 (phase7_500),internal,matched,60s,"A completely fixed, static, tripod-mounted camera records a tranquil street in a Japanese city durin.mp4",7703160,b75be68469fd5e63,i2v_source_repo,"output/eval/phase7_500/60s/A completely fixed, static, tripod-mounted camera records a tranquil street in a Japanese city durin.mp4"
i2v,phase7_500,RA-I2V-v1 (phase7_500),internal,matched,60s,"A completely fixed, static, tripod-mounted camera records a tropical beach with overhanging coconut .mp4",7569679,a652e123fd68c0fc,i2v_source_repo,"output/eval/phase7_500/60s/A completely fixed, static, tripod-mounted camera records a tropical beach with overhanging coconut .mp4"
i2v,phase7_500,RA-I2V-v1 (phase7_500),internal,matched,60s,"A completely fixed, static, tripod-mounted camera records a violent volcanic eruption at deep blue h.mp4",7851990,1a7013cb427d0181,i2v_source_repo,"output/eval/phase7_500/60s/A completely fixed, static, tripod-mounted camera records a violent volcanic eruption at deep blue h.mp4"
i2v,phase7_500,RA-I2V-v1 (phase7_500),internal,matched,60s,"A completely fixed, static, tripod-mounted camera records an active snowfall in a dense mountain spr.mp4",7714877,d72fa25e6a1d0f10,i2v_source_repo,"output/eval/phase7_500/60s/A completely fixed, static, tripod-mounted camera records an active snowfall in a dense mountain spr.mp4"
i2v,phase7_500,RA-I2V-v1 (phase7_500),internal,matched,60s,"A completely fixed, static, tripod-mounted camera records an active snowfall over a wide open alpine.mp4",7897562,592964f40d296ed1,i2v_source_repo,"output/eval/phase7_500/60s/A completely fixed, static, tripod-mounted camera records an active snowfall over a wide open alpine.mp4"
i2v,phase7_500,RA-I2V-v1 (phase7_500),internal,matched,60s,"A completely fixed, static, tripod-mounted camera records an active volcanic lava ocean entry event .mp4",7685989,a689b7ce29c95616,i2v_source_repo,"output/eval/phase7_500/60s/A completely fixed, static, tripod-mounted camera records an active volcanic lava ocean entry event .mp4"
i2v,phase7_500,RA-I2V-v1 (phase7_500),internal,matched,60s,"A completely fixed, static, tripod-mounted camera records an erupting stratovolcano at golden sunset.mp4",7815048,b810d4d20bdbdea1,i2v_source_repo,"output/eval/phase7_500/60s/A completely fixed, static, tripod-mounted camera records an erupting stratovolcano at golden sunset.mp4"
i2v,phase7_500,RA-I2V-v1 (phase7_500),internal,matched,60s,"A completely fixed, static, tripod-mounted camera records an extremely heavy nighttime snowfall on a.mp4",7679910,c55061dc37582804,i2v_source_repo,"output/eval/phase7_500/60s/A completely fixed, static, tripod-mounted camera records an extremely heavy nighttime snowfall on a.mp4"
i2v,phase7_500,RA-I2V-v1 (phase7_500),internal,matched,60s,"A completely fixed, static, tripod-mounted camera records moderate rainfall in a cultivated garden a.mp4",7757029,b2a7d71428388f1d,i2v_source_repo,"output/eval/phase7_500/60s/A completely fixed, static, tripod-mounted camera records moderate rainfall in a cultivated garden a.mp4"
i2v,phase7_500,RA-I2V-v1 (phase7_500),internal,matched,60s,"A completely fixed, static, tripod-mounted camera records the underside of a long concrete river bri.mp4",7643464,44e11bcdb4127dac,i2v_source_repo,"output/eval/phase7_500/60s/A completely fixed, static, tripod-mounted camera records the underside of a long concrete river bri.mp4"
i2v,phase7_500,RA-I2V-v1 (phase7_500),internal,matched,60s,"A completely fixed, static, tripod-mounted camera records two coconut palms thrashing in a violent t.mp4",7763881,c27d9fafff84f0b3,i2v_source_repo,"output/eval/phase7_500/60s/A completely fixed, static, tripod-mounted camera records two coconut palms thrashing in a violent t.mp4"
i2v,phase7_500,RA-I2V-v1 (phase7_500),internal,matched,120s,"A completely fixed, static, aerial tripod-mounted camera records an active lava flow cutting through.mp4",15631827,1970dd1dd7f4bd8e,i2v_source_repo,"output/eval/phase7_500/120s/A completely fixed, static, aerial tripod-mounted camera records an active lava flow cutting through.mp4"
i2v,phase7_500,RA-I2V-v1 (phase7_500),internal,matched,120s,"A completely fixed, static, close-range tripod-mounted camera records a massive open-ocean wave pitc.mp4",15412837,11955d3bfa23b5d6,i2v_source_repo,"output/eval/phase7_500/120s/A completely fixed, static, close-range tripod-mounted camera records a massive open-ocean wave pitc.mp4"
i2v,phase7_500,RA-I2V-v1 (phase7_500),internal,matched,120s,"A completely fixed, static, close-range tripod-mounted camera records a single large ocean wave curl.mp4",15496009,ec1b0055b1bfd00b,i2v_source_repo,"output/eval/phase7_500/120s/A completely fixed, static, close-range tripod-mounted camera records a single large ocean wave curl.mp4"
i2v,phase7_500,RA-I2V-v1 (phase7_500),internal,matched,120s,"A completely fixed, static, close-range tripod-mounted camera records a small forest creek cascading.mp4",15445702,22c48a832fdf9c5b,i2v_source_repo,"output/eval/phase7_500/120s/A completely fixed, static, close-range tripod-mounted camera records a small forest creek cascading.mp4"
i2v,phase7_500,RA-I2V-v1 (phase7_500),internal,matched,120s,"A completely fixed, static, low-water-level tripod-mounted camera records a calm mountain river flow.mp4",15395791,14b19d8c5914f711,i2v_source_repo,"output/eval/phase7_500/120s/A completely fixed, static, low-water-level tripod-mounted camera records a calm mountain river flow.mp4"
i2v,phase7_500,RA-I2V-v1 (phase7_500),internal,matched,120s,"A completely fixed, static, tripod-mounted camera records a bright blue sky filled with drifting whi.mp4",15452791,be5151630647491a,i2v_source_repo,"output/eval/phase7_500/120s/A completely fixed, static, tripod-mounted camera records a bright blue sky filled with drifting whi.mp4"
i2v,phase7_500,RA-I2V-v1 (phase7_500),internal,matched,120s,"A completely fixed, static, tripod-mounted camera records a channelized urban river running through .mp4",15295748,8e5b57349b0b1652,i2v_source_repo,"output/eval/phase7_500/120s/A completely fixed, static, tripod-mounted camera records a channelized urban river running through .mp4"
i2v,phase7_500,RA-I2V-v1 (phase7_500),internal,matched,120s,"A completely fixed, static, tripod-mounted camera records a clear river flowing past a grassy bank a.mp4",15387466,0d090faa8e8748ad,i2v_source_repo,"output/eval/phase7_500/120s/A completely fixed, static, tripod-mounted camera records a clear river flowing past a grassy bank a.mp4"
i2v,phase7_500,RA-I2V-v1 (phase7_500),internal,matched,120s,"A completely fixed, static, tripod-mounted camera records a dense city at dusk with a massive dark p.mp4",15739614,c1cde78ff167e896,i2v_source_repo,"output/eval/phase7_500/120s/A completely fixed, static, tripod-mounted camera records a dense city at dusk with a massive dark p.mp4"
i2v,phase7_500,RA-I2V-v1 (phase7_500),internal,matched,120s,"A completely fixed, static, tripod-mounted camera records a desert dust storm advancing across a fla.mp4",15438101,59486155647842b9,i2v_source_repo,"output/eval/phase7_500/120s/A completely fixed, static, tripod-mounted camera records a desert dust storm advancing across a fla.mp4"
i2v,phase7_500,RA-I2V-v1 (phase7_500),internal,matched,120s,"A completely fixed, static, tripod-mounted camera records a fast mountain river running through a ro.mp4",15527914,e29fafbfafb83e99,i2v_source_repo,"output/eval/phase7_500/120s/A completely fixed, static, tripod-mounted camera records a fast mountain river running through a ro.mp4"
i2v,phase7_500,RA-I2V-v1 (phase7_500),internal,matched,120s,"A completely fixed, static, tripod-mounted camera records a heavy snowfall over a snow-covered alpin.mp4",14984847,87fd50416f3c5c9e,i2v_source_repo,"output/eval/phase7_500/120s/A completely fixed, static, tripod-mounted camera records a heavy snowfall over a snow-covered alpin.mp4"
i2v,phase7_500,RA-I2V-v1 (phase7_500),internal,matched,120s,"A completely fixed, static, tripod-mounted camera records a long row of tall palms thrashing in a tr.mp4",15598790,3583fe4e5a5bb204,i2v_source_repo,"output/eval/phase7_500/120s/A completely fixed, static, tripod-mounted camera records a long row of tall palms thrashing in a tr.mp4"
i2v,phase7_500,RA-I2V-v1 (phase7_500),internal,matched,120s,"A completely fixed, static, tripod-mounted camera records a nighttime city skyline backed by a large.mp4",15529264,5a3d2fb587157fe8,i2v_source_repo,"output/eval/phase7_500/120s/A completely fixed, static, tripod-mounted camera records a nighttime city skyline backed by a large.mp4"
i2v,phase7_500,RA-I2V-v1 (phase7_500),internal,matched,120s,"A completely fixed, static, tripod-mounted camera records a rainy narrow city alley at night in desa.mp4",15468454,034d6bc4b4fcb1ac,i2v_source_repo,"output/eval/phase7_500/120s/A completely fixed, static, tripod-mounted camera records a rainy narrow city alley at night in desa.mp4"
i2v,phase7_500,RA-I2V-v1 (phase7_500),internal,matched,120s,"A completely fixed, static, tripod-mounted camera records a swollen flood river spilling across subm.mp4",15294266,1321ccc7154172ef,i2v_source_repo,"output/eval/phase7_500/120s/A completely fixed, static, tripod-mounted camera records a swollen flood river spilling across subm.mp4"
i2v,phase7_500,RA-I2V-v1 (phase7_500),internal,matched,120s,"A completely fixed, static, tripod-mounted camera records a tree-lined city street in autumn with fa.mp4",15715620,d65938b9b527a0a1,i2v_source_repo,"output/eval/phase7_500/120s/A completely fixed, static, tripod-mounted camera records a tree-lined city street in autumn with fa.mp4"
i2v,phase7_500,RA-I2V-v1 (phase7_500),internal,matched,120s,"A completely fixed, static, tripod-mounted camera records a tropical white-sand beach with a leaning.mp4",15298670,fdf59e70f394afaa,i2v_source_repo,"output/eval/phase7_500/120s/A completely fixed, static, tripod-mounted camera records a tropical white-sand beach with a leaning.mp4"
i2v,phase7_500,RA-I2V-v1 (phase7_500),internal,matched,120s,"A completely fixed, static, tripod-mounted camera records an active grass-and-brush wildfire spreadi.mp4",15943182,d5a91c4650cbea60,i2v_source_repo,"output/eval/phase7_500/120s/A completely fixed, static, tripod-mounted camera records an active grass-and-brush wildfire spreadi.mp4"
i2v,phase7_500,RA-I2V-v1 (phase7_500),internal,matched,120s,"A completely fixed, static, tripod-mounted camera records an extremely heavy daytime snowfall over a.mp4",15424621,2a7d79c716b99e00,i2v_source_repo,"output/eval/phase7_500/120s/A completely fixed, static, tripod-mounted camera records an extremely heavy daytime snowfall over a.mp4"
i2v,phase7_500,RA-I2V-v1 (phase7_500),internal,matched,240s,"A completely fixed, static, close-range tripod-mounted camera records heavy tropical rain pouring of.mp4",30823294,52fc9e7dbda25ce0,i2v_source_repo,"output/eval/phase7_500/240s/A completely fixed, static, close-range tripod-mounted camera records heavy tropical rain pouring of.mp4"
i2v,phase7_500,RA-I2V-v1 (phase7_500),internal,matched,240s,"A completely fixed, static, tripod-mounted camera records a calm tropical bay framed by a large over.mp4",30640815,b3eeba3da5a5beca,i2v_source_repo,"output/eval/phase7_500/240s/A completely fixed, static, tripod-mounted camera records a calm tropical bay framed by a large over.mp4"
i2v,phase7_500,RA-I2V-v1 (phase7_500),internal,matched,240s,"A completely fixed, static, tripod-mounted camera records a historic Kyoto canal lined with traditio.mp4",30791968,f8e219ca6e0c616b,i2v_source_repo,"output/eval/phase7_500/240s/A completely fixed, static, tripod-mounted camera records a historic Kyoto canal lined with traditio.mp4"
i2v,phase7_500,RA-I2V-v1 (phase7_500),internal,matched,240s,"A completely fixed, static, tripod-mounted camera records a tranquil tropical beach with leaning pal.mp4",30844764,e98bf61a36878217,i2v_source_repo,"output/eval/phase7_500/240s/A completely fixed, static, tripod-mounted camera records a tranquil tropical beach with leaning pal.mp4"
i2v,phase7_500,RA-I2V-v1 (phase7_500),internal,matched,240s,"A completely fixed, static, tripod-mounted camera records an active braided lava flow advancing acro.mp4",30945578,4d608aa90ac1a406,i2v_source_repo,"output/eval/phase7_500/240s/A completely fixed, static, tripod-mounted camera records an active braided lava flow advancing acro.mp4"
i2v,nfpb1_control,nfpb=1 control,internal,matched,5s,"A completely fixed, static, macro-closeup tripod-mounted camera records heavy rainfall falling direc.mp4",758717,98ff39513a4e2e44,i2v_source_repo,"output/eval/nfpb1_control/5s/A completely fixed, static, macro-closeup tripod-mounted camera records heavy rainfall falling direc.mp4"
i2v,nfpb1_control,nfpb=1 control,internal,matched,5s,"A completely fixed, static, tripod-mounted camera records a burning indoor fireplace from a direct f.mp4",735509,2fe3f3047d1adf94,i2v_source_repo,"output/eval/nfpb1_control/5s/A completely fixed, static, tripod-mounted camera records a burning indoor fireplace from a direct f.mp4"
i2v,nfpb1_control,nfpb=1 control,internal,matched,5s,"A completely fixed, static, tripod-mounted camera records a calm urban river at deep blue twilight f.mp4",734746,b800d9fa538690c5,i2v_source_repo,"output/eval/nfpb1_control/5s/A completely fixed, static, tripod-mounted camera records a calm urban river at deep blue twilight f.mp4"
i2v,nfpb1_control,nfpb=1 control,internal,matched,5s,"A completely fixed, static, tripod-mounted camera records a catastrophic desert haboob sandstorm app.mp4",780210,3548ab7bf376f190,i2v_source_repo,"output/eval/nfpb1_control/5s/A completely fixed, static, tripod-mounted camera records a catastrophic desert haboob sandstorm app.mp4"
i2v,nfpb1_control,nfpb=1 control,internal,matched,5s,"A completely fixed, static, tripod-mounted camera records a dense urban residential and commercial d.mp4",757343,71299d792c7e4ad3,i2v_source_repo,"output/eval/nfpb1_control/5s/A completely fixed, static, tripod-mounted camera records a dense urban residential and commercial d.mp4"
i2v,nfpb1_control,nfpb=1 control,internal,matched,5s,"A completely fixed, static, tripod-mounted camera records a historic Kyoto canal lined with cherry b.mp4",748210,1b341f07879acd73,i2v_source_repo,"output/eval/nfpb1_control/5s/A completely fixed, static, tripod-mounted camera records a historic Kyoto canal lined with cherry b.mp4"
i2v,nfpb1_control,nfpb=1 control,internal,matched,5s,"A completely fixed, static, tripod-mounted camera records an active snowfall over the ornate Bow Bri.mp4",739372,2691dd7deee6ebe3,i2v_source_repo,"output/eval/nfpb1_control/5s/A completely fixed, static, tripod-mounted camera records an active snowfall over the ornate Bow Bri.mp4"
i2v,nfpb1_control,nfpb=1 control,internal,matched,5s,"A completely fixed, static, tripod-mounted camera records an active volcanic lava flow field at blue.mp4",780254,9728d4a044264f20,i2v_source_repo,"output/eval/nfpb1_control/5s/A completely fixed, static, tripod-mounted camera records an active volcanic lava flow field at blue.mp4"
i2v,nfpb1_control,nfpb=1 control,internal,matched,5s,"A completely fixed, static, tripod-mounted camera records an extremely heavy nighttime snowfall on a.mp4",750395,904eea6a3614a3ce,i2v_source_repo,"output/eval/nfpb1_control/5s/A completely fixed, static, tripod-mounted camera records an extremely heavy nighttime snowfall on a.mp4"
i2v,nfpb1_control,nfpb=1 control,internal,matched,5s,"A completely fixed, static, tripod-mounted camera records an urban intersection fire and explosion e.mp4",748847,50a59eab9b9fd944,i2v_source_repo,"output/eval/nfpb1_control/5s/A completely fixed, static, tripod-mounted camera records an urban intersection fire and explosion e.mp4"
i2v,nfpb1_control,nfpb=1 control,internal,matched,60s,"A completely fixed, static, macro tripod-mounted camera records heavy urban rainfall from an extreme.mp4",7821244,e2e65d1edfe18716,i2v_source_repo,"output/eval/nfpb1_control/60s/A completely fixed, static, macro tripod-mounted camera records heavy urban rainfall from an extreme.mp4"
i2v,nfpb1_control,nfpb=1 control,internal,matched,60s,"A completely fixed, static, macro-range tripod-mounted camera records a rain-streaked window pane wi.mp4",7708706,6274f72d663eb08e,i2v_source_repo,"output/eval/nfpb1_control/60s/A completely fixed, static, macro-range tripod-mounted camera records a rain-streaked window pane wi.mp4"
i2v,nfpb1_control,nfpb=1 control,internal,matched,60s,"A completely fixed, static, tripod-mounted camera records a burning forest campfire at night from a .mp4",7692981,34ab7b84dcf3d096,i2v_source_repo,"output/eval/nfpb1_control/60s/A completely fixed, static, tripod-mounted camera records a burning forest campfire at night from a .mp4"
i2v,nfpb1_control,nfpb=1 control,internal,matched,60s,"A completely fixed, static, tripod-mounted camera records a calm overcast coastal beach scene from a.mp4",7739133,09e5e7d77c4c3e42,i2v_source_repo,"output/eval/nfpb1_control/60s/A completely fixed, static, tripod-mounted camera records a calm overcast coastal beach scene from a.mp4"
i2v,nfpb1_control,nfpb=1 control,internal,matched,60s,"A completely fixed, static, tripod-mounted camera records a calm winter river from a slightly elevat.mp4",7603808,34034d61fe467cf7,i2v_source_repo,"output/eval/nfpb1_control/60s/A completely fixed, static, tripod-mounted camera records a calm winter river from a slightly elevat.mp4"
i2v,nfpb1_control,nfpb=1 control,internal,matched,60s,"A completely fixed, static, tripod-mounted camera records a clear summer forest stream with boulder .mp4",7695413,c10167869ae9fe64,i2v_source_repo,"output/eval/nfpb1_control/60s/A completely fixed, static, tripod-mounted camera records a clear summer forest stream with boulder .mp4"
i2v,nfpb1_control,nfpb=1 control,internal,matched,60s,"A completely fixed, static, tripod-mounted camera records a coastal tuff cone headland and the open .mp4",7662717,4a1bfa4d19565142,i2v_source_repo,"output/eval/nfpb1_control/60s/A completely fixed, static, tripod-mounted camera records a coastal tuff cone headland and the open .mp4"
i2v,nfpb1_control,nfpb=1 control,internal,matched,60s,"A completely fixed, static, tripod-mounted camera records a desert dust storm sweeping across a flat.mp4",7748508,93cea234f852bab1,i2v_source_repo,"output/eval/nfpb1_control/60s/A completely fixed, static, tripod-mounted camera records a desert dust storm sweeping across a flat.mp4"
i2v,nfpb1_control,nfpb=1 control,internal,matched,60s,"A completely fixed, static, tripod-mounted camera records a fast mountain river cascading over a bou.mp4",7635997,4f5d438f39681549,i2v_source_repo,"output/eval/nfpb1_control/60s/A completely fixed, static, tripod-mounted camera records a fast mountain river cascading over a bou.mp4"
i2v,nfpb1_control,nfpb=1 control,internal,matched,60s,"A completely fixed, static, tripod-mounted camera records a gentle clear forest stream in a lush gre.mp4",7622785,d259947a95ae4ec5,i2v_source_repo,"output/eval/nfpb1_control/60s/A completely fixed, static, tripod-mounted camera records a gentle clear forest stream in a lush gre.mp4"
i2v,nfpb1_control,nfpb=1 control,internal,matched,60s,"A completely fixed, static, tripod-mounted camera records a heavy daytime snowstorm on a dense city .mp4",7621957,7f0f8443316ec81f,i2v_source_repo,"output/eval/nfpb1_control/60s/A completely fixed, static, tripod-mounted camera records a heavy daytime snowstorm on a dense city .mp4"
i2v,nfpb1_control,nfpb=1 control,internal,matched,60s,"A completely fixed, static, tripod-mounted camera records a heavy nighttime snowfall on a quiet hist.mp4",7652252,1b4d392ab41caa32,i2v_source_repo,"output/eval/nfpb1_control/60s/A completely fixed, static, tripod-mounted camera records a heavy nighttime snowfall on a quiet hist.mp4"
i2v,nfpb1_control,nfpb=1 control,internal,matched,60s,"A completely fixed, static, tripod-mounted camera records a lone windswept pine clinging to a bare r.mp4",7699793,0f402a94894a619d,i2v_source_repo,"output/eval/nfpb1_control/60s/A completely fixed, static, tripod-mounted camera records a lone windswept pine clinging to a bare r.mp4"
i2v,nfpb1_control,nfpb=1 control,internal,matched,60s,"A completely fixed, static, tripod-mounted camera records a multi-tiered cascading forest stream fro.mp4",7703503,04b7fedb1090bdd9,i2v_source_repo,"output/eval/nfpb1_control/60s/A completely fixed, static, tripod-mounted camera records a multi-tiered cascading forest stream fro.mp4"
i2v,nfpb1_control,nfpb=1 control,internal,matched,60s,"A completely fixed, static, tripod-mounted camera records a quiet urban park river at night. The cam.mp4",7665939,cb1dfba30c0c80f4,i2v_source_repo,"output/eval/nfpb1_control/60s/A completely fixed, static, tripod-mounted camera records a quiet urban park river at night. The cam.mp4"
i2v,nfpb1_control,nfpb=1 control,internal,matched,60s,"A completely fixed, static, tripod-mounted camera records a rain-drenched forest path in late aftern.mp4",7646343,1ac333e70f177c4b,i2v_source_repo,"output/eval/nfpb1_control/60s/A completely fixed, static, tripod-mounted camera records a rain-drenched forest path in late aftern.mp4"
i2v,nfpb1_control,nfpb=1 control,internal,matched,60s,"A completely fixed, static, tripod-mounted camera records a swollen muddy flood torrent surging thro.mp4",7692584,b55f2c015e9a8530,i2v_source_repo,"output/eval/nfpb1_control/60s/A completely fixed, static, tripod-mounted camera records a swollen muddy flood torrent surging thro.mp4"
i2v,nfpb1_control,nfpb=1 control,internal,matched,60s,"A completely fixed, static, tripod-mounted camera records a swollen winter flood river from a low ba.mp4",7666178,9b3aa7d60e6991cb,i2v_source_repo,"output/eval/nfpb1_control/60s/A completely fixed, static, tripod-mounted camera records a swollen winter flood river from a low ba.mp4"
i2v,nfpb1_control,nfpb=1 control,internal,matched,60s,"A completely fixed, static, tripod-mounted camera records a tranquil moonlit ocean seascape at night.mp4",7652488,596bec760f227f4b,i2v_source_repo,"output/eval/nfpb1_control/60s/A completely fixed, static, tripod-mounted camera records a tranquil moonlit ocean seascape at night.mp4"
i2v,nfpb1_control,nfpb=1 control,internal,matched,60s,"A completely fixed, static, tripod-mounted camera records a tranquil street in a Japanese city durin.mp4",7652047,ef39848a5a4ef112,i2v_source_repo,"output/eval/nfpb1_control/60s/A completely fixed, static, tripod-mounted camera records a tranquil street in a Japanese city durin.mp4"
i2v,nfpb1_control,nfpb=1 control,internal,matched,60s,"A completely fixed, static, tripod-mounted camera records a tropical beach with overhanging coconut .mp4",7667087,db1260d6b572fcaf,i2v_source_repo,"output/eval/nfpb1_control/60s/A completely fixed, static, tripod-mounted camera records a tropical beach with overhanging coconut .mp4"
i2v,nfpb1_control,nfpb=1 control,internal,matched,60s,"A completely fixed, static, tripod-mounted camera records a violent volcanic eruption at deep blue h.mp4",7739362,637d00933528cd21,i2v_source_repo,"output/eval/nfpb1_control/60s/A completely fixed, static, tripod-mounted camera records a violent volcanic eruption at deep blue h.mp4"
i2v,nfpb1_control,nfpb=1 control,internal,matched,60s,"A completely fixed, static, tripod-mounted camera records an active snowfall in a dense mountain spr.mp4",7633512,16adf7ba24aeff22,i2v_source_repo,"output/eval/nfpb1_control/60s/A completely fixed, static, tripod-mounted camera records an active snowfall in a dense mountain spr.mp4"
i2v,nfpb1_control,nfpb=1 control,internal,matched,60s,"A completely fixed, static, tripod-mounted camera records an active snowfall over a wide open alpine.mp4",7597308,b26edbad85028e99,i2v_source_repo,"output/eval/nfpb1_control/60s/A completely fixed, static, tripod-mounted camera records an active snowfall over a wide open alpine.mp4"
i2v,nfpb1_control,nfpb=1 control,internal,matched,60s,"A completely fixed, static, tripod-mounted camera records an active volcanic lava ocean entry event .mp4",7756141,791cb7f0a792345b,i2v_source_repo,"output/eval/nfpb1_control/60s/A completely fixed, static, tripod-mounted camera records an active volcanic lava ocean entry event .mp4"
i2v,nfpb1_control,nfpb=1 control,internal,matched,60s,"A completely fixed, static, tripod-mounted camera records an erupting stratovolcano at golden sunset.mp4",7665171,d3f187af33823bad,i2v_source_repo,"output/eval/nfpb1_control/60s/A completely fixed, static, tripod-mounted camera records an erupting stratovolcano at golden sunset.mp4"
i2v,nfpb1_control,nfpb=1 control,internal,matched,60s,"A completely fixed, static, tripod-mounted camera records an extremely heavy nighttime snowfall on a.mp4",7704767,516284fec0d8825f,i2v_source_repo,"output/eval/nfpb1_control/60s/A completely fixed, static, tripod-mounted camera records an extremely heavy nighttime snowfall on a.mp4"
i2v,nfpb1_control,nfpb=1 control,internal,matched,60s,"A completely fixed, static, tripod-mounted camera records moderate rainfall in a cultivated garden a.mp4",7666496,fdca2162cc142b37,i2v_source_repo,"output/eval/nfpb1_control/60s/A completely fixed, static, tripod-mounted camera records moderate rainfall in a cultivated garden a.mp4"
i2v,nfpb1_control,nfpb=1 control,internal,matched,60s,"A completely fixed, static, tripod-mounted camera records the underside of a long concrete river bri.mp4",7766454,5f18ac3c1b51ec74,i2v_source_repo,"output/eval/nfpb1_control/60s/A completely fixed, static, tripod-mounted camera records the underside of a long concrete river bri.mp4"
i2v,nfpb1_control,nfpb=1 control,internal,matched,60s,"A completely fixed, static, tripod-mounted camera records two coconut palms thrashing in a violent t.mp4",7739950,d91f255fc61803a3,i2v_source_repo,"output/eval/nfpb1_control/60s/A completely fixed, static, tripod-mounted camera records two coconut palms thrashing in a violent t.mp4"
i2v,nfpb1_control,nfpb=1 control,internal,matched,120s,"A completely fixed, static, aerial tripod-mounted camera records an active lava flow cutting through.mp4",15524236,29567ccae7119237,i2v_source_repo,"output/eval/nfpb1_control/120s/A completely fixed, static, aerial tripod-mounted camera records an active lava flow cutting through.mp4"
i2v,nfpb1_control,nfpb=1 control,internal,matched,120s,"A completely fixed, static, close-range tripod-mounted camera records a massive open-ocean wave pitc.mp4",15440943,5376f90b9b0d144b,i2v_source_repo,"output/eval/nfpb1_control/120s/A completely fixed, static, close-range tripod-mounted camera records a massive open-ocean wave pitc.mp4"
i2v,nfpb1_control,nfpb=1 control,internal,matched,120s,"A completely fixed, static, close-range tripod-mounted camera records a single large ocean wave curl.mp4",15448582,35f5d256aa518545,i2v_source_repo,"output/eval/nfpb1_control/120s/A completely fixed, static, close-range tripod-mounted camera records a single large ocean wave curl.mp4"
i2v,nfpb1_control,nfpb=1 control,internal,matched,120s,"A completely fixed, static, close-range tripod-mounted camera records a small forest creek cascading.mp4",15379851,26ee469b6f34517e,i2v_source_repo,"output/eval/nfpb1_control/120s/A completely fixed, static, close-range tripod-mounted camera records a small forest creek cascading.mp4"
i2v,nfpb1_control,nfpb=1 control,internal,matched,120s,"A completely fixed, static, low-water-level tripod-mounted camera records a calm mountain river flow.mp4",15439052,d2c707b908927d6a,i2v_source_repo,"output/eval/nfpb1_control/120s/A completely fixed, static, low-water-level tripod-mounted camera records a calm mountain river flow.mp4"
i2v,nfpb1_control,nfpb=1 control,internal,matched,120s,"A completely fixed, static, tripod-mounted camera records a bright blue sky filled with drifting whi.mp4",15522459,eb8c746c8acb0436,i2v_source_repo,"output/eval/nfpb1_control/120s/A completely fixed, static, tripod-mounted camera records a bright blue sky filled with drifting whi.mp4"
i2v,nfpb1_control,nfpb=1 control,internal,matched,120s,"A completely fixed, static, tripod-mounted camera records a channelized urban river running through .mp4",15301922,08f11955cc661758,i2v_source_repo,"output/eval/nfpb1_control/120s/A completely fixed, static, tripod-mounted camera records a channelized urban river running through .mp4"
i2v,nfpb1_control,nfpb=1 control,internal,matched,120s,"A completely fixed, static, tripod-mounted camera records a clear river flowing past a grassy bank a.mp4",15400096,05efac669c61396a,i2v_source_repo,"output/eval/nfpb1_control/120s/A completely fixed, static, tripod-mounted camera records a clear river flowing past a grassy bank a.mp4"
i2v,nfpb1_control,nfpb=1 control,internal,matched,120s,"A completely fixed, static, tripod-mounted camera records a dense city at dusk with a massive dark p.mp4",15462060,42f8284e1a45d9c6,i2v_source_repo,"output/eval/nfpb1_control/120s/A completely fixed, static, tripod-mounted camera records a dense city at dusk with a massive dark p.mp4"
i2v,nfpb1_control,nfpb=1 control,internal,matched,120s,"A completely fixed, static, tripod-mounted camera records a desert dust storm advancing across a fla.mp4",15362825,2f8c1014af3e33da,i2v_source_repo,"output/eval/nfpb1_control/120s/A completely fixed, static, tripod-mounted camera records a desert dust storm advancing across a fla.mp4"
i2v,nfpb1_control,nfpb=1 control,internal,matched,120s,"A completely fixed, static, tripod-mounted camera records a fast mountain river running through a ro.mp4",15420361,f47ca2c2dbf781ef,i2v_source_repo,"output/eval/nfpb1_control/120s/A completely fixed, static, tripod-mounted camera records a fast mountain river running through a ro.mp4"
i2v,nfpb1_control,nfpb=1 control,internal,matched,120s,"A completely fixed, static, tripod-mounted camera records a heavy snowfall over a snow-covered alpin.mp4",15317739,66740c538cc854e6,i2v_source_repo,"output/eval/nfpb1_control/120s/A completely fixed, static, tripod-mounted camera records a heavy snowfall over a snow-covered alpin.mp4"
i2v,nfpb1_control,nfpb=1 control,internal,matched,120s,"A completely fixed, static, tripod-mounted camera records a long row of tall palms thrashing in a tr.mp4",15623026,117383279cda91d5,i2v_source_repo,"output/eval/nfpb1_control/120s/A completely fixed, static, tripod-mounted camera records a long row of tall palms thrashing in a tr.mp4"
i2v,nfpb1_control,nfpb=1 control,internal,matched,120s,"A completely fixed, static, tripod-mounted camera records a nighttime city skyline backed by a large.mp4",15432408,aa13a24699c9f87e,i2v_source_repo,"output/eval/nfpb1_control/120s/A completely fixed, static, tripod-mounted camera records a nighttime city skyline backed by a large.mp4"
i2v,nfpb1_control,nfpb=1 control,internal,matched,120s,"A completely fixed, static, tripod-mounted camera records a rainy narrow city alley at night in desa.mp4",15251904,029991fd63523019,i2v_source_repo,"output/eval/nfpb1_control/120s/A completely fixed, static, tripod-mounted camera records a rainy narrow city alley at night in desa.mp4"
i2v,nfpb1_control,nfpb=1 control,internal,matched,120s,"A completely fixed, static, tripod-mounted camera records a swollen flood river spilling across subm.mp4",15363171,f24e85020b5f9f3f,i2v_source_repo,"output/eval/nfpb1_control/120s/A completely fixed, static, tripod-mounted camera records a swollen flood river spilling across subm.mp4"
i2v,nfpb1_control,nfpb=1 control,internal,matched,120s,"A completely fixed, static, tripod-mounted camera records a tree-lined city street in autumn with fa.mp4",15510347,ccdd882399388769,i2v_source_repo,"output/eval/nfpb1_control/120s/A completely fixed, static, tripod-mounted camera records a tree-lined city street in autumn with fa.mp4"
i2v,nfpb1_control,nfpb=1 control,internal,matched,120s,"A completely fixed, static, tripod-mounted camera records a tropical white-sand beach with a leaning.mp4",15352728,59c6aeda38f52c82,i2v_source_repo,"output/eval/nfpb1_control/120s/A completely fixed, static, tripod-mounted camera records a tropical white-sand beach with a leaning.mp4"
i2v,nfpb1_control,nfpb=1 control,internal,matched,120s,"A completely fixed, static, tripod-mounted camera records an active grass-and-brush wildfire spreadi.mp4",15388720,2c30c0c8f02dda86,i2v_source_repo,"output/eval/nfpb1_control/120s/A completely fixed, static, tripod-mounted camera records an active grass-and-brush wildfire spreadi.mp4"
i2v,nfpb1_control,nfpb=1 control,internal,matched,120s,"A completely fixed, static, tripod-mounted camera records an extremely heavy daytime snowfall over a.mp4",15284330,bcadd3a1d01b7d2d,i2v_source_repo,"output/eval/nfpb1_control/120s/A completely fixed, static, tripod-mounted camera records an extremely heavy daytime snowfall over a.mp4"
i2v,nfpb1_control_at_nfpb1,nfpb=1 control @nfpb=1,internal,native,60s,"A completely fixed, static, macro tripod-mounted camera records heavy urban rainfall from an extreme.mp4",7551885,aa3e84d17914ebab,i2v_source_repo,"output/eval/nfpb1_control_at_nfpb1/60s/A completely fixed, static, macro tripod-mounted camera records heavy urban rainfall from an extreme.mp4"
i2v,nfpb1_control_at_nfpb1,nfpb=1 control @nfpb=1,internal,native,60s,"A completely fixed, static, macro-range tripod-mounted camera records a rain-streaked window pane wi.mp4",8401289,5c15b8370eb4c549,i2v_source_repo,"output/eval/nfpb1_control_at_nfpb1/60s/A completely fixed, static, macro-range tripod-mounted camera records a rain-streaked window pane wi.mp4"
i2v,nfpb1_control_at_nfpb1,nfpb=1 control @nfpb=1,internal,native,60s,"A completely fixed, static, tripod-mounted camera records a burning forest campfire at night from a .mp4",7496645,58e668117491d45e,i2v_source_repo,"output/eval/nfpb1_control_at_nfpb1/60s/A completely fixed, static, tripod-mounted camera records a burning forest campfire at night from a .mp4"
i2v,nfpb1_control_at_nfpb1,nfpb=1 control @nfpb=1,internal,native,60s,"A completely fixed, static, tripod-mounted camera records a calm overcast coastal beach scene from a.mp4",7673893,0836d2d18e019787,i2v_source_repo,"output/eval/nfpb1_control_at_nfpb1/60s/A completely fixed, static, tripod-mounted camera records a calm overcast coastal beach scene from a.mp4"
i2v,nfpb1_control_at_nfpb1,nfpb=1 control @nfpb=1,internal,native,60s,"A completely fixed, static, tripod-mounted camera records a calm winter river from a slightly elevat.mp4",7281416,2bbba1149967da53,i2v_source_repo,"output/eval/nfpb1_control_at_nfpb1/60s/A completely fixed, static, tripod-mounted camera records a calm winter river from a slightly elevat.mp4"
i2v,nfpb1_control_at_nfpb1,nfpb=1 control @nfpb=1,internal,native,60s,"A completely fixed, static, tripod-mounted camera records a clear summer forest stream with boulder .mp4",7304595,a5549cd26836a559,i2v_source_repo,"output/eval/nfpb1_control_at_nfpb1/60s/A completely fixed, static, tripod-mounted camera records a clear summer forest stream with boulder .mp4"
i2v,nfpb1_control_at_nfpb1,nfpb=1 control @nfpb=1,internal,native,60s,"A completely fixed, static, tripod-mounted camera records a coastal tuff cone headland and the open .mp4",7756502,d6637bf4c7012084,i2v_source_repo,"output/eval/nfpb1_control_at_nfpb1/60s/A completely fixed, static, tripod-mounted camera records a coastal tuff cone headland and the open .mp4"
i2v,nfpb1_control_at_nfpb1,nfpb=1 control @nfpb=1,internal,native,60s,"A completely fixed, static, tripod-mounted camera records a desert dust storm sweeping across a flat.mp4",7112811,c58b8eeecb4b868e,i2v_source_repo,"output/eval/nfpb1_control_at_nfpb1/60s/A completely fixed, static, tripod-mounted camera records a desert dust storm sweeping across a flat.mp4"
i2v,nfpb1_control_at_nfpb1,nfpb=1 control @nfpb=1,internal,native,60s,"A completely fixed, static, tripod-mounted camera records a fast mountain river cascading over a bou.mp4",7365861,f6fe3a414f87080d,i2v_source_repo,"output/eval/nfpb1_control_at_nfpb1/60s/A completely fixed, static, tripod-mounted camera records a fast mountain river cascading over a bou.mp4"
i2v,nfpb1_control_at_nfpb1,nfpb=1 control @nfpb=1,internal,native,60s,"A completely fixed, static, tripod-mounted camera records a gentle clear forest stream in a lush gre.mp4",7613573,6621b8e2074dd828,i2v_source_repo,"output/eval/nfpb1_control_at_nfpb1/60s/A completely fixed, static, tripod-mounted camera records a gentle clear forest stream in a lush gre.mp4"
i2v,nfpb1_control_at_nfpb1,nfpb=1 control @nfpb=1,internal,native,60s,"A completely fixed, static, tripod-mounted camera records a heavy daytime snowstorm on a dense city .mp4",7831929,6ef57cbaf5aa8e63,i2v_source_repo,"output/eval/nfpb1_control_at_nfpb1/60s/A completely fixed, static, tripod-mounted camera records a heavy daytime snowstorm on a dense city .mp4"
i2v,nfpb1_control_at_nfpb1,nfpb=1 control @nfpb=1,internal,native,60s,"A completely fixed, static, tripod-mounted camera records a heavy nighttime snowfall on a quiet hist.mp4",8256059,143c931479b2c6b9,i2v_source_repo,"output/eval/nfpb1_control_at_nfpb1/60s/A completely fixed, static, tripod-mounted camera records a heavy nighttime snowfall on a quiet hist.mp4"
i2v,nfpb1_control_at_nfpb1,nfpb=1 control @nfpb=1,internal,native,60s,"A completely fixed, static, tripod-mounted camera records a lone windswept pine clinging to a bare r.mp4",7489607,3f908e5c224f34dd,i2v_source_repo,"output/eval/nfpb1_control_at_nfpb1/60s/A completely fixed, static, tripod-mounted camera records a lone windswept pine clinging to a bare r.mp4"
i2v,nfpb1_control_at_nfpb1,nfpb=1 control @nfpb=1,internal,native,60s,"A completely fixed, static, tripod-mounted camera records a multi-tiered cascading forest stream fro.mp4",7428434,7e662575714a3199,i2v_source_repo,"output/eval/nfpb1_control_at_nfpb1/60s/A completely fixed, static, tripod-mounted camera records a multi-tiered cascading forest stream fro.mp4"
i2v,nfpb1_control_at_nfpb1,nfpb=1 control @nfpb=1,internal,native,60s,"A completely fixed, static, tripod-mounted camera records a quiet urban park river at night. The cam.mp4",7333810,88394d30bf552005,i2v_source_repo,"output/eval/nfpb1_control_at_nfpb1/60s/A completely fixed, static, tripod-mounted camera records a quiet urban park river at night. The cam.mp4"
i2v,nfpb1_control_at_nfpb1,nfpb=1 control @nfpb=1,internal,native,60s,"A completely fixed, static, tripod-mounted camera records a rain-drenched forest path in late aftern.mp4",7440727,c7f794ca95144d4f,i2v_source_repo,"output/eval/nfpb1_control_at_nfpb1/60s/A completely fixed, static, tripod-mounted camera records a rain-drenched forest path in late aftern.mp4"
i2v,nfpb1_control_at_nfpb1,nfpb=1 control @nfpb=1,internal,native,60s,"A completely fixed, static, tripod-mounted camera records a swollen muddy flood torrent surging thro.mp4",7522960,7064c63bb297f045,i2v_source_repo,"output/eval/nfpb1_control_at_nfpb1/60s/A completely fixed, static, tripod-mounted camera records a swollen muddy flood torrent surging thro.mp4"
i2v,nfpb1_control_at_nfpb1,nfpb=1 control @nfpb=1,internal,native,60s,"A completely fixed, static, tripod-mounted camera records a swollen winter flood river from a low ba.mp4",7482189,19a22af6cdd22d3d,i2v_source_repo,"output/eval/nfpb1_control_at_nfpb1/60s/A completely fixed, static, tripod-mounted camera records a swollen winter flood river from a low ba.mp4"
i2v,nfpb1_control_at_nfpb1,nfpb=1 control @nfpb=1,internal,native,60s,"A completely fixed, static, tripod-mounted camera records a tranquil moonlit ocean seascape at night.mp4",7392710,187201548c7f9e98,i2v_source_repo,"output/eval/nfpb1_control_at_nfpb1/60s/A completely fixed, static, tripod-mounted camera records a tranquil moonlit ocean seascape at night.mp4"
i2v,nfpb1_control_at_nfpb1,nfpb=1 control @nfpb=1,internal,native,60s,"A completely fixed, static, tripod-mounted camera records a tranquil street in a Japanese city durin.mp4",7438174,ee98a82c5837e233,i2v_source_repo,"output/eval/nfpb1_control_at_nfpb1/60s/A completely fixed, static, tripod-mounted camera records a tranquil street in a Japanese city durin.mp4"
i2v,nfpb1_control_at_nfpb1,nfpb=1 control @nfpb=1,internal,native,60s,"A completely fixed, static, tripod-mounted camera records a tropical beach with overhanging coconut .mp4",7460525,57f9219b6dd1f904,i2v_source_repo,"output/eval/nfpb1_control_at_nfpb1/60s/A completely fixed, static, tripod-mounted camera records a tropical beach with overhanging coconut .mp4"
i2v,nfpb1_control_at_nfpb1,nfpb=1 control @nfpb=1,internal,native,60s,"A completely fixed, static, tripod-mounted camera records a violent volcanic eruption at deep blue h.mp4",8149146,6c07ebbff0f4ba6a,i2v_source_repo,"output/eval/nfpb1_control_at_nfpb1/60s/A completely fixed, static, tripod-mounted camera records a violent volcanic eruption at deep blue h.mp4"
i2v,nfpb1_control_at_nfpb1,nfpb=1 control @nfpb=1,internal,native,60s,"A completely fixed, static, tripod-mounted camera records an active snowfall in a dense mountain spr.mp4",7190259,4ba081da315ad521,i2v_source_repo,"output/eval/nfpb1_control_at_nfpb1/60s/A completely fixed, static, tripod-mounted camera records an active snowfall in a dense mountain spr.mp4"
i2v,nfpb1_control_at_nfpb1,nfpb=1 control @nfpb=1,internal,native,60s,"A completely fixed, static, tripod-mounted camera records an active snowfall over a wide open alpine.mp4",7427014,b7d5929a37e1da69,i2v_source_repo,"output/eval/nfpb1_control_at_nfpb1/60s/A completely fixed, static, tripod-mounted camera records an active snowfall over a wide open alpine.mp4"
i2v,nfpb1_control_at_nfpb1,nfpb=1 control @nfpb=1,internal,native,60s,"A completely fixed, static, tripod-mounted camera records an active volcanic lava ocean entry event .mp4",7875746,0258a66016c42752,i2v_source_repo,"output/eval/nfpb1_control_at_nfpb1/60s/A completely fixed, static, tripod-mounted camera records an active volcanic lava ocean entry event .mp4"
i2v,nfpb1_control_at_nfpb1,nfpb=1 control @nfpb=1,internal,native,60s,"A completely fixed, static, tripod-mounted camera records an erupting stratovolcano at golden sunset.mp4",7948767,bfcf742d4b11ff77,i2v_source_repo,"output/eval/nfpb1_control_at_nfpb1/60s/A completely fixed, static, tripod-mounted camera records an erupting stratovolcano at golden sunset.mp4"
i2v,nfpb1_control_at_nfpb1,nfpb=1 control @nfpb=1,internal,native,60s,"A completely fixed, static, tripod-mounted camera records an extremely heavy nighttime snowfall on a.mp4",8563742,904c146e28fc7ee4,i2v_source_repo,"output/eval/nfpb1_control_at_nfpb1/60s/A completely fixed, static, tripod-mounted camera records an extremely heavy nighttime snowfall on a.mp4"
i2v,nfpb1_control_at_nfpb1,nfpb=1 control @nfpb=1,internal,native,60s,"A completely fixed, static, tripod-mounted camera records moderate rainfall in a cultivated garden a.mp4",7498131,e5e48c8e9531482d,i2v_source_repo,"output/eval/nfpb1_control_at_nfpb1/60s/A completely fixed, static, tripod-mounted camera records moderate rainfall in a cultivated garden a.mp4"
i2v,nfpb1_control_at_nfpb1,nfpb=1 control @nfpb=1,internal,native,60s,"A completely fixed, static, tripod-mounted camera records the underside of a long concrete river bri.mp4",7463402,17253c431af6b61e,i2v_source_repo,"output/eval/nfpb1_control_at_nfpb1/60s/A completely fixed, static, tripod-mounted camera records the underside of a long concrete river bri.mp4"
i2v,nfpb1_control_at_nfpb1,nfpb=1 control @nfpb=1,internal,native,60s,"A completely fixed, static, tripod-mounted camera records two coconut palms thrashing in a violent t.mp4",7859336,84a5c45c73de1f43,i2v_source_repo,"output/eval/nfpb1_control_at_nfpb1/60s/A completely fixed, static, tripod-mounted camera records two coconut palms thrashing in a violent t.mp4"
i2v,phase7_at_nfpb1,phase7 @nfpb=1,internal,native,5s,"A completely fixed, static, macro-closeup tripod-mounted camera records heavy rainfall falling direc.mp4",598418,21dd5ef614607310,i2v_source_repo,"output/eval/phase7_at_nfpb1/5s/A completely fixed, static, macro-closeup tripod-mounted camera records heavy rainfall falling direc.mp4"
i2v,phase7_at_nfpb1,phase7 @nfpb=1,internal,native,5s,"A completely fixed, static, tripod-mounted camera records a burning indoor fireplace from a direct f.mp4",614939,abb4f43bea38981b,i2v_source_repo,"output/eval/phase7_at_nfpb1/5s/A completely fixed, static, tripod-mounted camera records a burning indoor fireplace from a direct f.mp4"
i2v,phase7_at_nfpb1,phase7 @nfpb=1,internal,native,5s,"A completely fixed, static, tripod-mounted camera records a calm urban river at deep blue twilight f.mp4",644861,2c15420d8552128c,i2v_source_repo,"output/eval/phase7_at_nfpb1/5s/A completely fixed, static, tripod-mounted camera records a calm urban river at deep blue twilight f.mp4"
i2v,phase7_at_nfpb1,phase7 @nfpb=1,internal,native,5s,"A completely fixed, static, tripod-mounted camera records a catastrophic desert haboob sandstorm app.mp4",580822,ab565598a9c2a98b,i2v_source_repo,"output/eval/phase7_at_nfpb1/5s/A completely fixed, static, tripod-mounted camera records a catastrophic desert haboob sandstorm app.mp4"
i2v,phase7_at_nfpb1,phase7 @nfpb=1,internal,native,5s,"A completely fixed, static, tripod-mounted camera records a dense urban residential and commercial d.mp4",565509,d71be61d284fe5f1,i2v_source_repo,"output/eval/phase7_at_nfpb1/5s/A completely fixed, static, tripod-mounted camera records a dense urban residential and commercial d.mp4"
i2v,phase7_at_nfpb1,phase7 @nfpb=1,internal,native,5s,"A completely fixed, static, tripod-mounted camera records a historic Kyoto canal lined with cherry b.mp4",498899,354d7d7261f26e47,i2v_source_repo,"output/eval/phase7_at_nfpb1/5s/A completely fixed, static, tripod-mounted camera records a historic Kyoto canal lined with cherry b.mp4"
i2v,phase7_at_nfpb1,phase7 @nfpb=1,internal,native,5s,"A completely fixed, static, tripod-mounted camera records an active snowfall over the ornate Bow Bri.mp4",516740,acad25ea146d8cda,i2v_source_repo,"output/eval/phase7_at_nfpb1/5s/A completely fixed, static, tripod-mounted camera records an active snowfall over the ornate Bow Bri.mp4"
i2v,phase7_at_nfpb1,phase7 @nfpb=1,internal,native,5s,"A completely fixed, static, tripod-mounted camera records an active volcanic lava flow field at blue.mp4",551443,6796711959cfadf2,i2v_source_repo,"output/eval/phase7_at_nfpb1/5s/A completely fixed, static, tripod-mounted camera records an active volcanic lava flow field at blue.mp4"
i2v,phase7_at_nfpb1,phase7 @nfpb=1,internal,native,5s,"A completely fixed, static, tripod-mounted camera records an extremely heavy nighttime snowfall on a.mp4",597547,7e045a6f7b7c74c9,i2v_source_repo,"output/eval/phase7_at_nfpb1/5s/A completely fixed, static, tripod-mounted camera records an extremely heavy nighttime snowfall on a.mp4"
i2v,phase7_at_nfpb1,phase7 @nfpb=1,internal,native,5s,"A completely fixed, static, tripod-mounted camera records an urban intersection fire and explosion e.mp4",617342,9314bebdbd3b2292,i2v_source_repo,"output/eval/phase7_at_nfpb1/5s/A completely fixed, static, tripod-mounted camera records an urban intersection fire and explosion e.mp4"
i2v,phase7_at_nfpb1,phase7 @nfpb=1,internal,native,60s,"A completely fixed, static, macro tripod-mounted camera records heavy urban rainfall from an extreme.mp4",6969267,730036177d43d8ca,i2v_source_repo,"output/eval/phase7_at_nfpb1/60s/A completely fixed, static, macro tripod-mounted camera records heavy urban rainfall from an extreme.mp4"
i2v,phase7_at_nfpb1,phase7 @nfpb=1,internal,native,60s,"A completely fixed, static, macro-range tripod-mounted camera records a rain-streaked window pane wi.mp4",7754905,daf550c4a993f266,i2v_source_repo,"output/eval/phase7_at_nfpb1/60s/A completely fixed, static, macro-range tripod-mounted camera records a rain-streaked window pane wi.mp4"
i2v,phase7_at_nfpb1,phase7 @nfpb=1,internal,native,60s,"A completely fixed, static, tripod-mounted camera records a burning forest campfire at night from a .mp4",7520455,225ef4c2dadb08d1,i2v_source_repo,"output/eval/phase7_at_nfpb1/60s/A completely fixed, static, tripod-mounted camera records a burning forest campfire at night from a .mp4"
i2v,phase7_at_nfpb1,phase7 @nfpb=1,internal,native,60s,"A completely fixed, static, tripod-mounted camera records a calm overcast coastal beach scene from a.mp4",8054928,ad3b13dcd2cb0a1b,i2v_source_repo,"output/eval/phase7_at_nfpb1/60s/A completely fixed, static, tripod-mounted camera records a calm overcast coastal beach scene from a.mp4"
i2v,phase7_at_nfpb1,phase7 @nfpb=1,internal,native,60s,"A completely fixed, static, tripod-mounted camera records a calm winter river from a slightly elevat.mp4",7246889,fdce09e3ad53cec1,i2v_source_repo,"output/eval/phase7_at_nfpb1/60s/A completely fixed, static, tripod-mounted camera records a calm winter river from a slightly elevat.mp4"
i2v,phase7_at_nfpb1,phase7 @nfpb=1,internal,native,60s,"A completely fixed, static, tripod-mounted camera records a clear summer forest stream with boulder .mp4",7096186,ee6185fb418770d6,i2v_source_repo,"output/eval/phase7_at_nfpb1/60s/A completely fixed, static, tripod-mounted camera records a clear summer forest stream with boulder .mp4"
i2v,phase7_at_nfpb1,phase7 @nfpb=1,internal,native,60s,"A completely fixed, static, tripod-mounted camera records a coastal tuff cone headland and the open .mp4",7554795,93ceb9897a228c62,i2v_source_repo,"output/eval/phase7_at_nfpb1/60s/A completely fixed, static, tripod-mounted camera records a coastal tuff cone headland and the open .mp4"
i2v,phase7_at_nfpb1,phase7 @nfpb=1,internal,native,60s,"A completely fixed, static, tripod-mounted camera records a desert dust storm sweeping across a flat.mp4",7845187,15ab484307ffe074,i2v_source_repo,"output/eval/phase7_at_nfpb1/60s/A completely fixed, static, tripod-mounted camera records a desert dust storm sweeping across a flat.mp4"
i2v,phase7_at_nfpb1,phase7 @nfpb=1,internal,native,60s,"A completely fixed, static, tripod-mounted camera records a fast mountain river cascading over a bou.mp4",8444163,d6d790aef1df536e,i2v_source_repo,"output/eval/phase7_at_nfpb1/60s/A completely fixed, static, tripod-mounted camera records a fast mountain river cascading over a bou.mp4"
i2v,phase7_at_nfpb1,phase7 @nfpb=1,internal,native,60s,"A completely fixed, static, tripod-mounted camera records a gentle clear forest stream in a lush gre.mp4",7148071,25bad379ebe9560b,i2v_source_repo,"output/eval/phase7_at_nfpb1/60s/A completely fixed, static, tripod-mounted camera records a gentle clear forest stream in a lush gre.mp4"
i2v,phase7_at_nfpb1,phase7 @nfpb=1,internal,native,60s,"A completely fixed, static, tripod-mounted camera records a heavy daytime snowstorm on a dense city .mp4",7525168,974413e184418774,i2v_source_repo,"output/eval/phase7_at_nfpb1/60s/A completely fixed, static, tripod-mounted camera records a heavy daytime snowstorm on a dense city .mp4"
i2v,phase7_at_nfpb1,phase7 @nfpb=1,internal,native,60s,"A completely fixed, static, tripod-mounted camera records a heavy nighttime snowfall on a quiet hist.mp4",6941418,a275a2ff5bc603de,i2v_source_repo,"output/eval/phase7_at_nfpb1/60s/A completely fixed, static, tripod-mounted camera records a heavy nighttime snowfall on a quiet hist.mp4"
i2v,phase7_at_nfpb1,phase7 @nfpb=1,internal,native,60s,"A completely fixed, static, tripod-mounted camera records a lone windswept pine clinging to a bare r.mp4",7430983,c43510eae811e892,i2v_source_repo,"output/eval/phase7_at_nfpb1/60s/A completely fixed, static, tripod-mounted camera records a lone windswept pine clinging to a bare r.mp4"
i2v,phase7_at_nfpb1,phase7 @nfpb=1,internal,native,60s,"A completely fixed, static, tripod-mounted camera records a multi-tiered cascading forest stream fro.mp4",7290516,3eeea8822876260a,i2v_source_repo,"output/eval/phase7_at_nfpb1/60s/A completely fixed, static, tripod-mounted camera records a multi-tiered cascading forest stream fro.mp4"
i2v,phase7_at_nfpb1,phase7 @nfpb=1,internal,native,60s,"A completely fixed, static, tripod-mounted camera records a quiet urban park river at night. The cam.mp4",7149848,24f1681c9f0fe3f0,i2v_source_repo,"output/eval/phase7_at_nfpb1/60s/A completely fixed, static, tripod-mounted camera records a quiet urban park river at night. The cam.mp4"
i2v,phase7_at_nfpb1,phase7 @nfpb=1,internal,native,60s,"A completely fixed, static, tripod-mounted camera records a rain-drenched forest path in late aftern.mp4",6585266,dce2fbb626573f79,i2v_source_repo,"output/eval/phase7_at_nfpb1/60s/A completely fixed, static, tripod-mounted camera records a rain-drenched forest path in late aftern.mp4"
i2v,phase7_at_nfpb1,phase7 @nfpb=1,internal,native,60s,"A completely fixed, static, tripod-mounted camera records a swollen muddy flood torrent surging thro.mp4",7564256,26ca1ea2105f3c31,i2v_source_repo,"output/eval/phase7_at_nfpb1/60s/A completely fixed, static, tripod-mounted camera records a swollen muddy flood torrent surging thro.mp4"
i2v,phase7_at_nfpb1,phase7 @nfpb=1,internal,native,60s,"A completely fixed, static, tripod-mounted camera records a swollen winter flood river from a low ba.mp4",7267384,211477f65dd40778,i2v_source_repo,"output/eval/phase7_at_nfpb1/60s/A completely fixed, static, tripod-mounted camera records a swollen winter flood river from a low ba.mp4"
i2v,phase7_at_nfpb1,phase7 @nfpb=1,internal,native,60s,"A completely fixed, static, tripod-mounted camera records a tranquil moonlit ocean seascape at night.mp4",7250199,8d1f3bdb7aeca8ca,i2v_source_repo,"output/eval/phase7_at_nfpb1/60s/A completely fixed, static, tripod-mounted camera records a tranquil moonlit ocean seascape at night.mp4"
i2v,phase7_at_nfpb1,phase7 @nfpb=1,internal,native,60s,"A completely fixed, static, tripod-mounted camera records a tranquil street in a Japanese city durin.mp4",7452271,5bccb7223975dd55,i2v_source_repo,"output/eval/phase7_at_nfpb1/60s/A completely fixed, static, tripod-mounted camera records a tranquil street in a Japanese city durin.mp4"
i2v,phase7_at_nfpb1,phase7 @nfpb=1,internal,native,60s,"A completely fixed, static, tripod-mounted camera records a tropical beach with overhanging coconut .mp4",7466450,e7d6e2e912786693,i2v_source_repo,"output/eval/phase7_at_nfpb1/60s/A completely fixed, static, tripod-mounted camera records a tropical beach with overhanging coconut .mp4"
i2v,phase7_at_nfpb1,phase7 @nfpb=1,internal,native,60s,"A completely fixed, static, tripod-mounted camera records a violent volcanic eruption at deep blue h.mp4",8044409,dd10993d57ebf0d0,i2v_source_repo,"output/eval/phase7_at_nfpb1/60s/A completely fixed, static, tripod-mounted camera records a violent volcanic eruption at deep blue h.mp4"
i2v,phase7_at_nfpb1,phase7 @nfpb=1,internal,native,60s,"A completely fixed, static, tripod-mounted camera records an active snowfall in a dense mountain spr.mp4",6631210,95809caeb5780dd4,i2v_source_repo,"output/eval/phase7_at_nfpb1/60s/A completely fixed, static, tripod-mounted camera records an active snowfall in a dense mountain spr.mp4"
i2v,phase7_at_nfpb1,phase7 @nfpb=1,internal,native,60s,"A completely fixed, static, tripod-mounted camera records an active snowfall over a wide open alpine.mp4",5368220,dc6a5502a6302cd0,i2v_source_repo,"output/eval/phase7_at_nfpb1/60s/A completely fixed, static, tripod-mounted camera records an active snowfall over a wide open alpine.mp4"
i2v,phase7_at_nfpb1,phase7 @nfpb=1,internal,native,60s,"A completely fixed, static, tripod-mounted camera records an active volcanic lava ocean entry event .mp4",8137125,317add8bad77ba79,i2v_source_repo,"output/eval/phase7_at_nfpb1/60s/A completely fixed, static, tripod-mounted camera records an active volcanic lava ocean entry event .mp4"
i2v,phase7_at_nfpb1,phase7 @nfpb=1,internal,native,60s,"A completely fixed, static, tripod-mounted camera records an erupting stratovolcano at golden sunset.mp4",7865028,ad0ecb9fc4a6d8de,i2v_source_repo,"output/eval/phase7_at_nfpb1/60s/A completely fixed, static, tripod-mounted camera records an erupting stratovolcano at golden sunset.mp4"
i2v,phase7_at_nfpb1,phase7 @nfpb=1,internal,native,60s,"A completely fixed, static, tripod-mounted camera records an extremely heavy nighttime snowfall on a.mp4",8229807,cac6da7a6cdfe4d7,i2v_source_repo,"output/eval/phase7_at_nfpb1/60s/A completely fixed, static, tripod-mounted camera records an extremely heavy nighttime snowfall on a.mp4"
i2v,phase7_at_nfpb1,phase7 @nfpb=1,internal,native,60s,"A completely fixed, static, tripod-mounted camera records moderate rainfall in a cultivated garden a.mp4",6435516,b3ff3de9ceebfde6,i2v_source_repo,"output/eval/phase7_at_nfpb1/60s/A completely fixed, static, tripod-mounted camera records moderate rainfall in a cultivated garden a.mp4"
i2v,phase7_at_nfpb1,phase7 @nfpb=1,internal,native,60s,"A completely fixed, static, tripod-mounted camera records the underside of a long concrete river bri.mp4",7178926,3f3dad1db892babb,i2v_source_repo,"output/eval/phase7_at_nfpb1/60s/A completely fixed, static, tripod-mounted camera records the underside of a long concrete river bri.mp4"
i2v,phase7_at_nfpb1,phase7 @nfpb=1,internal,native,60s,"A completely fixed, static, tripod-mounted camera records two coconut palms thrashing in a violent t.mp4",7468571,45226f5cf4df4453,i2v_source_repo,"output/eval/phase7_at_nfpb1/60s/A completely fixed, static, tripod-mounted camera records two coconut palms thrashing in a violent t.mp4"
i2v,phase7_at_nfpb1,phase7 @nfpb=1,internal,native,120s,"A completely fixed, static, aerial tripod-mounted camera records an active lava flow cutting through.mp4",15428946,14d8ecf246a92754,i2v_source_repo,"output/eval/phase7_at_nfpb1/120s/A completely fixed, static, aerial tripod-mounted camera records an active lava flow cutting through.mp4"
i2v,phase7_at_nfpb1,phase7 @nfpb=1,internal,native,120s,"A completely fixed, static, close-range tripod-mounted camera records a massive open-ocean wave pitc.mp4",15485210,a62974e83ccd206c,i2v_source_repo,"output/eval/phase7_at_nfpb1/120s/A completely fixed, static, close-range tripod-mounted camera records a massive open-ocean wave pitc.mp4"
i2v,phase7_at_nfpb1,phase7 @nfpb=1,internal,native,120s,"A completely fixed, static, close-range tripod-mounted camera records a single large ocean wave curl.mp4",15961362,928f37a4af4e5f5d,i2v_source_repo,"output/eval/phase7_at_nfpb1/120s/A completely fixed, static, close-range tripod-mounted camera records a single large ocean wave curl.mp4"
i2v,phase7_at_nfpb1,phase7 @nfpb=1,internal,native,120s,"A completely fixed, static, close-range tripod-mounted camera records a small forest creek cascading.mp4",15219250,a8d18ece040217c8,i2v_source_repo,"output/eval/phase7_at_nfpb1/120s/A completely fixed, static, close-range tripod-mounted camera records a small forest creek cascading.mp4"
i2v,phase7_at_nfpb1,phase7 @nfpb=1,internal,native,120s,"A completely fixed, static, low-water-level tripod-mounted camera records a calm mountain river flow.mp4",14675154,c8b0e670cde4f474,i2v_source_repo,"output/eval/phase7_at_nfpb1/120s/A completely fixed, static, low-water-level tripod-mounted camera records a calm mountain river flow.mp4"
i2v,phase7_at_nfpb1,phase7 @nfpb=1,internal,native,120s,"A completely fixed, static, tripod-mounted camera records a bright blue sky filled with drifting whi.mp4",15418134,7f39a1c0959682f4,i2v_source_repo,"output/eval/phase7_at_nfpb1/120s/A completely fixed, static, tripod-mounted camera records a bright blue sky filled with drifting whi.mp4"
i2v,phase7_at_nfpb1,phase7 @nfpb=1,internal,native,120s,"A completely fixed, static, tripod-mounted camera records a channelized urban river running through .mp4",14514380,3ae1cfb2c8a83997,i2v_source_repo,"output/eval/phase7_at_nfpb1/120s/A completely fixed, static, tripod-mounted camera records a channelized urban river running through .mp4"
i2v,phase7_at_nfpb1,phase7 @nfpb=1,internal,native,120s,"A completely fixed, static, tripod-mounted camera records a clear river flowing past a grassy bank a.mp4",14281317,71ff0f4da7bb9692,i2v_source_repo,"output/eval/phase7_at_nfpb1/120s/A completely fixed, static, tripod-mounted camera records a clear river flowing past a grassy bank a.mp4"
i2v,phase7_at_nfpb1,phase7 @nfpb=1,internal,native,120s,"A completely fixed, static, tripod-mounted camera records a dense city at dusk with a massive dark p.mp4",15997152,b17ed69a98387dea,i2v_source_repo,"output/eval/phase7_at_nfpb1/120s/A completely fixed, static, tripod-mounted camera records a dense city at dusk with a massive dark p.mp4"
i2v,phase7_at_nfpb1,phase7 @nfpb=1,internal,native,120s,"A completely fixed, static, tripod-mounted camera records a desert dust storm advancing across a fla.mp4",14740269,8069a5a1840ed565,i2v_source_repo,"output/eval/phase7_at_nfpb1/120s/A completely fixed, static, tripod-mounted camera records a desert dust storm advancing across a fla.mp4"
i2v,phase7_at_nfpb1,phase7 @nfpb=1,internal,native,120s,"A completely fixed, static, tripod-mounted camera records a fast mountain river running through a ro.mp4",14821729,0dd0f8b5dd5f851d,i2v_source_repo,"output/eval/phase7_at_nfpb1/120s/A completely fixed, static, tripod-mounted camera records a fast mountain river running through a ro.mp4"
i2v,phase7_at_nfpb1,phase7 @nfpb=1,internal,native,120s,"A completely fixed, static, tripod-mounted camera records a heavy snowfall over a snow-covered alpin.mp4",14137492,33dda44a8dc8cedd,i2v_source_repo,"output/eval/phase7_at_nfpb1/120s/A completely fixed, static, tripod-mounted camera records a heavy snowfall over a snow-covered alpin.mp4"
i2v,phase7_at_nfpb1,phase7 @nfpb=1,internal,native,120s,"A completely fixed, static, tripod-mounted camera records a long row of tall palms thrashing in a tr.mp4",15053298,9db3ebaf38e0fdaa,i2v_source_repo,"output/eval/phase7_at_nfpb1/120s/A completely fixed, static, tripod-mounted camera records a long row of tall palms thrashing in a tr.mp4"
i2v,phase7_at_nfpb1,phase7 @nfpb=1,internal,native,120s,"A completely fixed, static, tripod-mounted camera records a nighttime city skyline backed by a large.mp4",15029065,91d488f13a670dda,i2v_source_repo,"output/eval/phase7_at_nfpb1/120s/A completely fixed, static, tripod-mounted camera records a nighttime city skyline backed by a large.mp4"
i2v,phase7_at_nfpb1,phase7 @nfpb=1,internal,native,120s,"A completely fixed, static, tripod-mounted camera records a rainy narrow city alley at night in desa.mp4",14556596,b2e66a94ccc43d48,i2v_source_repo,"output/eval/phase7_at_nfpb1/120s/A completely fixed, static, tripod-mounted camera records a rainy narrow city alley at night in desa.mp4"
i2v,phase7_at_nfpb1,phase7 @nfpb=1,internal,native,120s,"A completely fixed, static, tripod-mounted camera records a swollen flood river spilling across subm.mp4",14472373,d1de5822cbfc91a6,i2v_source_repo,"output/eval/phase7_at_nfpb1/120s/A completely fixed, static, tripod-mounted camera records a swollen flood river spilling across subm.mp4"
i2v,phase7_at_nfpb1,phase7 @nfpb=1,internal,native,120s,"A completely fixed, static, tripod-mounted camera records a tree-lined city street in autumn with fa.mp4",13238998,bb5149aee26e09e1,i2v_source_repo,"output/eval/phase7_at_nfpb1/120s/A completely fixed, static, tripod-mounted camera records a tree-lined city street in autumn with fa.mp4"
i2v,phase7_at_nfpb1,phase7 @nfpb=1,internal,native,120s,"A completely fixed, static, tripod-mounted camera records a tropical white-sand beach with a leaning.mp4",14950355,bbd0b0c73f2ea579,i2v_source_repo,"output/eval/phase7_at_nfpb1/120s/A completely fixed, static, tripod-mounted camera records a tropical white-sand beach with a leaning.mp4"
i2v,phase7_at_nfpb1,phase7 @nfpb=1,internal,native,120s,"A completely fixed, static, tripod-mounted camera records an active grass-and-brush wildfire spreadi.mp4",15041279,5ec0df6b292d0b34,i2v_source_repo,"output/eval/phase7_at_nfpb1/120s/A completely fixed, static, tripod-mounted camera records an active grass-and-brush wildfire spreadi.mp4"
i2v,phase7_at_nfpb1,phase7 @nfpb=1,internal,native,120s,"A completely fixed, static, tripod-mounted camera records an extremely heavy daytime snowfall over a.mp4",15056102,a03a8ff82f6a361f,i2v_source_repo,"output/eval/phase7_at_nfpb1/120s/A completely fixed, static, tripod-mounted camera records an extremely heavy daytime snowfall over a.mp4"
i2v,abl_rs,ablation: region+static,internal,matched,5s,"A completely fixed, static, macro-closeup tripod-mounted camera records heavy rainfall falling direc.mp4",773397,d1812a49ffd32545,i2v_source_repo,"output/eval/abl_rs/5s/A completely fixed, static, macro-closeup tripod-mounted camera records heavy rainfall falling direc.mp4"
i2v,abl_rs,ablation: region+static,internal,matched,5s,"A completely fixed, static, tripod-mounted camera records a burning indoor fireplace from a direct f.mp4",747908,91174d9af19c97f4,i2v_source_repo,"output/eval/abl_rs/5s/A completely fixed, static, tripod-mounted camera records a burning indoor fireplace from a direct f.mp4"
i2v,abl_rs,ablation: region+static,internal,matched,5s,"A completely fixed, static, tripod-mounted camera records a calm urban river at deep blue twilight f.mp4",778519,79302b29bc242092,i2v_source_repo,"output/eval/abl_rs/5s/A completely fixed, static, tripod-mounted camera records a calm urban river at deep blue twilight f.mp4"
i2v,abl_rs,ablation: region+static,internal,matched,5s,"A completely fixed, static, tripod-mounted camera records a catastrophic desert haboob sandstorm app.mp4",801354,8b5396db20f6ac80,i2v_source_repo,"output/eval/abl_rs/5s/A completely fixed, static, tripod-mounted camera records a catastrophic desert haboob sandstorm app.mp4"
i2v,abl_rs,ablation: region+static,internal,matched,5s,"A completely fixed, static, tripod-mounted camera records a dense urban residential and commercial d.mp4",763152,df423e160bca7724,i2v_source_repo,"output/eval/abl_rs/5s/A completely fixed, static, tripod-mounted camera records a dense urban residential and commercial d.mp4"
i2v,abl_rs,ablation: region+static,internal,matched,5s,"A completely fixed, static, tripod-mounted camera records a historic Kyoto canal lined with cherry b.mp4",774667,21b8d629da88218d,i2v_source_repo,"output/eval/abl_rs/5s/A completely fixed, static, tripod-mounted camera records a historic Kyoto canal lined with cherry b.mp4"
i2v,abl_rs,ablation: region+static,internal,matched,5s,"A completely fixed, static, tripod-mounted camera records an active snowfall over the ornate Bow Bri.mp4",774631,4f6c9f26cef98ead,i2v_source_repo,"output/eval/abl_rs/5s/A completely fixed, static, tripod-mounted camera records an active snowfall over the ornate Bow Bri.mp4"
i2v,abl_rs,ablation: region+static,internal,matched,5s,"A completely fixed, static, tripod-mounted camera records an active volcanic lava flow field at blue.mp4",793972,3c53af684ba36c90,i2v_source_repo,"output/eval/abl_rs/5s/A completely fixed, static, tripod-mounted camera records an active volcanic lava flow field at blue.mp4"
i2v,abl_rs,ablation: region+static,internal,matched,5s,"A completely fixed, static, tripod-mounted camera records an extremely heavy nighttime snowfall on a.mp4",791438,b52472484c1e6f8c,i2v_source_repo,"output/eval/abl_rs/5s/A completely fixed, static, tripod-mounted camera records an extremely heavy nighttime snowfall on a.mp4"
i2v,abl_rs,ablation: region+static,internal,matched,5s,"A completely fixed, static, tripod-mounted camera records an urban intersection fire and explosion e.mp4",759096,1aa1f8f880076b66,i2v_source_repo,"output/eval/abl_rs/5s/A completely fixed, static, tripod-mounted camera records an urban intersection fire and explosion e.mp4"
i2v,abl_rs,ablation: region+static,internal,matched,60s,"A completely fixed, static, macro tripod-mounted camera records heavy urban rainfall from an extreme.mp4",7794459,e834b64e9c731a68,i2v_source_repo,"output/eval/abl_rs/60s/A completely fixed, static, macro tripod-mounted camera records heavy urban rainfall from an extreme.mp4"
i2v,abl_rs,ablation: region+static,internal,matched,60s,"A completely fixed, static, macro-range tripod-mounted camera records a rain-streaked window pane wi.mp4",7621878,d11085302b6e2229,i2v_source_repo,"output/eval/abl_rs/60s/A completely fixed, static, macro-range tripod-mounted camera records a rain-streaked window pane wi.mp4"
i2v,abl_rs,ablation: region+static,internal,matched,60s,"A completely fixed, static, tripod-mounted camera records a burning forest campfire at night from a .mp4",7587985,2a68629b6dff78e9,i2v_source_repo,"output/eval/abl_rs/60s/A completely fixed, static, tripod-mounted camera records a burning forest campfire at night from a .mp4"
i2v,abl_rs,ablation: region+static,internal,matched,60s,"A completely fixed, static, tripod-mounted camera records a calm overcast coastal beach scene from a.mp4",7716375,d75a02d6f7504216,i2v_source_repo,"output/eval/abl_rs/60s/A completely fixed, static, tripod-mounted camera records a calm overcast coastal beach scene from a.mp4"
i2v,abl_rs,ablation: region+static,internal,matched,60s,"A completely fixed, static, tripod-mounted camera records a calm winter river from a slightly elevat.mp4",7477015,1ddd14f8178889bc,i2v_source_repo,"output/eval/abl_rs/60s/A completely fixed, static, tripod-mounted camera records a calm winter river from a slightly elevat.mp4"
i2v,abl_rs,ablation: region+static,internal,matched,60s,"A completely fixed, static, tripod-mounted camera records a clear summer forest stream with boulder .mp4",7595783,d1c738de6d37d0c5,i2v_source_repo,"output/eval/abl_rs/60s/A completely fixed, static, tripod-mounted camera records a clear summer forest stream with boulder .mp4"
i2v,abl_rs,ablation: region+static,internal,matched,60s,"A completely fixed, static, tripod-mounted camera records a coastal tuff cone headland and the open .mp4",7547261,16f6b07e4f6d6a76,i2v_source_repo,"output/eval/abl_rs/60s/A completely fixed, static, tripod-mounted camera records a coastal tuff cone headland and the open .mp4"
i2v,abl_rs,ablation: region+static,internal,matched,60s,"A completely fixed, static, tripod-mounted camera records a desert dust storm sweeping across a flat.mp4",7569492,203f1a82895165cd,i2v_source_repo,"output/eval/abl_rs/60s/A completely fixed, static, tripod-mounted camera records a desert dust storm sweeping across a flat.mp4"
i2v,abl_rs,ablation: region+static,internal,matched,60s,"A completely fixed, static, tripod-mounted camera records a fast mountain river cascading over a bou.mp4",7611738,f2447328e8462970,i2v_source_repo,"output/eval/abl_rs/60s/A completely fixed, static, tripod-mounted camera records a fast mountain river cascading over a bou.mp4"
i2v,abl_rs,ablation: region+static,internal,matched,60s,"A completely fixed, static, tripod-mounted camera records a gentle clear forest stream in a lush gre.mp4",7543510,6245adfbc5d43367,i2v_source_repo,"output/eval/abl_rs/60s/A completely fixed, static, tripod-mounted camera records a gentle clear forest stream in a lush gre.mp4"
i2v,abl_rs,ablation: region+static,internal,matched,60s,"A completely fixed, static, tripod-mounted camera records a heavy daytime snowstorm on a dense city .mp4",7562189,a7b175f879b80eda,i2v_source_repo,"output/eval/abl_rs/60s/A completely fixed, static, tripod-mounted camera records a heavy daytime snowstorm on a dense city .mp4"
i2v,abl_rs,ablation: region+static,internal,matched,60s,"A completely fixed, static, tripod-mounted camera records a heavy nighttime snowfall on a quiet hist.mp4",7720162,49be64136d0628f3,i2v_source_repo,"output/eval/abl_rs/60s/A completely fixed, static, tripod-mounted camera records a heavy nighttime snowfall on a quiet hist.mp4"
i2v,abl_rs,ablation: region+static,internal,matched,60s,"A completely fixed, static, tripod-mounted camera records a lone windswept pine clinging to a bare r.mp4",7540806,32c2e3e57d22acc3,i2v_source_repo,"output/eval/abl_rs/60s/A completely fixed, static, tripod-mounted camera records a lone windswept pine clinging to a bare r.mp4"
i2v,abl_rs,ablation: region+static,internal,matched,60s,"A completely fixed, static, tripod-mounted camera records a multi-tiered cascading forest stream fro.mp4",7550961,365167fe2902926c,i2v_source_repo,"output/eval/abl_rs/60s/A completely fixed, static, tripod-mounted camera records a multi-tiered cascading forest stream fro.mp4"
i2v,abl_rs,ablation: region+static,internal,matched,60s,"A completely fixed, static, tripod-mounted camera records a quiet urban park river at night. The cam.mp4",7627729,fe3245eb792573e9,i2v_source_repo,"output/eval/abl_rs/60s/A completely fixed, static, tripod-mounted camera records a quiet urban park river at night. The cam.mp4"
i2v,abl_rs,ablation: region+static,internal,matched,60s,"A completely fixed, static, tripod-mounted camera records a rain-drenched forest path in late aftern.mp4",7715290,d93aabb7a904f655,i2v_source_repo,"output/eval/abl_rs/60s/A completely fixed, static, tripod-mounted camera records a rain-drenched forest path in late aftern.mp4"
i2v,abl_rs,ablation: region+static,internal,matched,60s,"A completely fixed, static, tripod-mounted camera records a swollen muddy flood torrent surging thro.mp4",7573849,4892c6686acd0f58,i2v_source_repo,"output/eval/abl_rs/60s/A completely fixed, static, tripod-mounted camera records a swollen muddy flood torrent surging thro.mp4"
i2v,abl_rs,ablation: region+static,internal,matched,60s,"A completely fixed, static, tripod-mounted camera records a swollen winter flood river from a low ba.mp4",7610125,488b849b9588ccb4,i2v_source_repo,"output/eval/abl_rs/60s/A completely fixed, static, tripod-mounted camera records a swollen winter flood river from a low ba.mp4"
i2v,abl_rs,ablation: region+static,internal,matched,60s,"A completely fixed, static, tripod-mounted camera records a tranquil moonlit ocean seascape at night.mp4",7527824,8075755e514bc417,i2v_source_repo,"output/eval/abl_rs/60s/A completely fixed, static, tripod-mounted camera records a tranquil moonlit ocean seascape at night.mp4"
i2v,abl_rs,ablation: region+static,internal,matched,60s,"A completely fixed, static, tripod-mounted camera records a tranquil street in a Japanese city durin.mp4",7498873,a90d773a9ab7ba1f,i2v_source_repo,"output/eval/abl_rs/60s/A completely fixed, static, tripod-mounted camera records a tranquil street in a Japanese city durin.mp4"
i2v,abl_rs,ablation: region+static,internal,matched,60s,"A completely fixed, static, tripod-mounted camera records a tropical beach with overhanging coconut .mp4",7545771,2be3c91d8b1241ee,i2v_source_repo,"output/eval/abl_rs/60s/A completely fixed, static, tripod-mounted camera records a tropical beach with overhanging coconut .mp4"
i2v,abl_rs,ablation: region+static,internal,matched,60s,"A completely fixed, static, tripod-mounted camera records a violent volcanic eruption at deep blue h.mp4",7623548,49e5eb4c298fafe3,i2v_source_repo,"output/eval/abl_rs/60s/A completely fixed, static, tripod-mounted camera records a violent volcanic eruption at deep blue h.mp4"
i2v,abl_rs,ablation: region+static,internal,matched,60s,"A completely fixed, static, tripod-mounted camera records an active snowfall in a dense mountain spr.mp4",7542830,f97dfad9e3650e45,i2v_source_repo,"output/eval/abl_rs/60s/A completely fixed, static, tripod-mounted camera records an active snowfall in a dense mountain spr.mp4"
i2v,abl_rs,ablation: region+static,internal,matched,60s,"A completely fixed, static, tripod-mounted camera records an active snowfall over a wide open alpine.mp4",7683623,3e7762996039c7f7,i2v_source_repo,"output/eval/abl_rs/60s/A completely fixed, static, tripod-mounted camera records an active snowfall over a wide open alpine.mp4"
i2v,abl_rs,ablation: region+static,internal,matched,60s,"A completely fixed, static, tripod-mounted camera records an active volcanic lava ocean entry event .mp4",7733556,a886208ee73091d5,i2v_source_repo,"output/eval/abl_rs/60s/A completely fixed, static, tripod-mounted camera records an active volcanic lava ocean entry event .mp4"
i2v,abl_rs,ablation: region+static,internal,matched,60s,"A completely fixed, static, tripod-mounted camera records an erupting stratovolcano at golden sunset.mp4",7652618,36f5f56dc12ba484,i2v_source_repo,"output/eval/abl_rs/60s/A completely fixed, static, tripod-mounted camera records an erupting stratovolcano at golden sunset.mp4"
i2v,abl_rs,ablation: region+static,internal,matched,60s,"A completely fixed, static, tripod-mounted camera records an extremely heavy nighttime snowfall on a.mp4",7747845,e4d7fdc2afb3563d,i2v_source_repo,"output/eval/abl_rs/60s/A completely fixed, static, tripod-mounted camera records an extremely heavy nighttime snowfall on a.mp4"
i2v,abl_rs,ablation: region+static,internal,matched,60s,"A completely fixed, static, tripod-mounted camera records moderate rainfall in a cultivated garden a.mp4",7600743,50d621bb8b6f6ace,i2v_source_repo,"output/eval/abl_rs/60s/A completely fixed, static, tripod-mounted camera records moderate rainfall in a cultivated garden a.mp4"
i2v,abl_rs,ablation: region+static,internal,matched,60s,"A completely fixed, static, tripod-mounted camera records the underside of a long concrete river bri.mp4",7587158,a8b1f2583108919d,i2v_source_repo,"output/eval/abl_rs/60s/A completely fixed, static, tripod-mounted camera records the underside of a long concrete river bri.mp4"
i2v,abl_rs,ablation: region+static,internal,matched,60s,"A completely fixed, static, tripod-mounted camera records two coconut palms thrashing in a violent t.mp4",7589887,7d76c79b7e22b0b0,i2v_source_repo,"output/eval/abl_rs/60s/A completely fixed, static, tripod-mounted camera records two coconut palms thrashing in a violent t.mp4"
i2v,abl_rs,ablation: region+static,internal,matched,120s,"A completely fixed, static, aerial tripod-mounted camera records an active lava flow cutting through.mp4",15485807,74e2362d780d2d6e,i2v_source_repo,"output/eval/abl_rs/120s/A completely fixed, static, aerial tripod-mounted camera records an active lava flow cutting through.mp4"
i2v,abl_rs,ablation: region+static,internal,matched,120s,"A completely fixed, static, close-range tripod-mounted camera records a massive open-ocean wave pitc.mp4",15282973,05acdc2b5b462e85,i2v_source_repo,"output/eval/abl_rs/120s/A completely fixed, static, close-range tripod-mounted camera records a massive open-ocean wave pitc.mp4"
i2v,abl_rs,ablation: region+static,internal,matched,120s,"A completely fixed, static, close-range tripod-mounted camera records a single large ocean wave curl.mp4",15437636,23436430d3ebebcb,i2v_source_repo,"output/eval/abl_rs/120s/A completely fixed, static, close-range tripod-mounted camera records a single large ocean wave curl.mp4"
i2v,abl_rs,ablation: region+static,internal,matched,120s,"A completely fixed, static, close-range tripod-mounted camera records a small forest creek cascading.mp4",15261708,d43f446cdb542b6a,i2v_source_repo,"output/eval/abl_rs/120s/A completely fixed, static, close-range tripod-mounted camera records a small forest creek cascading.mp4"
i2v,abl_rs,ablation: region+static,internal,matched,120s,"A completely fixed, static, low-water-level tripod-mounted camera records a calm mountain river flow.mp4",15335667,ef1d5bd6b827ec2c,i2v_source_repo,"output/eval/abl_rs/120s/A completely fixed, static, low-water-level tripod-mounted camera records a calm mountain river flow.mp4"
i2v,abl_rs,ablation: region+static,internal,matched,120s,"A completely fixed, static, tripod-mounted camera records a bright blue sky filled with drifting whi.mp4",15377631,f7bb605ece952214,i2v_source_repo,"output/eval/abl_rs/120s/A completely fixed, static, tripod-mounted camera records a bright blue sky filled with drifting whi.mp4"
i2v,abl_rs,ablation: region+static,internal,matched,120s,"A completely fixed, static, tripod-mounted camera records a channelized urban river running through .mp4",15217408,b56dfba4fb63e0e3,i2v_source_repo,"output/eval/abl_rs/120s/A completely fixed, static, tripod-mounted camera records a channelized urban river running through .mp4"
i2v,abl_rs,ablation: region+static,internal,matched,120s,"A completely fixed, static, tripod-mounted camera records a clear river flowing past a grassy bank a.mp4",15258144,b0444cc04937420c,i2v_source_repo,"output/eval/abl_rs/120s/A completely fixed, static, tripod-mounted camera records a clear river flowing past a grassy bank a.mp4"
i2v,abl_rs,ablation: region+static,internal,matched,120s,"A completely fixed, static, tripod-mounted camera records a dense city at dusk with a massive dark p.mp4",15234793,8243f4c37796f728,i2v_source_repo,"output/eval/abl_rs/120s/A completely fixed, static, tripod-mounted camera records a dense city at dusk with a massive dark p.mp4"
i2v,abl_rs,ablation: region+static,internal,matched,120s,"A completely fixed, static, tripod-mounted camera records a desert dust storm advancing across a fla.mp4",15248525,c0f4bd4ae1153cd2,i2v_source_repo,"output/eval/abl_rs/120s/A completely fixed, static, tripod-mounted camera records a desert dust storm advancing across a fla.mp4"
i2v,abl_rs,ablation: region+static,internal,matched,120s,"A completely fixed, static, tripod-mounted camera records a fast mountain river running through a ro.mp4",15310268,48fd653182b076e1,i2v_source_repo,"output/eval/abl_rs/120s/A completely fixed, static, tripod-mounted camera records a fast mountain river running through a ro.mp4"
i2v,abl_rs,ablation: region+static,internal,matched,120s,"A completely fixed, static, tripod-mounted camera records a heavy snowfall over a snow-covered alpin.mp4",15301821,a7759562e0d7d866,i2v_source_repo,"output/eval/abl_rs/120s/A completely fixed, static, tripod-mounted camera records a heavy snowfall over a snow-covered alpin.mp4"
i2v,abl_rs,ablation: region+static,internal,matched,120s,"A completely fixed, static, tripod-mounted camera records a long row of tall palms thrashing in a tr.mp4",15337072,79bfd270d7264820,i2v_source_repo,"output/eval/abl_rs/120s/A completely fixed, static, tripod-mounted camera records a long row of tall palms thrashing in a tr.mp4"
i2v,abl_rs,ablation: region+static,internal,matched,120s,"A completely fixed, static, tripod-mounted camera records a nighttime city skyline backed by a large.mp4",15181919,e7fb743b6ac7f6d4,i2v_source_repo,"output/eval/abl_rs/120s/A completely fixed, static, tripod-mounted camera records a nighttime city skyline backed by a large.mp4"
i2v,abl_rs,ablation: region+static,internal,matched,120s,"A completely fixed, static, tripod-mounted camera records a rainy narrow city alley at night in desa.mp4",15327775,6fce52ecd7c5ef5c,i2v_source_repo,"output/eval/abl_rs/120s/A completely fixed, static, tripod-mounted camera records a rainy narrow city alley at night in desa.mp4"
i2v,abl_rs,ablation: region+static,internal,matched,120s,"A completely fixed, static, tripod-mounted camera records a swollen flood river spilling across subm.mp4",15197277,f4cbdd07371f7b44,i2v_source_repo,"output/eval/abl_rs/120s/A completely fixed, static, tripod-mounted camera records a swollen flood river spilling across subm.mp4"
i2v,abl_rs,ablation: region+static,internal,matched,120s,"A completely fixed, static, tripod-mounted camera records a tree-lined city street in autumn with fa.mp4",15259157,4a3f4084ea9a1c01,i2v_source_repo,"output/eval/abl_rs/120s/A completely fixed, static, tripod-mounted camera records a tree-lined city street in autumn with fa.mp4"
i2v,abl_rs,ablation: region+static,internal,matched,120s,"A completely fixed, static, tripod-mounted camera records a tropical white-sand beach with a leaning.mp4",15278840,a12fa9d84f076748,i2v_source_repo,"output/eval/abl_rs/120s/A completely fixed, static, tripod-mounted camera records a tropical white-sand beach with a leaning.mp4"
i2v,abl_rs,ablation: region+static,internal,matched,120s,"A completely fixed, static, tripod-mounted camera records an active grass-and-brush wildfire spreadi.mp4",15334652,df33dfe4766580c5,i2v_source_repo,"output/eval/abl_rs/120s/A completely fixed, static, tripod-mounted camera records an active grass-and-brush wildfire spreadi.mp4"
i2v,abl_rs,ablation: region+static,internal,matched,120s,"A completely fixed, static, tripod-mounted camera records an extremely heavy daytime snowfall over a.mp4",15316096,af03656d2759f36b,i2v_source_repo,"output/eval/abl_rs/120s/A completely fixed, static, tripod-mounted camera records an extremely heavy daytime snowfall over a.mp4"
i2v,abl_rs,ablation: region+static,internal,matched,240s,"A completely fixed, static, close-range tripod-mounted camera records heavy tropical rain pouring of.mp4",30680890,3d93d9d8c57e6d86,i2v_source_repo,"output/eval/abl_rs/240s/A completely fixed, static, close-range tripod-mounted camera records heavy tropical rain pouring of.mp4"
i2v,abl_rs,ablation: region+static,internal,matched,240s,"A completely fixed, static, tripod-mounted camera records a calm tropical bay framed by a large over.mp4",30593218,865057a13005f156,i2v_source_repo,"output/eval/abl_rs/240s/A completely fixed, static, tripod-mounted camera records a calm tropical bay framed by a large over.mp4"
i2v,abl_rs,ablation: region+static,internal,matched,240s,"A completely fixed, static, tripod-mounted camera records a historic Kyoto canal lined with traditio.mp4",30683139,06a683f4fcc7915c,i2v_source_repo,"output/eval/abl_rs/240s/A completely fixed, static, tripod-mounted camera records a historic Kyoto canal lined with traditio.mp4"
i2v,abl_rs,ablation: region+static,internal,matched,240s,"A completely fixed, static, tripod-mounted camera records a tranquil tropical beach with leaning pal.mp4",30787250,b83ebfce633e88d4,i2v_source_repo,"output/eval/abl_rs/240s/A completely fixed, static, tripod-mounted camera records a tranquil tropical beach with leaning pal.mp4"
i2v,abl_rs,ablation: region+static,internal,matched,240s,"A completely fixed, static, tripod-mounted camera records an active braided lava flow advancing acro.mp4",30693516,ee258a9d7a50284e,i2v_source_repo,"output/eval/abl_rs/240s/A completely fixed, static, tripod-mounted camera records an active braided lava flow advancing acro.mp4"
i2v,abl_redmd,ablation: Re-DMD,internal,matched,5s,"A completely fixed, static, macro-closeup tripod-mounted camera records heavy rainfall falling direc.mp4",780574,a6332ed39ed5592f,i2v_source_repo,"output/eval/abl_redmd/5s/A completely fixed, static, macro-closeup tripod-mounted camera records heavy rainfall falling direc.mp4"
i2v,abl_redmd,ablation: Re-DMD,internal,matched,5s,"A completely fixed, static, tripod-mounted camera records a burning indoor fireplace from a direct f.mp4",752925,f8cb3da0a34e4e0c,i2v_source_repo,"output/eval/abl_redmd/5s/A completely fixed, static, tripod-mounted camera records a burning indoor fireplace from a direct f.mp4"
i2v,abl_redmd,ablation: Re-DMD,internal,matched,5s,"A completely fixed, static, tripod-mounted camera records a calm urban river at deep blue twilight f.mp4",684122,b5bdaf21b20ca482,i2v_source_repo,"output/eval/abl_redmd/5s/A completely fixed, static, tripod-mounted camera records a calm urban river at deep blue twilight f.mp4"
i2v,abl_redmd,ablation: Re-DMD,internal,matched,5s,"A completely fixed, static, tripod-mounted camera records a catastrophic desert haboob sandstorm app.mp4",745031,215f310a12c85214,i2v_source_repo,"output/eval/abl_redmd/5s/A completely fixed, static, tripod-mounted camera records a catastrophic desert haboob sandstorm app.mp4"
i2v,abl_redmd,ablation: Re-DMD,internal,matched,5s,"A completely fixed, static, tripod-mounted camera records a dense urban residential and commercial d.mp4",725576,bc4e54d718e1a1b3,i2v_source_repo,"output/eval/abl_redmd/5s/A completely fixed, static, tripod-mounted camera records a dense urban residential and commercial d.mp4"
i2v,abl_redmd,ablation: Re-DMD,internal,matched,5s,"A completely fixed, static, tripod-mounted camera records a historic Kyoto canal lined with cherry b.mp4",713022,8865074c69499564,i2v_source_repo,"output/eval/abl_redmd/5s/A completely fixed, static, tripod-mounted camera records a historic Kyoto canal lined with cherry b.mp4"
i2v,abl_redmd,ablation: Re-DMD,internal,matched,5s,"A completely fixed, static, tripod-mounted camera records an active snowfall over the ornate Bow Bri.mp4",733049,324dfc77543667e9,i2v_source_repo,"output/eval/abl_redmd/5s/A completely fixed, static, tripod-mounted camera records an active snowfall over the ornate Bow Bri.mp4"
i2v,abl_redmd,ablation: Re-DMD,internal,matched,5s,"A completely fixed, static, tripod-mounted camera records an active volcanic lava flow field at blue.mp4",751838,1b3f8a1805872467,i2v_source_repo,"output/eval/abl_redmd/5s/A completely fixed, static, tripod-mounted camera records an active volcanic lava flow field at blue.mp4"
i2v,abl_redmd,ablation: Re-DMD,internal,matched,5s,"A completely fixed, static, tripod-mounted camera records an extremely heavy nighttime snowfall on a.mp4",752164,1d9811f710ab3e42,i2v_source_repo,"output/eval/abl_redmd/5s/A completely fixed, static, tripod-mounted camera records an extremely heavy nighttime snowfall on a.mp4"
i2v,abl_redmd,ablation: Re-DMD,internal,matched,5s,"A completely fixed, static, tripod-mounted camera records an urban intersection fire and explosion e.mp4",727471,b84b2f5104f4a937,i2v_source_repo,"output/eval/abl_redmd/5s/A completely fixed, static, tripod-mounted camera records an urban intersection fire and explosion e.mp4"
i2v,abl_redmd,ablation: Re-DMD,internal,matched,60s,"A completely fixed, static, macro tripod-mounted camera records heavy urban rainfall from an extreme.mp4",7963832,f869ee85cabf6ac3,i2v_source_repo,"output/eval/abl_redmd/60s/A completely fixed, static, macro tripod-mounted camera records heavy urban rainfall from an extreme.mp4"
i2v,abl_redmd,ablation: Re-DMD,internal,matched,60s,"A completely fixed, static, macro-range tripod-mounted camera records a rain-streaked window pane wi.mp4",7841486,fed76901eda06ad2,i2v_source_repo,"output/eval/abl_redmd/60s/A completely fixed, static, macro-range tripod-mounted camera records a rain-streaked window pane wi.mp4"
i2v,abl_redmd,ablation: Re-DMD,internal,matched,60s,"A completely fixed, static, tripod-mounted camera records a burning forest campfire at night from a .mp4",7741624,edacaeca97bd48ed,i2v_source_repo,"output/eval/abl_redmd/60s/A completely fixed, static, tripod-mounted camera records a burning forest campfire at night from a .mp4"
i2v,abl_redmd,ablation: Re-DMD,internal,matched,60s,"A completely fixed, static, tripod-mounted camera records a calm overcast coastal beach scene from a.mp4",7711602,59cb3349c9c27a43,i2v_source_repo,"output/eval/abl_redmd/60s/A completely fixed, static, tripod-mounted camera records a calm overcast coastal beach scene from a.mp4"
i2v,abl_redmd,ablation: Re-DMD,internal,matched,60s,"A completely fixed, static, tripod-mounted camera records a calm winter river from a slightly elevat.mp4",7512474,54210ef0588a1d4b,i2v_source_repo,"output/eval/abl_redmd/60s/A completely fixed, static, tripod-mounted camera records a calm winter river from a slightly elevat.mp4"
i2v,abl_redmd,ablation: Re-DMD,internal,matched,60s,"A completely fixed, static, tripod-mounted camera records a clear summer forest stream with boulder .mp4",7718471,54c9c2cec769e1e4,i2v_source_repo,"output/eval/abl_redmd/60s/A completely fixed, static, tripod-mounted camera records a clear summer forest stream with boulder .mp4"
i2v,abl_redmd,ablation: Re-DMD,internal,matched,60s,"A completely fixed, static, tripod-mounted camera records a coastal tuff cone headland and the open .mp4",7667212,18653baf3e2dc685,i2v_source_repo,"output/eval/abl_redmd/60s/A completely fixed, static, tripod-mounted camera records a coastal tuff cone headland and the open .mp4"
i2v,abl_redmd,ablation: Re-DMD,internal,matched,60s,"A completely fixed, static, tripod-mounted camera records a desert dust storm sweeping across a flat.mp4",7775428,9c90deae4e261f3d,i2v_source_repo,"output/eval/abl_redmd/60s/A completely fixed, static, tripod-mounted camera records a desert dust storm sweeping across a flat.mp4"
i2v,abl_redmd,ablation: Re-DMD,internal,matched,60s,"A completely fixed, static, tripod-mounted camera records a fast mountain river cascading over a bou.mp4",7660341,577c9f82fc3cde07,i2v_source_repo,"output/eval/abl_redmd/60s/A completely fixed, static, tripod-mounted camera records a fast mountain river cascading over a bou.mp4"
i2v,abl_redmd,ablation: Re-DMD,internal,matched,60s,"A completely fixed, static, tripod-mounted camera records a gentle clear forest stream in a lush gre.mp4",7656343,7016c196706d0460,i2v_source_repo,"output/eval/abl_redmd/60s/A completely fixed, static, tripod-mounted camera records a gentle clear forest stream in a lush gre.mp4"
i2v,abl_redmd,ablation: Re-DMD,internal,matched,60s,"A completely fixed, static, tripod-mounted camera records a heavy daytime snowstorm on a dense city .mp4",7696310,ac461525e4ce105a,i2v_source_repo,"output/eval/abl_redmd/60s/A completely fixed, static, tripod-mounted camera records a heavy daytime snowstorm on a dense city .mp4"
i2v,abl_redmd,ablation: Re-DMD,internal,matched,60s,"A completely fixed, static, tripod-mounted camera records a heavy nighttime snowfall on a quiet hist.mp4",7774211,dd5e4f3d0bb8524f,i2v_source_repo,"output/eval/abl_redmd/60s/A completely fixed, static, tripod-mounted camera records a heavy nighttime snowfall on a quiet hist.mp4"
i2v,abl_redmd,ablation: Re-DMD,internal,matched,60s,"A completely fixed, static, tripod-mounted camera records a lone windswept pine clinging to a bare r.mp4",7776843,b6f1af18dc6cd561,i2v_source_repo,"output/eval/abl_redmd/60s/A completely fixed, static, tripod-mounted camera records a lone windswept pine clinging to a bare r.mp4"
i2v,abl_redmd,ablation: Re-DMD,internal,matched,60s,"A completely fixed, static, tripod-mounted camera records a multi-tiered cascading forest stream fro.mp4",7633735,9fb3a2378d2e60fd,i2v_source_repo,"output/eval/abl_redmd/60s/A completely fixed, static, tripod-mounted camera records a multi-tiered cascading forest stream fro.mp4"
i2v,abl_redmd,ablation: Re-DMD,internal,matched,60s,"A completely fixed, static, tripod-mounted camera records a quiet urban park river at night. The cam.mp4",7694601,4aff2aef4488ca1c,i2v_source_repo,"output/eval/abl_redmd/60s/A completely fixed, static, tripod-mounted camera records a quiet urban park river at night. The cam.mp4"
i2v,abl_redmd,ablation: Re-DMD,internal,matched,60s,"A completely fixed, static, tripod-mounted camera records a rain-drenched forest path in late aftern.mp4",7797364,b38a9e88710bff20,i2v_source_repo,"output/eval/abl_redmd/60s/A completely fixed, static, tripod-mounted camera records a rain-drenched forest path in late aftern.mp4"
i2v,abl_redmd,ablation: Re-DMD,internal,matched,60s,"A completely fixed, static, tripod-mounted camera records a swollen muddy flood torrent surging thro.mp4",7643283,515bbbc7cf0d4a77,i2v_source_repo,"output/eval/abl_redmd/60s/A completely fixed, static, tripod-mounted camera records a swollen muddy flood torrent surging thro.mp4"
i2v,abl_redmd,ablation: Re-DMD,internal,matched,60s,"A completely fixed, static, tripod-mounted camera records a swollen winter flood river from a low ba.mp4",7623353,6140ff93c8e7576a,i2v_source_repo,"output/eval/abl_redmd/60s/A completely fixed, static, tripod-mounted camera records a swollen winter flood river from a low ba.mp4"
i2v,abl_redmd,ablation: Re-DMD,internal,matched,60s,"A completely fixed, static, tripod-mounted camera records a tranquil moonlit ocean seascape at night.mp4",7566306,9ca37a15221deb50,i2v_source_repo,"output/eval/abl_redmd/60s/A completely fixed, static, tripod-mounted camera records a tranquil moonlit ocean seascape at night.mp4"
i2v,abl_redmd,ablation: Re-DMD,internal,matched,60s,"A completely fixed, static, tripod-mounted camera records a tranquil street in a Japanese city durin.mp4",7698792,8e230fa0b1393758,i2v_source_repo,"output/eval/abl_redmd/60s/A completely fixed, static, tripod-mounted camera records a tranquil street in a Japanese city durin.mp4"
i2v,abl_redmd,ablation: Re-DMD,internal,matched,60s,"A completely fixed, static, tripod-mounted camera records a tropical beach with overhanging coconut .mp4",7546653,8a02ea34fc4b6cf2,i2v_source_repo,"output/eval/abl_redmd/60s/A completely fixed, static, tripod-mounted camera records a tropical beach with overhanging coconut .mp4"
i2v,abl_redmd,ablation: Re-DMD,internal,matched,60s,"A completely fixed, static, tripod-mounted camera records a violent volcanic eruption at deep blue h.mp4",7833414,63fb8b05ff0b12aa,i2v_source_repo,"output/eval/abl_redmd/60s/A completely fixed, static, tripod-mounted camera records a violent volcanic eruption at deep blue h.mp4"
i2v,abl_redmd,ablation: Re-DMD,internal,matched,60s,"A completely fixed, static, tripod-mounted camera records an active snowfall in a dense mountain spr.mp4",7685106,70e211f39abbcd85,i2v_source_repo,"output/eval/abl_redmd/60s/A completely fixed, static, tripod-mounted camera records an active snowfall in a dense mountain spr.mp4"
i2v,abl_redmd,ablation: Re-DMD,internal,matched,60s,"A completely fixed, static, tripod-mounted camera records an active snowfall over a wide open alpine.mp4",7948789,a8e02c13aec510fd,i2v_source_repo,"output/eval/abl_redmd/60s/A completely fixed, static, tripod-mounted camera records an active snowfall over a wide open alpine.mp4"
i2v,abl_redmd,ablation: Re-DMD,internal,matched,60s,"A completely fixed, static, tripod-mounted camera records an active volcanic lava ocean entry event .mp4",7745660,a2c8536bfcb2a9fb,i2v_source_repo,"output/eval/abl_redmd/60s/A completely fixed, static, tripod-mounted camera records an active volcanic lava ocean entry event .mp4"
i2v,abl_redmd,ablation: Re-DMD,internal,matched,60s,"A completely fixed, static, tripod-mounted camera records an erupting stratovolcano at golden sunset.mp4",7748352,d4f841b8fc94eb1c,i2v_source_repo,"output/eval/abl_redmd/60s/A completely fixed, static, tripod-mounted camera records an erupting stratovolcano at golden sunset.mp4"
i2v,abl_redmd,ablation: Re-DMD,internal,matched,60s,"A completely fixed, static, tripod-mounted camera records an extremely heavy nighttime snowfall on a.mp4",7741870,cbe8e2d26cb9a4cb,i2v_source_repo,"output/eval/abl_redmd/60s/A completely fixed, static, tripod-mounted camera records an extremely heavy nighttime snowfall on a.mp4"
i2v,abl_redmd,ablation: Re-DMD,internal,matched,60s,"A completely fixed, static, tripod-mounted camera records moderate rainfall in a cultivated garden a.mp4",7728954,ebb8f561a9a557bf,i2v_source_repo,"output/eval/abl_redmd/60s/A completely fixed, static, tripod-mounted camera records moderate rainfall in a cultivated garden a.mp4"
i2v,abl_redmd,ablation: Re-DMD,internal,matched,60s,"A completely fixed, static, tripod-mounted camera records the underside of a long concrete river bri.mp4",7699081,cb025b658168f295,i2v_source_repo,"output/eval/abl_redmd/60s/A completely fixed, static, tripod-mounted camera records the underside of a long concrete river bri.mp4"
i2v,abl_redmd,ablation: Re-DMD,internal,matched,60s,"A completely fixed, static, tripod-mounted camera records two coconut palms thrashing in a violent t.mp4",7748294,0450ded34cf8e3fa,i2v_source_repo,"output/eval/abl_redmd/60s/A completely fixed, static, tripod-mounted camera records two coconut palms thrashing in a violent t.mp4"
i2v,abl_redmd,ablation: Re-DMD,internal,matched,120s,"A completely fixed, static, aerial tripod-mounted camera records an active lava flow cutting through.mp4",15533166,23f7bb66ba2b5651,i2v_source_repo,"output/eval/abl_redmd/120s/A completely fixed, static, aerial tripod-mounted camera records an active lava flow cutting through.mp4"
i2v,abl_redmd,ablation: Re-DMD,internal,matched,120s,"A completely fixed, static, close-range tripod-mounted camera records a massive open-ocean wave pitc.mp4",15299068,c3deb5d1150566ff,i2v_source_repo,"output/eval/abl_redmd/120s/A completely fixed, static, close-range tripod-mounted camera records a massive open-ocean wave pitc.mp4"
i2v,abl_redmd,ablation: Re-DMD,internal,matched,120s,"A completely fixed, static, close-range tripod-mounted camera records a single large ocean wave curl.mp4",15597342,9a5ce2388cb2a5cf,i2v_source_repo,"output/eval/abl_redmd/120s/A completely fixed, static, close-range tripod-mounted camera records a single large ocean wave curl.mp4"
i2v,abl_redmd,ablation: Re-DMD,internal,matched,120s,"A completely fixed, static, close-range tripod-mounted camera records a small forest creek cascading.mp4",15490604,9b762edb664709f5,i2v_source_repo,"output/eval/abl_redmd/120s/A completely fixed, static, close-range tripod-mounted camera records a small forest creek cascading.mp4"
i2v,abl_redmd,ablation: Re-DMD,internal,matched,120s,"A completely fixed, static, low-water-level tripod-mounted camera records a calm mountain river flow.mp4",15316632,d59ee4970384fb06,i2v_source_repo,"output/eval/abl_redmd/120s/A completely fixed, static, low-water-level tripod-mounted camera records a calm mountain river flow.mp4"
i2v,abl_redmd,ablation: Re-DMD,internal,matched,120s,"A completely fixed, static, tripod-mounted camera records a bright blue sky filled with drifting whi.mp4",15566913,47f7bb3d56fb315f,i2v_source_repo,"output/eval/abl_redmd/120s/A completely fixed, static, tripod-mounted camera records a bright blue sky filled with drifting whi.mp4"
i2v,abl_redmd,ablation: Re-DMD,internal,matched,120s,"A completely fixed, static, tripod-mounted camera records a channelized urban river running through .mp4",15324820,900c047e62bd15aa,i2v_source_repo,"output/eval/abl_redmd/120s/A completely fixed, static, tripod-mounted camera records a channelized urban river running through .mp4"
i2v,abl_redmd,ablation: Re-DMD,internal,matched,120s,"A completely fixed, static, tripod-mounted camera records a clear river flowing past a grassy bank a.mp4",15349482,aaf7c5d2d709ed61,i2v_source_repo,"output/eval/abl_redmd/120s/A completely fixed, static, tripod-mounted camera records a clear river flowing past a grassy bank a.mp4"
i2v,abl_redmd,ablation: Re-DMD,internal,matched,120s,"A completely fixed, static, tripod-mounted camera records a dense city at dusk with a massive dark p.mp4",15571644,4fb7df87e052f781,i2v_source_repo,"output/eval/abl_redmd/120s/A completely fixed, static, tripod-mounted camera records a dense city at dusk with a massive dark p.mp4"
i2v,abl_redmd,ablation: Re-DMD,internal,matched,120s,"A completely fixed, static, tripod-mounted camera records a desert dust storm advancing across a fla.mp4",15461260,481eb1ac5380fe8d,i2v_source_repo,"output/eval/abl_redmd/120s/A completely fixed, static, tripod-mounted camera records a desert dust storm advancing across a fla.mp4"
i2v,abl_redmd,ablation: Re-DMD,internal,matched,120s,"A completely fixed, static, tripod-mounted camera records a fast mountain river running through a ro.mp4",15466822,d2fb4ad39331c333,i2v_source_repo,"output/eval/abl_redmd/120s/A completely fixed, static, tripod-mounted camera records a fast mountain river running through a ro.mp4"
i2v,abl_redmd,ablation: Re-DMD,internal,matched,120s,"A completely fixed, static, tripod-mounted camera records a heavy snowfall over a snow-covered alpin.mp4",14749953,f61864828e251511,i2v_source_repo,"output/eval/abl_redmd/120s/A completely fixed, static, tripod-mounted camera records a heavy snowfall over a snow-covered alpin.mp4"
i2v,abl_redmd,ablation: Re-DMD,internal,matched,120s,"A completely fixed, static, tripod-mounted camera records a long row of tall palms thrashing in a tr.mp4",15488447,f3326af3ef9712ee,i2v_source_repo,"output/eval/abl_redmd/120s/A completely fixed, static, tripod-mounted camera records a long row of tall palms thrashing in a tr.mp4"
i2v,abl_redmd,ablation: Re-DMD,internal,matched,120s,"A completely fixed, static, tripod-mounted camera records a nighttime city skyline backed by a large.mp4",15566921,c78816375abdedfb,i2v_source_repo,"output/eval/abl_redmd/120s/A completely fixed, static, tripod-mounted camera records a nighttime city skyline backed by a large.mp4"
i2v,abl_redmd,ablation: Re-DMD,internal,matched,120s,"A completely fixed, static, tripod-mounted camera records a rainy narrow city alley at night in desa.mp4",15473178,a252ddb4b055fd55,i2v_source_repo,"output/eval/abl_redmd/120s/A completely fixed, static, tripod-mounted camera records a rainy narrow city alley at night in desa.mp4"
i2v,abl_redmd,ablation: Re-DMD,internal,matched,120s,"A completely fixed, static, tripod-mounted camera records a swollen flood river spilling across subm.mp4",15376676,7299e25757814d4a,i2v_source_repo,"output/eval/abl_redmd/120s/A completely fixed, static, tripod-mounted camera records a swollen flood river spilling across subm.mp4"
i2v,abl_redmd,ablation: Re-DMD,internal,matched,120s,"A completely fixed, static, tripod-mounted camera records a tree-lined city street in autumn with fa.mp4",15924746,07c14fd75f7661c8,i2v_source_repo,"output/eval/abl_redmd/120s/A completely fixed, static, tripod-mounted camera records a tree-lined city street in autumn with fa.mp4"
i2v,abl_redmd,ablation: Re-DMD,internal,matched,120s,"A completely fixed, static, tripod-mounted camera records a tropical white-sand beach with a leaning.mp4",15293494,aa3cd60f7e414c75,i2v_source_repo,"output/eval/abl_redmd/120s/A completely fixed, static, tripod-mounted camera records a tropical white-sand beach with a leaning.mp4"
i2v,abl_redmd,ablation: Re-DMD,internal,matched,120s,"A completely fixed, static, tripod-mounted camera records an active grass-and-brush wildfire spreadi.mp4",15636472,bcb25941c3d3efd8,i2v_source_repo,"output/eval/abl_redmd/120s/A completely fixed, static, tripod-mounted camera records an active grass-and-brush wildfire spreadi.mp4"
i2v,abl_redmd,ablation: Re-DMD,internal,matched,120s,"A completely fixed, static, tripod-mounted camera records an extremely heavy daytime snowfall over a.mp4",15397817,fed4db105304ef9d,i2v_source_repo,"output/eval/abl_redmd/120s/A completely fixed, static, tripod-mounted camera records an extremely heavy daytime snowfall over a.mp4"
i2v,abl_redmd,ablation: Re-DMD,internal,matched,240s,"A completely fixed, static, close-range tripod-mounted camera records heavy tropical rain pouring of.mp4",30440414,729282899ea367f4,i2v_source_repo,"output/eval/abl_redmd/240s/A completely fixed, static, close-range tripod-mounted camera records heavy tropical rain pouring of.mp4"
i2v,abl_redmd,ablation: Re-DMD,internal,matched,240s,"A completely fixed, static, tripod-mounted camera records a calm tropical bay framed by a large over.mp4",30632252,4939e371e522ba6a,i2v_source_repo,"output/eval/abl_redmd/240s/A completely fixed, static, tripod-mounted camera records a calm tropical bay framed by a large over.mp4"
i2v,abl_redmd,ablation: Re-DMD,internal,matched,240s,"A completely fixed, static, tripod-mounted camera records a historic Kyoto canal lined with traditio.mp4",30918130,2c89b6d6f4087da1,i2v_source_repo,"output/eval/abl_redmd/240s/A completely fixed, static, tripod-mounted camera records a historic Kyoto canal lined with traditio.mp4"
i2v,abl_redmd,ablation: Re-DMD,internal,matched,240s,"A completely fixed, static, tripod-mounted camera records a tranquil tropical beach with leaning pal.mp4",30711088,a1ed51c8c89dd719,i2v_source_repo,"output/eval/abl_redmd/240s/A completely fixed, static, tripod-mounted camera records a tranquil tropical beach with leaning pal.mp4"
i2v,abl_redmd,ablation: Re-DMD,internal,matched,240s,"A completely fixed, static, tripod-mounted camera records an active braided lava flow advancing acro.mp4",30879343,febbd76a5da770da,i2v_source_repo,"output/eval/abl_redmd/240s/A completely fixed, static, tripod-mounted camera records an active braided lava flow advancing acro.mp4"
i2v,abl_rsredmd,ablation: RS+Re-DMD,internal,matched,5s,"A completely fixed, static, macro-closeup tripod-mounted camera records heavy rainfall falling direc.mp4",770584,378247e1c31a8684,i2v_source_repo,"output/eval/abl_rsredmd/5s/A completely fixed, static, macro-closeup tripod-mounted camera records heavy rainfall falling direc.mp4"
i2v,abl_rsredmd,ablation: RS+Re-DMD,internal,matched,5s,"A completely fixed, static, tripod-mounted camera records a burning indoor fireplace from a direct f.mp4",722080,5df2ee87243f91d6,i2v_source_repo,"output/eval/abl_rsredmd/5s/A completely fixed, static, tripod-mounted camera records a burning indoor fireplace from a direct f.mp4"
i2v,abl_rsredmd,ablation: RS+Re-DMD,internal,matched,5s,"A completely fixed, static, tripod-mounted camera records a calm urban river at deep blue twilight f.mp4",736088,75dda6651afbfd4b,i2v_source_repo,"output/eval/abl_rsredmd/5s/A completely fixed, static, tripod-mounted camera records a calm urban river at deep blue twilight f.mp4"
i2v,abl_rsredmd,ablation: RS+Re-DMD,internal,matched,5s,"A completely fixed, static, tripod-mounted camera records a catastrophic desert haboob sandstorm app.mp4",761924,a078d179ba84289f,i2v_source_repo,"output/eval/abl_rsredmd/5s/A completely fixed, static, tripod-mounted camera records a catastrophic desert haboob sandstorm app.mp4"
i2v,abl_rsredmd,ablation: RS+Re-DMD,internal,matched,5s,"A completely fixed, static, tripod-mounted camera records a dense urban residential and commercial d.mp4",738140,d35c3c2db71c2ff7,i2v_source_repo,"output/eval/abl_rsredmd/5s/A completely fixed, static, tripod-mounted camera records a dense urban residential and commercial d.mp4"
i2v,abl_rsredmd,ablation: RS+Re-DMD,internal,matched,5s,"A completely fixed, static, tripod-mounted camera records a historic Kyoto canal lined with cherry b.mp4",752466,f8ab09b418bb307f,i2v_source_repo,"output/eval/abl_rsredmd/5s/A completely fixed, static, tripod-mounted camera records a historic Kyoto canal lined with cherry b.mp4"
i2v,abl_rsredmd,ablation: RS+Re-DMD,internal,matched,5s,"A completely fixed, static, tripod-mounted camera records an active snowfall over the ornate Bow Bri.mp4",759605,c0718c4d5393d896,i2v_source_repo,"output/eval/abl_rsredmd/5s/A completely fixed, static, tripod-mounted camera records an active snowfall over the ornate Bow Bri.mp4"
i2v,abl_rsredmd,ablation: RS+Re-DMD,internal,matched,5s,"A completely fixed, static, tripod-mounted camera records an active volcanic lava flow field at blue.mp4",762276,cc29787298c37f2e,i2v_source_repo,"output/eval/abl_rsredmd/5s/A completely fixed, static, tripod-mounted camera records an active volcanic lava flow field at blue.mp4"
i2v,abl_rsredmd,ablation: RS+Re-DMD,internal,matched,5s,"A completely fixed, static, tripod-mounted camera records an extremely heavy nighttime snowfall on a.mp4",753780,2213ba095fb36083,i2v_source_repo,"output/eval/abl_rsredmd/5s/A completely fixed, static, tripod-mounted camera records an extremely heavy nighttime snowfall on a.mp4"
i2v,abl_rsredmd,ablation: RS+Re-DMD,internal,matched,5s,"A completely fixed, static, tripod-mounted camera records an urban intersection fire and explosion e.mp4",726740,333416dddc4adaeb,i2v_source_repo,"output/eval/abl_rsredmd/5s/A completely fixed, static, tripod-mounted camera records an urban intersection fire and explosion e.mp4"
i2v,abl_rsredmd,ablation: RS+Re-DMD,internal,matched,60s,"A completely fixed, static, macro tripod-mounted camera records heavy urban rainfall from an extreme.mp4",7721642,aff8e57795cd221f,i2v_source_repo,"output/eval/abl_rsredmd/60s/A completely fixed, static, macro tripod-mounted camera records heavy urban rainfall from an extreme.mp4"
i2v,abl_rsredmd,ablation: RS+Re-DMD,internal,matched,60s,"A completely fixed, static, macro-range tripod-mounted camera records a rain-streaked window pane wi.mp4",7690457,f756c5c60f0481d5,i2v_source_repo,"output/eval/abl_rsredmd/60s/A completely fixed, static, macro-range tripod-mounted camera records a rain-streaked window pane wi.mp4"
i2v,abl_rsredmd,ablation: RS+Re-DMD,internal,matched,60s,"A completely fixed, static, tripod-mounted camera records a burning forest campfire at night from a .mp4",7597717,2f1795098a60769f,i2v_source_repo,"output/eval/abl_rsredmd/60s/A completely fixed, static, tripod-mounted camera records a burning forest campfire at night from a .mp4"
i2v,abl_rsredmd,ablation: RS+Re-DMD,internal,matched,60s,"A completely fixed, static, tripod-mounted camera records a calm overcast coastal beach scene from a.mp4",7698427,bee27f7fada6c9a4,i2v_source_repo,"output/eval/abl_rsredmd/60s/A completely fixed, static, tripod-mounted camera records a calm overcast coastal beach scene from a.mp4"
i2v,abl_rsredmd,ablation: RS+Re-DMD,internal,matched,60s,"A completely fixed, static, tripod-mounted camera records a calm winter river from a slightly elevat.mp4",7413130,d0531f978d83dabd,i2v_source_repo,"output/eval/abl_rsredmd/60s/A completely fixed, static, tripod-mounted camera records a calm winter river from a slightly elevat.mp4"
i2v,abl_rsredmd,ablation: RS+Re-DMD,internal,matched,60s,"A completely fixed, static, tripod-mounted camera records a clear summer forest stream with boulder .mp4",7601112,6cd67896bcf33d78,i2v_source_repo,"output/eval/abl_rsredmd/60s/A completely fixed, static, tripod-mounted camera records a clear summer forest stream with boulder .mp4"
i2v,abl_rsredmd,ablation: RS+Re-DMD,internal,matched,60s,"A completely fixed, static, tripod-mounted camera records a coastal tuff cone headland and the open .mp4",7551294,50b0c477f8b5620e,i2v_source_repo,"output/eval/abl_rsredmd/60s/A completely fixed, static, tripod-mounted camera records a coastal tuff cone headland and the open .mp4"
i2v,abl_rsredmd,ablation: RS+Re-DMD,internal,matched,60s,"A completely fixed, static, tripod-mounted camera records a desert dust storm sweeping across a flat.mp4",7524917,c0ee2f8d00a46b43,i2v_source_repo,"output/eval/abl_rsredmd/60s/A completely fixed, static, tripod-mounted camera records a desert dust storm sweeping across a flat.mp4"
i2v,abl_rsredmd,ablation: RS+Re-DMD,internal,matched,60s,"A completely fixed, static, tripod-mounted camera records a fast mountain river cascading over a bou.mp4",7571804,332c253db57228f7,i2v_source_repo,"output/eval/abl_rsredmd/60s/A completely fixed, static, tripod-mounted camera records a fast mountain river cascading over a bou.mp4"
i2v,abl_rsredmd,ablation: RS+Re-DMD,internal,matched,60s,"A completely fixed, static, tripod-mounted camera records a gentle clear forest stream in a lush gre.mp4",7435192,7a63fde16d779aef,i2v_source_repo,"output/eval/abl_rsredmd/60s/A completely fixed, static, tripod-mounted camera records a gentle clear forest stream in a lush gre.mp4"
i2v,abl_rsredmd,ablation: RS+Re-DMD,internal,matched,60s,"A completely fixed, static, tripod-mounted camera records a heavy daytime snowstorm on a dense city .mp4",7478703,beb3cfd2e0f39a41,i2v_source_repo,"output/eval/abl_rsredmd/60s/A completely fixed, static, tripod-mounted camera records a heavy daytime snowstorm on a dense city .mp4"
i2v,abl_rsredmd,ablation: RS+Re-DMD,internal,matched,60s,"A completely fixed, static, tripod-mounted camera records a heavy nighttime snowfall on a quiet hist.mp4",7608985,f5192a3b287c8749,i2v_source_repo,"output/eval/abl_rsredmd/60s/A completely fixed, static, tripod-mounted camera records a heavy nighttime snowfall on a quiet hist.mp4"
i2v,abl_rsredmd,ablation: RS+Re-DMD,internal,matched,60s,"A completely fixed, static, tripod-mounted camera records a lone windswept pine clinging to a bare r.mp4",7630622,cd92da3d1dad1938,i2v_source_repo,"output/eval/abl_rsredmd/60s/A completely fixed, static, tripod-mounted camera records a lone windswept pine clinging to a bare r.mp4"
i2v,abl_rsredmd,ablation: RS+Re-DMD,internal,matched,60s,"A completely fixed, static, tripod-mounted camera records a multi-tiered cascading forest stream fro.mp4",7529791,02c71a472caab1f9,i2v_source_repo,"output/eval/abl_rsredmd/60s/A completely fixed, static, tripod-mounted camera records a multi-tiered cascading forest stream fro.mp4"
i2v,abl_rsredmd,ablation: RS+Re-DMD,internal,matched,60s,"A completely fixed, static, tripod-mounted camera records a quiet urban park river at night. The cam.mp4",7511224,bed869111c44437f,i2v_source_repo,"output/eval/abl_rsredmd/60s/A completely fixed, static, tripod-mounted camera records a quiet urban park river at night. The cam.mp4"
i2v,abl_rsredmd,ablation: RS+Re-DMD,internal,matched,60s,"A completely fixed, static, tripod-mounted camera records a rain-drenched forest path in late aftern.mp4",7464282,981e8760a9f05d15,i2v_source_repo,"output/eval/abl_rsredmd/60s/A completely fixed, static, tripod-mounted camera records a rain-drenched forest path in late aftern.mp4"
i2v,abl_rsredmd,ablation: RS+Re-DMD,internal,matched,60s,"A completely fixed, static, tripod-mounted camera records a swollen muddy flood torrent surging thro.mp4",7628836,c8a6e6dd02eb0d42,i2v_source_repo,"output/eval/abl_rsredmd/60s/A completely fixed, static, tripod-mounted camera records a swollen muddy flood torrent surging thro.mp4"
i2v,abl_rsredmd,ablation: RS+Re-DMD,internal,matched,60s,"A completely fixed, static, tripod-mounted camera records a swollen winter flood river from a low ba.mp4",7577026,5f7ddbd7c79a3981,i2v_source_repo,"output/eval/abl_rsredmd/60s/A completely fixed, static, tripod-mounted camera records a swollen winter flood river from a low ba.mp4"
i2v,abl_rsredmd,ablation: RS+Re-DMD,internal,matched,60s,"A completely fixed, static, tripod-mounted camera records a tranquil moonlit ocean seascape at night.mp4",7635651,170747730a6538de,i2v_source_repo,"output/eval/abl_rsredmd/60s/A completely fixed, static, tripod-mounted camera records a tranquil moonlit ocean seascape at night.mp4"
i2v,abl_rsredmd,ablation: RS+Re-DMD,internal,matched,60s,"A completely fixed, static, tripod-mounted camera records a tranquil street in a Japanese city durin.mp4",7407060,8602359240a7deb4,i2v_source_repo,"output/eval/abl_rsredmd/60s/A completely fixed, static, tripod-mounted camera records a tranquil street in a Japanese city durin.mp4"
i2v,abl_rsredmd,ablation: RS+Re-DMD,internal,matched,60s,"A completely fixed, static, tripod-mounted camera records a tropical beach with overhanging coconut .mp4",7527370,24340e38294b0134,i2v_source_repo,"output/eval/abl_rsredmd/60s/A completely fixed, static, tripod-mounted camera records a tropical beach with overhanging coconut .mp4"
i2v,abl_rsredmd,ablation: RS+Re-DMD,internal,matched,60s,"A completely fixed, static, tripod-mounted camera records a violent volcanic eruption at deep blue h.mp4",7709627,bb83ec25ece0720e,i2v_source_repo,"output/eval/abl_rsredmd/60s/A completely fixed, static, tripod-mounted camera records a violent volcanic eruption at deep blue h.mp4"
i2v,abl_rsredmd,ablation: RS+Re-DMD,internal,matched,60s,"A completely fixed, static, tripod-mounted camera records an active snowfall in a dense mountain spr.mp4",7415789,30e244484c94a562,i2v_source_repo,"output/eval/abl_rsredmd/60s/A completely fixed, static, tripod-mounted camera records an active snowfall in a dense mountain spr.mp4"
i2v,abl_rsredmd,ablation: RS+Re-DMD,internal,matched,60s,"A completely fixed, static, tripod-mounted camera records an active snowfall over a wide open alpine.mp4",7324657,6e1008437902228b,i2v_source_repo,"output/eval/abl_rsredmd/60s/A completely fixed, static, tripod-mounted camera records an active snowfall over a wide open alpine.mp4"
i2v,abl_rsredmd,ablation: RS+Re-DMD,internal,matched,60s,"A completely fixed, static, tripod-mounted camera records an active volcanic lava ocean entry event .mp4",7773362,b9556af123c44772,i2v_source_repo,"output/eval/abl_rsredmd/60s/A completely fixed, static, tripod-mounted camera records an active volcanic lava ocean entry event .mp4"
i2v,abl_rsredmd,ablation: RS+Re-DMD,internal,matched,60s,"A completely fixed, static, tripod-mounted camera records an erupting stratovolcano at golden sunset.mp4",7660140,345930ec1cad5070,i2v_source_repo,"output/eval/abl_rsredmd/60s/A completely fixed, static, tripod-mounted camera records an erupting stratovolcano at golden sunset.mp4"
i2v,abl_rsredmd,ablation: RS+Re-DMD,internal,matched,60s,"A completely fixed, static, tripod-mounted camera records an extremely heavy nighttime snowfall on a.mp4",7672137,7cbe87d39f265d55,i2v_source_repo,"output/eval/abl_rsredmd/60s/A completely fixed, static, tripod-mounted camera records an extremely heavy nighttime snowfall on a.mp4"
i2v,abl_rsredmd,ablation: RS+Re-DMD,internal,matched,60s,"A completely fixed, static, tripod-mounted camera records moderate rainfall in a cultivated garden a.mp4",7526626,c01691fa9f2d3db2,i2v_source_repo,"output/eval/abl_rsredmd/60s/A completely fixed, static, tripod-mounted camera records moderate rainfall in a cultivated garden a.mp4"
i2v,abl_rsredmd,ablation: RS+Re-DMD,internal,matched,60s,"A completely fixed, static, tripod-mounted camera records the underside of a long concrete river bri.mp4",7564983,75ef24dc7a20d939,i2v_source_repo,"output/eval/abl_rsredmd/60s/A completely fixed, static, tripod-mounted camera records the underside of a long concrete river bri.mp4"
i2v,abl_rsredmd,ablation: RS+Re-DMD,internal,matched,60s,"A completely fixed, static, tripod-mounted camera records two coconut palms thrashing in a violent t.mp4",7724629,4a17dc7ff06aaa39,i2v_source_repo,"output/eval/abl_rsredmd/60s/A completely fixed, static, tripod-mounted camera records two coconut palms thrashing in a violent t.mp4"
i2v,abl_rsredmd,ablation: RS+Re-DMD,internal,matched,120s,"A completely fixed, static, aerial tripod-mounted camera records an active lava flow cutting through.mp4",15551146,af77a58819f2c36e,i2v_source_repo,"output/eval/abl_rsredmd/120s/A completely fixed, static, aerial tripod-mounted camera records an active lava flow cutting through.mp4"
i2v,abl_rsredmd,ablation: RS+Re-DMD,internal,matched,120s,"A completely fixed, static, close-range tripod-mounted camera records a massive open-ocean wave pitc.mp4",15363564,54e9a4fe61d5cf01,i2v_source_repo,"output/eval/abl_rsredmd/120s/A completely fixed, static, close-range tripod-mounted camera records a massive open-ocean wave pitc.mp4"
i2v,abl_rsredmd,ablation: RS+Re-DMD,internal,matched,120s,"A completely fixed, static, close-range tripod-mounted camera records a single large ocean wave curl.mp4",15554781,199e5c84bf1b14bc,i2v_source_repo,"output/eval/abl_rsredmd/120s/A completely fixed, static, close-range tripod-mounted camera records a single large ocean wave curl.mp4"
i2v,abl_rsredmd,ablation: RS+Re-DMD,internal,matched,120s,"A completely fixed, static, close-range tripod-mounted camera records a small forest creek cascading.mp4",15199712,f3a96efc68b5ed1f,i2v_source_repo,"output/eval/abl_rsredmd/120s/A completely fixed, static, close-range tripod-mounted camera records a small forest creek cascading.mp4"
i2v,abl_rsredmd,ablation: RS+Re-DMD,internal,matched,120s,"A completely fixed, static, low-water-level tripod-mounted camera records a calm mountain river flow.mp4",15366108,1615a853a555ab8e,i2v_source_repo,"output/eval/abl_rsredmd/120s/A completely fixed, static, low-water-level tripod-mounted camera records a calm mountain river flow.mp4"
i2v,abl_rsredmd,ablation: RS+Re-DMD,internal,matched,120s,"A completely fixed, static, tripod-mounted camera records a bright blue sky filled with drifting whi.mp4",15913642,2fc1cd2c09bd22d3,i2v_source_repo,"output/eval/abl_rsredmd/120s/A completely fixed, static, tripod-mounted camera records a bright blue sky filled with drifting whi.mp4"
i2v,abl_rsredmd,ablation: RS+Re-DMD,internal,matched,120s,"A completely fixed, static, tripod-mounted camera records a channelized urban river running through .mp4",15146442,579fb2b053d8ebd3,i2v_source_repo,"output/eval/abl_rsredmd/120s/A completely fixed, static, tripod-mounted camera records a channelized urban river running through .mp4"
i2v,abl_rsredmd,ablation: RS+Re-DMD,internal,matched,120s,"A completely fixed, static, tripod-mounted camera records a clear river flowing past a grassy bank a.mp4",15188725,f2c3c5ee8452ca6d,i2v_source_repo,"output/eval/abl_rsredmd/120s/A completely fixed, static, tripod-mounted camera records a clear river flowing past a grassy bank a.mp4"
i2v,abl_rsredmd,ablation: RS+Re-DMD,internal,matched,120s,"A completely fixed, static, tripod-mounted camera records a dense city at dusk with a massive dark p.mp4",15238216,7f627c471cf0ed51,i2v_source_repo,"output/eval/abl_rsredmd/120s/A completely fixed, static, tripod-mounted camera records a dense city at dusk with a massive dark p.mp4"
i2v,abl_rsredmd,ablation: RS+Re-DMD,internal,matched,120s,"A completely fixed, static, tripod-mounted camera records a desert dust storm advancing across a fla.mp4",15217032,1beddd9614e4079a,i2v_source_repo,"output/eval/abl_rsredmd/120s/A completely fixed, static, tripod-mounted camera records a desert dust storm advancing across a fla.mp4"
i2v,abl_rsredmd,ablation: RS+Re-DMD,internal,matched,120s,"A completely fixed, static, tripod-mounted camera records a fast mountain river running through a ro.mp4",15252009,cc2e3092feb1e46e,i2v_source_repo,"output/eval/abl_rsredmd/120s/A completely fixed, static, tripod-mounted camera records a fast mountain river running through a ro.mp4"
i2v,abl_rsredmd,ablation: RS+Re-DMD,internal,matched,120s,"A completely fixed, static, tripod-mounted camera records a heavy snowfall over a snow-covered alpin.mp4",15345018,d02941391c8df178,i2v_source_repo,"output/eval/abl_rsredmd/120s/A completely fixed, static, tripod-mounted camera records a heavy snowfall over a snow-covered alpin.mp4"
i2v,abl_rsredmd,ablation: RS+Re-DMD,internal,matched,120s,"A completely fixed, static, tripod-mounted camera records a long row of tall palms thrashing in a tr.mp4",15275674,0ec5490253fd62d2,i2v_source_repo,"output/eval/abl_rsredmd/120s/A completely fixed, static, tripod-mounted camera records a long row of tall palms thrashing in a tr.mp4"
i2v,abl_rsredmd,ablation: RS+Re-DMD,internal,matched,120s,"A completely fixed, static, tripod-mounted camera records a nighttime city skyline backed by a large.mp4",15244272,d86e84980acf83df,i2v_source_repo,"output/eval/abl_rsredmd/120s/A completely fixed, static, tripod-mounted camera records a nighttime city skyline backed by a large.mp4"
i2v,abl_rsredmd,ablation: RS+Re-DMD,internal,matched,120s,"A completely fixed, static, tripod-mounted camera records a rainy narrow city alley at night in desa.mp4",15246737,8c23dbe80f7b77b7,i2v_source_repo,"output/eval/abl_rsredmd/120s/A completely fixed, static, tripod-mounted camera records a rainy narrow city alley at night in desa.mp4"
i2v,abl_rsredmd,ablation: RS+Re-DMD,internal,matched,120s,"A completely fixed, static, tripod-mounted camera records a swollen flood river spilling across subm.mp4",15258169,e0e20f798e649936,i2v_source_repo,"output/eval/abl_rsredmd/120s/A completely fixed, static, tripod-mounted camera records a swollen flood river spilling across subm.mp4"
i2v,abl_rsredmd,ablation: RS+Re-DMD,internal,matched,120s,"A completely fixed, static, tripod-mounted camera records a tree-lined city street in autumn with fa.mp4",15212880,e73706f463748a61,i2v_source_repo,"output/eval/abl_rsredmd/120s/A completely fixed, static, tripod-mounted camera records a tree-lined city street in autumn with fa.mp4"
i2v,abl_rsredmd,ablation: RS+Re-DMD,internal,matched,120s,"A completely fixed, static, tripod-mounted camera records a tropical white-sand beach with a leaning.mp4",15216769,fc5df4bdf369eb31,i2v_source_repo,"output/eval/abl_rsredmd/120s/A completely fixed, static, tripod-mounted camera records a tropical white-sand beach with a leaning.mp4"
i2v,abl_rsredmd,ablation: RS+Re-DMD,internal,matched,120s,"A completely fixed, static, tripod-mounted camera records an active grass-and-brush wildfire spreadi.mp4",15331661,31720256d2b286b0,i2v_source_repo,"output/eval/abl_rsredmd/120s/A completely fixed, static, tripod-mounted camera records an active grass-and-brush wildfire spreadi.mp4"
i2v,abl_rsredmd,ablation: RS+Re-DMD,internal,matched,120s,"A completely fixed, static, tripod-mounted camera records an extremely heavy daytime snowfall over a.mp4",15264889,24d8df730ddbf44e,i2v_source_repo,"output/eval/abl_rsredmd/120s/A completely fixed, static, tripod-mounted camera records an extremely heavy daytime snowfall over a.mp4"
i2v,abl_rsredmd,ablation: RS+Re-DMD,internal,matched,240s,"A completely fixed, static, close-range tripod-mounted camera records heavy tropical rain pouring of.mp4",30565149,ca19cfc04adaeee8,i2v_source_repo,"output/eval/abl_rsredmd/240s/A completely fixed, static, close-range tripod-mounted camera records heavy tropical rain pouring of.mp4"
i2v,abl_rsredmd,ablation: RS+Re-DMD,internal,matched,240s,"A completely fixed, static, tripod-mounted camera records a calm tropical bay framed by a large over.mp4",30639040,72daa7a235cb07da,i2v_source_repo,"output/eval/abl_rsredmd/240s/A completely fixed, static, tripod-mounted camera records a calm tropical bay framed by a large over.mp4"
i2v,abl_rsredmd,ablation: RS+Re-DMD,internal,matched,240s,"A completely fixed, static, tripod-mounted camera records a historic Kyoto canal lined with traditio.mp4",30625614,6f4555723fef3f9a,i2v_source_repo,"output/eval/abl_rsredmd/240s/A completely fixed, static, tripod-mounted camera records a historic Kyoto canal lined with traditio.mp4"
i2v,abl_rsredmd,ablation: RS+Re-DMD,internal,matched,240s,"A completely fixed, static, tripod-mounted camera records a tranquil tropical beach with leaning pal.mp4",30723858,ea4b1433b4b7b1a7,i2v_source_repo,"output/eval/abl_rsredmd/240s/A completely fixed, static, tripod-mounted camera records a tranquil tropical beach with leaning pal.mp4"
i2v,abl_rsredmd,ablation: RS+Re-DMD,internal,matched,240s,"A completely fixed, static, tripod-mounted camera records an active braided lava flow advancing acro.mp4",30649431,a5627843d625bf1d,i2v_source_repo,"output/eval/abl_rsredmd/240s/A completely fixed, static, tripod-mounted camera records an active braided lava flow advancing acro.mp4"
i2v,abl_v2,ablation: v2,internal,matched,5s,"A completely fixed, static, macro-closeup tripod-mounted camera records heavy rainfall falling direc.mp4",742786,64dea69bbc56fc63,i2v_source_repo,"output/eval/abl_v2/5s/A completely fixed, static, macro-closeup tripod-mounted camera records heavy rainfall falling direc.mp4"
i2v,abl_v2,ablation: v2,internal,matched,5s,"A completely fixed, static, tripod-mounted camera records a burning indoor fireplace from a direct f.mp4",741045,11b3ec0c643dba44,i2v_source_repo,"output/eval/abl_v2/5s/A completely fixed, static, tripod-mounted camera records a burning indoor fireplace from a direct f.mp4"
i2v,abl_v2,ablation: v2,internal,matched,5s,"A completely fixed, static, tripod-mounted camera records a calm urban river at deep blue twilight f.mp4",751229,b75d0618b6715fa4,i2v_source_repo,"output/eval/abl_v2/5s/A completely fixed, static, tripod-mounted camera records a calm urban river at deep blue twilight f.mp4"
i2v,abl_v2,ablation: v2,internal,matched,5s,"A completely fixed, static, tripod-mounted camera records a catastrophic desert haboob sandstorm app.mp4",753972,1ee8ede1bdf972a3,i2v_source_repo,"output/eval/abl_v2/5s/A completely fixed, static, tripod-mounted camera records a catastrophic desert haboob sandstorm app.mp4"
i2v,abl_v2,ablation: v2,internal,matched,5s,"A completely fixed, static, tripod-mounted camera records a dense urban residential and commercial d.mp4",739463,a4e8f6dd60dca376,i2v_source_repo,"output/eval/abl_v2/5s/A completely fixed, static, tripod-mounted camera records a dense urban residential and commercial d.mp4"
i2v,abl_v2,ablation: v2,internal,matched,5s,"A completely fixed, static, tripod-mounted camera records a historic Kyoto canal lined with cherry b.mp4",748678,1a2d799e293406ef,i2v_source_repo,"output/eval/abl_v2/5s/A completely fixed, static, tripod-mounted camera records a historic Kyoto canal lined with cherry b.mp4"
i2v,abl_v2,ablation: v2,internal,matched,5s,"A completely fixed, static, tripod-mounted camera records an active snowfall over the ornate Bow Bri.mp4",756462,bffd396a617b23ab,i2v_source_repo,"output/eval/abl_v2/5s/A completely fixed, static, tripod-mounted camera records an active snowfall over the ornate Bow Bri.mp4"
i2v,abl_v2,ablation: v2,internal,matched,5s,"A completely fixed, static, tripod-mounted camera records an active volcanic lava flow field at blue.mp4",740326,89b09a441609a92a,i2v_source_repo,"output/eval/abl_v2/5s/A completely fixed, static, tripod-mounted camera records an active volcanic lava flow field at blue.mp4"
i2v,abl_v2,ablation: v2,internal,matched,5s,"A completely fixed, static, tripod-mounted camera records an extremely heavy nighttime snowfall on a.mp4",751202,40635ba39d1276f2,i2v_source_repo,"output/eval/abl_v2/5s/A completely fixed, static, tripod-mounted camera records an extremely heavy nighttime snowfall on a.mp4"
i2v,abl_v2,ablation: v2,internal,matched,5s,"A completely fixed, static, tripod-mounted camera records an urban intersection fire and explosion e.mp4",721530,75c2b8b9c4133202,i2v_source_repo,"output/eval/abl_v2/5s/A completely fixed, static, tripod-mounted camera records an urban intersection fire and explosion e.mp4"
i2v,abl_v2,ablation: v2,internal,matched,60s,"A completely fixed, static, macro tripod-mounted camera records heavy urban rainfall from an extreme.mp4",7644459,b26c900265cc6626,i2v_source_repo,"output/eval/abl_v2/60s/A completely fixed, static, macro tripod-mounted camera records heavy urban rainfall from an extreme.mp4"
i2v,abl_v2,ablation: v2,internal,matched,60s,"A completely fixed, static, macro-range tripod-mounted camera records a rain-streaked window pane wi.mp4",7539517,6e4b37510f1d5892,i2v_source_repo,"output/eval/abl_v2/60s/A completely fixed, static, macro-range tripod-mounted camera records a rain-streaked window pane wi.mp4"
i2v,abl_v2,ablation: v2,internal,matched,60s,"A completely fixed, static, tripod-mounted camera records a burning forest campfire at night from a .mp4",7633660,5e1f56dff9a2862f,i2v_source_repo,"output/eval/abl_v2/60s/A completely fixed, static, tripod-mounted camera records a burning forest campfire at night from a .mp4"
i2v,abl_v2,ablation: v2,internal,matched,60s,"A completely fixed, static, tripod-mounted camera records a calm overcast coastal beach scene from a.mp4",7730477,a3d982adf15923bf,i2v_source_repo,"output/eval/abl_v2/60s/A completely fixed, static, tripod-mounted camera records a calm overcast coastal beach scene from a.mp4"
i2v,abl_v2,ablation: v2,internal,matched,60s,"A completely fixed, static, tripod-mounted camera records a calm winter river from a slightly elevat.mp4",7532331,bd93bc8f549cbe8a,i2v_source_repo,"output/eval/abl_v2/60s/A completely fixed, static, tripod-mounted camera records a calm winter river from a slightly elevat.mp4"
i2v,abl_v2,ablation: v2,internal,matched,60s,"A completely fixed, static, tripod-mounted camera records a clear summer forest stream with boulder .mp4",7607939,53c5e495a17b7098,i2v_source_repo,"output/eval/abl_v2/60s/A completely fixed, static, tripod-mounted camera records a clear summer forest stream with boulder .mp4"
i2v,abl_v2,ablation: v2,internal,matched,60s,"A completely fixed, static, tripod-mounted camera records a coastal tuff cone headland and the open .mp4",7573852,99eab426675a7ba9,i2v_source_repo,"output/eval/abl_v2/60s/A completely fixed, static, tripod-mounted camera records a coastal tuff cone headland and the open .mp4"
i2v,abl_v2,ablation: v2,internal,matched,60s,"A completely fixed, static, tripod-mounted camera records a desert dust storm sweeping across a flat.mp4",7615660,ea121986406a8114,i2v_source_repo,"output/eval/abl_v2/60s/A completely fixed, static, tripod-mounted camera records a desert dust storm sweeping across a flat.mp4"
i2v,abl_v2,ablation: v2,internal,matched,60s,"A completely fixed, static, tripod-mounted camera records a fast mountain river cascading over a bou.mp4",7675432,c2e58e92e39dc460,i2v_source_repo,"output/eval/abl_v2/60s/A completely fixed, static, tripod-mounted camera records a fast mountain river cascading over a bou.mp4"
i2v,abl_v2,ablation: v2,internal,matched,60s,"A completely fixed, static, tripod-mounted camera records a gentle clear forest stream in a lush gre.mp4",7505114,d53cb2a9417541d3,i2v_source_repo,"output/eval/abl_v2/60s/A completely fixed, static, tripod-mounted camera records a gentle clear forest stream in a lush gre.mp4"
i2v,abl_v2,ablation: v2,internal,matched,60s,"A completely fixed, static, tripod-mounted camera records a heavy daytime snowstorm on a dense city .mp4",7491679,9eee27b3abf61776,i2v_source_repo,"output/eval/abl_v2/60s/A completely fixed, static, tripod-mounted camera records a heavy daytime snowstorm on a dense city .mp4"
i2v,abl_v2,ablation: v2,internal,matched,60s,"A completely fixed, static, tripod-mounted camera records a heavy nighttime snowfall on a quiet hist.mp4",7544354,502238e5a2fce139,i2v_source_repo,"output/eval/abl_v2/60s/A completely fixed, static, tripod-mounted camera records a heavy nighttime snowfall on a quiet hist.mp4"
i2v,abl_v2,ablation: v2,internal,matched,60s,"A completely fixed, static, tripod-mounted camera records a lone windswept pine clinging to a bare r.mp4",7558505,81c061f1aca2371e,i2v_source_repo,"output/eval/abl_v2/60s/A completely fixed, static, tripod-mounted camera records a lone windswept pine clinging to a bare r.mp4"
i2v,abl_v2,ablation: v2,internal,matched,60s,"A completely fixed, static, tripod-mounted camera records a multi-tiered cascading forest stream fro.mp4",7592991,7148b2edba81a269,i2v_source_repo,"output/eval/abl_v2/60s/A completely fixed, static, tripod-mounted camera records a multi-tiered cascading forest stream fro.mp4"
i2v,abl_v2,ablation: v2,internal,matched,60s,"A completely fixed, static, tripod-mounted camera records a quiet urban park river at night. The cam.mp4",7537989,d9afe973db6010e6,i2v_source_repo,"output/eval/abl_v2/60s/A completely fixed, static, tripod-mounted camera records a quiet urban park river at night. The cam.mp4"
i2v,abl_v2,ablation: v2,internal,matched,60s,"A completely fixed, static, tripod-mounted camera records a rain-drenched forest path in late aftern.mp4",7495320,199a053d075dd684,i2v_source_repo,"output/eval/abl_v2/60s/A completely fixed, static, tripod-mounted camera records a rain-drenched forest path in late aftern.mp4"
i2v,abl_v2,ablation: v2,internal,matched,60s,"A completely fixed, static, tripod-mounted camera records a swollen muddy flood torrent surging thro.mp4",7601674,616e8d5a86cab930,i2v_source_repo,"output/eval/abl_v2/60s/A completely fixed, static, tripod-mounted camera records a swollen muddy flood torrent surging thro.mp4"
i2v,abl_v2,ablation: v2,internal,matched,60s,"A completely fixed, static, tripod-mounted camera records a swollen winter flood river from a low ba.mp4",7562490,7665e9aabfec8a04,i2v_source_repo,"output/eval/abl_v2/60s/A completely fixed, static, tripod-mounted camera records a swollen winter flood river from a low ba.mp4"
i2v,abl_v2,ablation: v2,internal,matched,60s,"A completely fixed, static, tripod-mounted camera records a tranquil moonlit ocean seascape at night.mp4",7602802,8d775fa14340e57a,i2v_source_repo,"output/eval/abl_v2/60s/A completely fixed, static, tripod-mounted camera records a tranquil moonlit ocean seascape at night.mp4"
i2v,abl_v2,ablation: v2,internal,matched,60s,"A completely fixed, static, tripod-mounted camera records a tranquil street in a Japanese city durin.mp4",7542961,a1258a51050e09ea,i2v_source_repo,"output/eval/abl_v2/60s/A completely fixed, static, tripod-mounted camera records a tranquil street in a Japanese city durin.mp4"
i2v,abl_v2,ablation: v2,internal,matched,60s,"A completely fixed, static, tripod-mounted camera records a tropical beach with overhanging coconut .mp4",7594070,6a0d18751aafe839,i2v_source_repo,"output/eval/abl_v2/60s/A completely fixed, static, tripod-mounted camera records a tropical beach with overhanging coconut .mp4"
i2v,abl_v2,ablation: v2,internal,matched,60s,"A completely fixed, static, tripod-mounted camera records a violent volcanic eruption at deep blue h.mp4",7827187,3e83f1ed09dbef0c,i2v_source_repo,"output/eval/abl_v2/60s/A completely fixed, static, tripod-mounted camera records a violent volcanic eruption at deep blue h.mp4"
i2v,abl_v2,ablation: v2,internal,matched,60s,"A completely fixed, static, tripod-mounted camera records an active snowfall in a dense mountain spr.mp4",7362668,df556c5811d79a96,i2v_source_repo,"output/eval/abl_v2/60s/A completely fixed, static, tripod-mounted camera records an active snowfall in a dense mountain spr.mp4"
i2v,abl_v2,ablation: v2,internal,matched,60s,"A completely fixed, static, tripod-mounted camera records an active snowfall over a wide open alpine.mp4",7395150,7a93368d508d7a79,i2v_source_repo,"output/eval/abl_v2/60s/A completely fixed, static, tripod-mounted camera records an active snowfall over a wide open alpine.mp4"
i2v,abl_v2,ablation: v2,internal,matched,60s,"A completely fixed, static, tripod-mounted camera records an active volcanic lava ocean entry event .mp4",7820746,a7cceeeb12a63f6b,i2v_source_repo,"output/eval/abl_v2/60s/A completely fixed, static, tripod-mounted camera records an active volcanic lava ocean entry event .mp4"
i2v,abl_v2,ablation: v2,internal,matched,60s,"A completely fixed, static, tripod-mounted camera records an erupting stratovolcano at golden sunset.mp4",7667546,bb19d02d14cda98b,i2v_source_repo,"output/eval/abl_v2/60s/A completely fixed, static, tripod-mounted camera records an erupting stratovolcano at golden sunset.mp4"
i2v,abl_v2,ablation: v2,internal,matched,60s,"A completely fixed, static, tripod-mounted camera records an extremely heavy nighttime snowfall on a.mp4",7661690,2b874579ae2bcd8c,i2v_source_repo,"output/eval/abl_v2/60s/A completely fixed, static, tripod-mounted camera records an extremely heavy nighttime snowfall on a.mp4"
i2v,abl_v2,ablation: v2,internal,matched,60s,"A completely fixed, static, tripod-mounted camera records moderate rainfall in a cultivated garden a.mp4",7612767,65709e419b19f3f7,i2v_source_repo,"output/eval/abl_v2/60s/A completely fixed, static, tripod-mounted camera records moderate rainfall in a cultivated garden a.mp4"
i2v,abl_v2,ablation: v2,internal,matched,60s,"A completely fixed, static, tripod-mounted camera records the underside of a long concrete river bri.mp4",7624618,3cced5f95f9a2ddb,i2v_source_repo,"output/eval/abl_v2/60s/A completely fixed, static, tripod-mounted camera records the underside of a long concrete river bri.mp4"
i2v,abl_v2,ablation: v2,internal,matched,60s,"A completely fixed, static, tripod-mounted camera records two coconut palms thrashing in a violent t.mp4",7703831,e587d0357aa01cf0,i2v_source_repo,"output/eval/abl_v2/60s/A completely fixed, static, tripod-mounted camera records two coconut palms thrashing in a violent t.mp4"
i2v,abl_v2,ablation: v2,internal,matched,120s,"A completely fixed, static, aerial tripod-mounted camera records an active lava flow cutting through.mp4",15466688,e5fcd857a6808b3c,i2v_source_repo,"output/eval/abl_v2/120s/A completely fixed, static, aerial tripod-mounted camera records an active lava flow cutting through.mp4"
i2v,abl_v2,ablation: v2,internal,matched,120s,"A completely fixed, static, close-range tripod-mounted camera records a massive open-ocean wave pitc.mp4",15385831,57962288d8958264,i2v_source_repo,"output/eval/abl_v2/120s/A completely fixed, static, close-range tripod-mounted camera records a massive open-ocean wave pitc.mp4"
i2v,abl_v2,ablation: v2,internal,matched,120s,"A completely fixed, static, close-range tripod-mounted camera records a single large ocean wave curl.mp4",15581853,74027b28c8a811e2,i2v_source_repo,"output/eval/abl_v2/120s/A completely fixed, static, close-range tripod-mounted camera records a single large ocean wave curl.mp4"
i2v,abl_v2,ablation: v2,internal,matched,120s,"A completely fixed, static, close-range tripod-mounted camera records a small forest creek cascading.mp4",15271143,6d756985577ac1c1,i2v_source_repo,"output/eval/abl_v2/120s/A completely fixed, static, close-range tripod-mounted camera records a small forest creek cascading.mp4"
i2v,abl_v2,ablation: v2,internal,matched,120s,"A completely fixed, static, low-water-level tripod-mounted camera records a calm mountain river flow.mp4",15311119,ce8e578cdb0ad96e,i2v_source_repo,"output/eval/abl_v2/120s/A completely fixed, static, low-water-level tripod-mounted camera records a calm mountain river flow.mp4"
i2v,abl_v2,ablation: v2,internal,matched,120s,"A completely fixed, static, tripod-mounted camera records a bright blue sky filled with drifting whi.mp4",15607502,3ad281f4b751dbb0,i2v_source_repo,"output/eval/abl_v2/120s/A completely fixed, static, tripod-mounted camera records a bright blue sky filled with drifting whi.mp4"
i2v,abl_v2,ablation: v2,internal,matched,120s,"A completely fixed, static, tripod-mounted camera records a channelized urban river running through .mp4",15185301,27053e93bb3a1977,i2v_source_repo,"output/eval/abl_v2/120s/A completely fixed, static, tripod-mounted camera records a channelized urban river running through .mp4"
i2v,abl_v2,ablation: v2,internal,matched,120s,"A completely fixed, static, tripod-mounted camera records a clear river flowing past a grassy bank a.mp4",15247263,576d6eaa1d9801a7,i2v_source_repo,"output/eval/abl_v2/120s/A completely fixed, static, tripod-mounted camera records a clear river flowing past a grassy bank a.mp4"
i2v,abl_v2,ablation: v2,internal,matched,120s,"A completely fixed, static, tripod-mounted camera records a dense city at dusk with a massive dark p.mp4",15367752,e8c6309e8369aeac,i2v_source_repo,"output/eval/abl_v2/120s/A completely fixed, static, tripod-mounted camera records a dense city at dusk with a massive dark p.mp4"
i2v,abl_v2,ablation: v2,internal,matched,120s,"A completely fixed, static, tripod-mounted camera records a desert dust storm advancing across a fla.mp4",15454606,3a92dcfbda4b7bb1,i2v_source_repo,"output/eval/abl_v2/120s/A completely fixed, static, tripod-mounted camera records a desert dust storm advancing across a fla.mp4"
i2v,abl_v2,ablation: v2,internal,matched,120s,"A completely fixed, static, tripod-mounted camera records a fast mountain river running through a ro.mp4",15321930,78c5eb4c1f132ce5,i2v_source_repo,"output/eval/abl_v2/120s/A completely fixed, static, tripod-mounted camera records a fast mountain river running through a ro.mp4"
i2v,abl_v2,ablation: v2,internal,matched,120s,"A completely fixed, static, tripod-mounted camera records a heavy snowfall over a snow-covered alpin.mp4",15378669,faaaca265385f912,i2v_source_repo,"output/eval/abl_v2/120s/A completely fixed, static, tripod-mounted camera records a heavy snowfall over a snow-covered alpin.mp4"
i2v,abl_v2,ablation: v2,internal,matched,120s,"A completely fixed, static, tripod-mounted camera records a long row of tall palms thrashing in a tr.mp4",15329568,3beb57bfd9b08afd,i2v_source_repo,"output/eval/abl_v2/120s/A completely fixed, static, tripod-mounted camera records a long row of tall palms thrashing in a tr.mp4"
i2v,abl_v2,ablation: v2,internal,matched,120s,"A completely fixed, static, tripod-mounted camera records a nighttime city skyline backed by a large.mp4",15380617,b37643abf20c1407,i2v_source_repo,"output/eval/abl_v2/120s/A completely fixed, static, tripod-mounted camera records a nighttime city skyline backed by a large.mp4"
i2v,abl_v2,ablation: v2,internal,matched,120s,"A completely fixed, static, tripod-mounted camera records a rainy narrow city alley at night in desa.mp4",15095625,2ba04a5b3608dad5,i2v_source_repo,"output/eval/abl_v2/120s/A completely fixed, static, tripod-mounted camera records a rainy narrow city alley at night in desa.mp4"
i2v,abl_v2,ablation: v2,internal,matched,120s,"A completely fixed, static, tripod-mounted camera records a swollen flood river spilling across subm.mp4",15221966,10150846ff92c82e,i2v_source_repo,"output/eval/abl_v2/120s/A completely fixed, static, tripod-mounted camera records a swollen flood river spilling across subm.mp4"
i2v,abl_v2,ablation: v2,internal,matched,120s,"A completely fixed, static, tripod-mounted camera records a tree-lined city street in autumn with fa.mp4",15202922,158d21bcbb1a7c98,i2v_source_repo,"output/eval/abl_v2/120s/A completely fixed, static, tripod-mounted camera records a tree-lined city street in autumn with fa.mp4"
i2v,abl_v2,ablation: v2,internal,matched,120s,"A completely fixed, static, tripod-mounted camera records a tropical white-sand beach with a leaning.mp4",15122836,f97959482b2dfbe1,i2v_source_repo,"output/eval/abl_v2/120s/A completely fixed, static, tripod-mounted camera records a tropical white-sand beach with a leaning.mp4"
i2v,abl_v2,ablation: v2,internal,matched,120s,"A completely fixed, static, tripod-mounted camera records an active grass-and-brush wildfire spreadi.mp4",15489721,94e20fda8b277d8d,i2v_source_repo,"output/eval/abl_v2/120s/A completely fixed, static, tripod-mounted camera records an active grass-and-brush wildfire spreadi.mp4"
i2v,abl_v2,ablation: v2,internal,matched,120s,"A completely fixed, static, tripod-mounted camera records an extremely heavy daytime snowfall over a.mp4",15362318,d8e561544c8ef002,i2v_source_repo,"output/eval/abl_v2/120s/A completely fixed, static, tripod-mounted camera records an extremely heavy daytime snowfall over a.mp4"
i2v,abl_v2,ablation: v2,internal,matched,240s,"A completely fixed, static, close-range tripod-mounted camera records heavy tropical rain pouring of.mp4",30634012,878ddd6757150290,i2v_source_repo,"output/eval/abl_v2/240s/A completely fixed, static, close-range tripod-mounted camera records heavy tropical rain pouring of.mp4"
i2v,abl_v2,ablation: v2,internal,matched,240s,"A completely fixed, static, tripod-mounted camera records a calm tropical bay framed by a large over.mp4",30595032,0fe981023be4dcf1,i2v_source_repo,"output/eval/abl_v2/240s/A completely fixed, static, tripod-mounted camera records a calm tropical bay framed by a large over.mp4"
i2v,abl_v2,ablation: v2,internal,matched,240s,"A completely fixed, static, tripod-mounted camera records a historic Kyoto canal lined with traditio.mp4",30610308,023f1911041e7136,i2v_source_repo,"output/eval/abl_v2/240s/A completely fixed, static, tripod-mounted camera records a historic Kyoto canal lined with traditio.mp4"
i2v,abl_v2,ablation: v2,internal,matched,240s,"A completely fixed, static, tripod-mounted camera records a tranquil tropical beach with leaning pal.mp4",30581620,6c66319322d45dd0,i2v_source_repo,"output/eval/abl_v2/240s/A completely fixed, static, tripod-mounted camera records a tranquil tropical beach with leaning pal.mp4"
i2v,abl_v2,ablation: v2,internal,matched,240s,"A completely fixed, static, tripod-mounted camera records an active braided lava flow advancing acro.mp4",30725843,44677f3e8a5642a2,i2v_source_repo,"output/eval/abl_v2/240s/A completely fixed, static, tripod-mounted camera records an active braided lava flow advancing acro.mp4"
i2v,phase7_000100,phase7 ckpt 100,internal,matched,60s,"A completely fixed, static, macro tripod-mounted camera records heavy urban rainfall from an extreme.mp4",7865149,f6159c57b72edc1d,i2v_source_repo,"output/eval/phase7_000100/60s/A completely fixed, static, macro tripod-mounted camera records heavy urban rainfall from an extreme.mp4"
i2v,phase7_000100,phase7 ckpt 100,internal,matched,60s,"A completely fixed, static, macro-range tripod-mounted camera records a rain-streaked window pane wi.mp4",7646771,302fdd264583977c,i2v_source_repo,"output/eval/phase7_000100/60s/A completely fixed, static, macro-range tripod-mounted camera records a rain-streaked window pane wi.mp4"
i2v,phase7_000100,phase7 ckpt 100,internal,matched,60s,"A completely fixed, static, tripod-mounted camera records a burning forest campfire at night from a .mp4",7834723,dcc11a59310eefbe,i2v_source_repo,"output/eval/phase7_000100/60s/A completely fixed, static, tripod-mounted camera records a burning forest campfire at night from a .mp4"
i2v,phase7_000100,phase7 ckpt 100,internal,matched,60s,"A completely fixed, static, tripod-mounted camera records a calm overcast coastal beach scene from a.mp4",7711716,527b9749dff2fbd3,i2v_source_repo,"output/eval/phase7_000100/60s/A completely fixed, static, tripod-mounted camera records a calm overcast coastal beach scene from a.mp4"
i2v,phase7_000100,phase7 ckpt 100,internal,matched,60s,"A completely fixed, static, tripod-mounted camera records a calm winter river from a slightly elevat.mp4",7575201,cfde827b5702edcd,i2v_source_repo,"output/eval/phase7_000100/60s/A completely fixed, static, tripod-mounted camera records a calm winter river from a slightly elevat.mp4"
i2v,phase7_000100,phase7 ckpt 100,internal,matched,60s,"A completely fixed, static, tripod-mounted camera records a clear summer forest stream with boulder .mp4",7659242,ceed274564ecb9ab,i2v_source_repo,"output/eval/phase7_000100/60s/A completely fixed, static, tripod-mounted camera records a clear summer forest stream with boulder .mp4"
i2v,phase7_000100,phase7 ckpt 100,internal,matched,60s,"A completely fixed, static, tripod-mounted camera records a coastal tuff cone headland and the open .mp4",7742364,d2c511b1a8bab2b7,i2v_source_repo,"output/eval/phase7_000100/60s/A completely fixed, static, tripod-mounted camera records a coastal tuff cone headland and the open .mp4"
i2v,phase7_000100,phase7 ckpt 100,internal,matched,60s,"A completely fixed, static, tripod-mounted camera records a desert dust storm sweeping across a flat.mp4",7554374,c955fa42b8ad86ac,i2v_source_repo,"output/eval/phase7_000100/60s/A completely fixed, static, tripod-mounted camera records a desert dust storm sweeping across a flat.mp4"
i2v,phase7_000100,phase7 ckpt 100,internal,matched,60s,"A completely fixed, static, tripod-mounted camera records a fast mountain river cascading over a bou.mp4",7749136,6a9ef418b5dd68f3,i2v_source_repo,"output/eval/phase7_000100/60s/A completely fixed, static, tripod-mounted camera records a fast mountain river cascading over a bou.mp4"
i2v,phase7_000100,phase7 ckpt 100,internal,matched,60s,"A completely fixed, static, tripod-mounted camera records a gentle clear forest stream in a lush gre.mp4",7674167,f3b15c78e1cc25a9,i2v_source_repo,"output/eval/phase7_000100/60s/A completely fixed, static, tripod-mounted camera records a gentle clear forest stream in a lush gre.mp4"
i2v,phase7_000100,phase7 ckpt 100,internal,matched,60s,"A completely fixed, static, tripod-mounted camera records a heavy daytime snowstorm on a dense city .mp4",7640819,891e9520578955e9,i2v_source_repo,"output/eval/phase7_000100/60s/A completely fixed, static, tripod-mounted camera records a heavy daytime snowstorm on a dense city .mp4"
i2v,phase7_000100,phase7 ckpt 100,internal,matched,60s,"A completely fixed, static, tripod-mounted camera records a heavy nighttime snowfall on a quiet hist.mp4",7756398,89f7ebcc4d127928,i2v_source_repo,"output/eval/phase7_000100/60s/A completely fixed, static, tripod-mounted camera records a heavy nighttime snowfall on a quiet hist.mp4"
i2v,phase7_000100,phase7 ckpt 100,internal,matched,60s,"A completely fixed, static, tripod-mounted camera records a lone windswept pine clinging to a bare r.mp4",7684559,89628ae7a0f89c46,i2v_source_repo,"output/eval/phase7_000100/60s/A completely fixed, static, tripod-mounted camera records a lone windswept pine clinging to a bare r.mp4"
i2v,phase7_000100,phase7 ckpt 100,internal,matched,60s,"A completely fixed, static, tripod-mounted camera records a multi-tiered cascading forest stream fro.mp4",7639502,5ce0be58b5314aff,i2v_source_repo,"output/eval/phase7_000100/60s/A completely fixed, static, tripod-mounted camera records a multi-tiered cascading forest stream fro.mp4"
i2v,phase7_000100,phase7 ckpt 100,internal,matched,60s,"A completely fixed, static, tripod-mounted camera records a quiet urban park river at night. The cam.mp4",7718329,f9df65ba3c6c9c5a,i2v_source_repo,"output/eval/phase7_000100/60s/A completely fixed, static, tripod-mounted camera records a quiet urban park river at night. The cam.mp4"
i2v,phase7_000100,phase7 ckpt 100,internal,matched,60s,"A completely fixed, static, tripod-mounted camera records a rain-drenched forest path in late aftern.mp4",7621738,fba5155027357254,i2v_source_repo,"output/eval/phase7_000100/60s/A completely fixed, static, tripod-mounted camera records a rain-drenched forest path in late aftern.mp4"
i2v,phase7_000100,phase7 ckpt 100,internal,matched,60s,"A completely fixed, static, tripod-mounted camera records a swollen muddy flood torrent surging thro.mp4",7641057,7b60109b532fb6cc,i2v_source_repo,"output/eval/phase7_000100/60s/A completely fixed, static, tripod-mounted camera records a swollen muddy flood torrent surging thro.mp4"
i2v,phase7_000100,phase7 ckpt 100,internal,matched,60s,"A completely fixed, static, tripod-mounted camera records a swollen winter flood river from a low ba.mp4",7577089,80a5631c22fb289a,i2v_source_repo,"output/eval/phase7_000100/60s/A completely fixed, static, tripod-mounted camera records a swollen winter flood river from a low ba.mp4"
i2v,phase7_000100,phase7 ckpt 100,internal,matched,60s,"A completely fixed, static, tripod-mounted camera records a tranquil moonlit ocean seascape at night.mp4",7649082,ca0e4378ee6521cb,i2v_source_repo,"output/eval/phase7_000100/60s/A completely fixed, static, tripod-mounted camera records a tranquil moonlit ocean seascape at night.mp4"
i2v,phase7_000100,phase7 ckpt 100,internal,matched,60s,"A completely fixed, static, tripod-mounted camera records a tranquil street in a Japanese city durin.mp4",7743931,4e6a712f38bbdf63,i2v_source_repo,"output/eval/phase7_000100/60s/A completely fixed, static, tripod-mounted camera records a tranquil street in a Japanese city durin.mp4"
i2v,phase7_000100,phase7 ckpt 100,internal,matched,60s,"A completely fixed, static, tripod-mounted camera records a tropical beach with overhanging coconut .mp4",7651800,41a4a7ce0a34d16e,i2v_source_repo,"output/eval/phase7_000100/60s/A completely fixed, static, tripod-mounted camera records a tropical beach with overhanging coconut .mp4"
i2v,phase7_000100,phase7 ckpt 100,internal,matched,60s,"A completely fixed, static, tripod-mounted camera records a violent volcanic eruption at deep blue h.mp4",7801014,4b09b8e1be21969f,i2v_source_repo,"output/eval/phase7_000100/60s/A completely fixed, static, tripod-mounted camera records a violent volcanic eruption at deep blue h.mp4"
i2v,phase7_000100,phase7 ckpt 100,internal,matched,60s,"A completely fixed, static, tripod-mounted camera records an active snowfall in a dense mountain spr.mp4",7634165,15425c66279fef5c,i2v_source_repo,"output/eval/phase7_000100/60s/A completely fixed, static, tripod-mounted camera records an active snowfall in a dense mountain spr.mp4"
i2v,phase7_000100,phase7 ckpt 100,internal,matched,60s,"A completely fixed, static, tripod-mounted camera records an active snowfall over a wide open alpine.mp4",7838263,e63f99bdbd82c849,i2v_source_repo,"output/eval/phase7_000100/60s/A completely fixed, static, tripod-mounted camera records an active snowfall over a wide open alpine.mp4"
i2v,phase7_000100,phase7 ckpt 100,internal,matched,60s,"A completely fixed, static, tripod-mounted camera records an active volcanic lava ocean entry event .mp4",7842353,ee601aafe1825209,i2v_source_repo,"output/eval/phase7_000100/60s/A completely fixed, static, tripod-mounted camera records an active volcanic lava ocean entry event .mp4"
i2v,phase7_000100,phase7 ckpt 100,internal,matched,60s,"A completely fixed, static, tripod-mounted camera records an erupting stratovolcano at golden sunset.mp4",7866863,98b9dd0100a81d87,i2v_source_repo,"output/eval/phase7_000100/60s/A completely fixed, static, tripod-mounted camera records an erupting stratovolcano at golden sunset.mp4"
i2v,phase7_000100,phase7 ckpt 100,internal,matched,60s,"A completely fixed, static, tripod-mounted camera records an extremely heavy nighttime snowfall on a.mp4",7681586,5b8a065696cff001,i2v_source_repo,"output/eval/phase7_000100/60s/A completely fixed, static, tripod-mounted camera records an extremely heavy nighttime snowfall on a.mp4"
i2v,phase7_000100,phase7 ckpt 100,internal,matched,60s,"A completely fixed, static, tripod-mounted camera records moderate rainfall in a cultivated garden a.mp4",7759479,240f24e040cc965f,i2v_source_repo,"output/eval/phase7_000100/60s/A completely fixed, static, tripod-mounted camera records moderate rainfall in a cultivated garden a.mp4"
i2v,phase7_000100,phase7 ckpt 100,internal,matched,60s,"A completely fixed, static, tripod-mounted camera records the underside of a long concrete river bri.mp4",7637483,e9cb2b04cc2d5fe0,i2v_source_repo,"output/eval/phase7_000100/60s/A completely fixed, static, tripod-mounted camera records the underside of a long concrete river bri.mp4"
i2v,phase7_000100,phase7 ckpt 100,internal,matched,60s,"A completely fixed, static, tripod-mounted camera records two coconut palms thrashing in a violent t.mp4",7756742,7a9a353343a055e7,i2v_source_repo,"output/eval/phase7_000100/60s/A completely fixed, static, tripod-mounted camera records two coconut palms thrashing in a violent t.mp4"
i2v,phase7_000100,phase7 ckpt 100,internal,matched,120s,"A completely fixed, static, aerial tripod-mounted camera records an active lava flow cutting through.mp4",15541354,34a03ec28eb3e12f,i2v_source_repo,"output/eval/phase7_000100/120s/A completely fixed, static, aerial tripod-mounted camera records an active lava flow cutting through.mp4"
i2v,phase7_000100,phase7 ckpt 100,internal,matched,120s,"A completely fixed, static, close-range tripod-mounted camera records a massive open-ocean wave pitc.mp4",15376698,4c7a6367410c2c27,i2v_source_repo,"output/eval/phase7_000100/120s/A completely fixed, static, close-range tripod-mounted camera records a massive open-ocean wave pitc.mp4"
i2v,phase7_000100,phase7 ckpt 100,internal,matched,120s,"A completely fixed, static, close-range tripod-mounted camera records a single large ocean wave curl.mp4",15512854,670ee3b639463209,i2v_source_repo,"output/eval/phase7_000100/120s/A completely fixed, static, close-range tripod-mounted camera records a single large ocean wave curl.mp4"
i2v,phase7_000100,phase7 ckpt 100,internal,matched,120s,"A completely fixed, static, close-range tripod-mounted camera records a small forest creek cascading.mp4",15363544,095cfd5e7b68f557,i2v_source_repo,"output/eval/phase7_000100/120s/A completely fixed, static, close-range tripod-mounted camera records a small forest creek cascading.mp4"
i2v,phase7_000100,phase7 ckpt 100,internal,matched,120s,"A completely fixed, static, low-water-level tripod-mounted camera records a calm mountain river flow.mp4",15477597,0fab60b15ace89c7,i2v_source_repo,"output/eval/phase7_000100/120s/A completely fixed, static, low-water-level tripod-mounted camera records a calm mountain river flow.mp4"
i2v,phase7_000100,phase7 ckpt 100,internal,matched,120s,"A completely fixed, static, tripod-mounted camera records a bright blue sky filled with drifting whi.mp4",15433935,5911c45f0aa5eb65,i2v_source_repo,"output/eval/phase7_000100/120s/A completely fixed, static, tripod-mounted camera records a bright blue sky filled with drifting whi.mp4"
i2v,phase7_000100,phase7 ckpt 100,internal,matched,120s,"A completely fixed, static, tripod-mounted camera records a channelized urban river running through .mp4",15293515,26c6f2532b80f0bc,i2v_source_repo,"output/eval/phase7_000100/120s/A completely fixed, static, tripod-mounted camera records a channelized urban river running through .mp4"
i2v,phase7_000100,phase7 ckpt 100,internal,matched,120s,"A completely fixed, static, tripod-mounted camera records a clear river flowing past a grassy bank a.mp4",15345831,e7a4dcc5438e5830,i2v_source_repo,"output/eval/phase7_000100/120s/A completely fixed, static, tripod-mounted camera records a clear river flowing past a grassy bank a.mp4"
i2v,phase7_000100,phase7 ckpt 100,internal,matched,120s,"A completely fixed, static, tripod-mounted camera records a dense city at dusk with a massive dark p.mp4",15565507,03e41a9b035f9e3e,i2v_source_repo,"output/eval/phase7_000100/120s/A completely fixed, static, tripod-mounted camera records a dense city at dusk with a massive dark p.mp4"
i2v,phase7_000100,phase7 ckpt 100,internal,matched,120s,"A completely fixed, static, tripod-mounted camera records a desert dust storm advancing across a fla.mp4",15429352,d8af7b490295e21f,i2v_source_repo,"output/eval/phase7_000100/120s/A completely fixed, static, tripod-mounted camera records a desert dust storm advancing across a fla.mp4"
i2v,phase7_000100,phase7 ckpt 100,internal,matched,120s,"A completely fixed, static, tripod-mounted camera records a fast mountain river running through a ro.mp4",15509795,a13e5ae520f71d72,i2v_source_repo,"output/eval/phase7_000100/120s/A completely fixed, static, tripod-mounted camera records a fast mountain river running through a ro.mp4"
i2v,phase7_000100,phase7 ckpt 100,internal,matched,120s,"A completely fixed, static, tripod-mounted camera records a heavy snowfall over a snow-covered alpin.mp4",15434695,ef618c299395eea1,i2v_source_repo,"output/eval/phase7_000100/120s/A completely fixed, static, tripod-mounted camera records a heavy snowfall over a snow-covered alpin.mp4"
i2v,phase7_000100,phase7 ckpt 100,internal,matched,120s,"A completely fixed, static, tripod-mounted camera records a long row of tall palms thrashing in a tr.mp4",15845361,b7eecdaed51dafbc,i2v_source_repo,"output/eval/phase7_000100/120s/A completely fixed, static, tripod-mounted camera records a long row of tall palms thrashing in a tr.mp4"
i2v,phase7_000100,phase7 ckpt 100,internal,matched,120s,"A completely fixed, static, tripod-mounted camera records a nighttime city skyline backed by a large.mp4",15552084,73f44125b996e34f,i2v_source_repo,"output/eval/phase7_000100/120s/A completely fixed, static, tripod-mounted camera records a nighttime city skyline backed by a large.mp4"
i2v,phase7_000100,phase7 ckpt 100,internal,matched,120s,"A completely fixed, static, tripod-mounted camera records a rainy narrow city alley at night in desa.mp4",15664880,c743ceb2cdcf6ce6,i2v_source_repo,"output/eval/phase7_000100/120s/A completely fixed, static, tripod-mounted camera records a rainy narrow city alley at night in desa.mp4"
i2v,phase7_000100,phase7 ckpt 100,internal,matched,120s,"A completely fixed, static, tripod-mounted camera records a swollen flood river spilling across subm.mp4",15372787,5e244655125612f1,i2v_source_repo,"output/eval/phase7_000100/120s/A completely fixed, static, tripod-mounted camera records a swollen flood river spilling across subm.mp4"
i2v,phase7_000100,phase7 ckpt 100,internal,matched,120s,"A completely fixed, static, tripod-mounted camera records a tree-lined city street in autumn with fa.mp4",15944573,3d0a4db55bdac682,i2v_source_repo,"output/eval/phase7_000100/120s/A completely fixed, static, tripod-mounted camera records a tree-lined city street in autumn with fa.mp4"
i2v,phase7_000100,phase7 ckpt 100,internal,matched,120s,"A completely fixed, static, tripod-mounted camera records a tropical white-sand beach with a leaning.mp4",15334583,271f527efe94e29d,i2v_source_repo,"output/eval/phase7_000100/120s/A completely fixed, static, tripod-mounted camera records a tropical white-sand beach with a leaning.mp4"
i2v,phase7_000100,phase7 ckpt 100,internal,matched,120s,"A completely fixed, static, tripod-mounted camera records an active grass-and-brush wildfire spreadi.mp4",15764966,6191065f9520b631,i2v_source_repo,"output/eval/phase7_000100/120s/A completely fixed, static, tripod-mounted camera records an active grass-and-brush wildfire spreadi.mp4"
i2v,phase7_000100,phase7 ckpt 100,internal,matched,120s,"A completely fixed, static, tripod-mounted camera records an extremely heavy daytime snowfall over a.mp4",15447132,9933c6dd12d734f2,i2v_source_repo,"output/eval/phase7_000100/120s/A completely fixed, static, tripod-mounted camera records an extremely heavy daytime snowfall over a.mp4"
i2v,phase7_000200,phase7 ckpt 200,internal,matched,60s,"A completely fixed, static, macro tripod-mounted camera records heavy urban rainfall from an extreme.mp4",7902922,bfee8a6c6460ebe5,i2v_source_repo,"output/eval/phase7_000200/60s/A completely fixed, static, macro tripod-mounted camera records heavy urban rainfall from an extreme.mp4"
i2v,phase7_000200,phase7 ckpt 200,internal,matched,60s,"A completely fixed, static, macro-range tripod-mounted camera records a rain-streaked window pane wi.mp4",7678901,b1ce4a2c9db4edac,i2v_source_repo,"output/eval/phase7_000200/60s/A completely fixed, static, macro-range tripod-mounted camera records a rain-streaked window pane wi.mp4"
i2v,phase7_000200,phase7 ckpt 200,internal,matched,60s,"A completely fixed, static, tripod-mounted camera records a burning forest campfire at night from a .mp4",7791343,a9af2b405aa780a3,i2v_source_repo,"output/eval/phase7_000200/60s/A completely fixed, static, tripod-mounted camera records a burning forest campfire at night from a .mp4"
i2v,phase7_000200,phase7 ckpt 200,internal,matched,60s,"A completely fixed, static, tripod-mounted camera records a calm overcast coastal beach scene from a.mp4",7708180,e4d65e2026d3bf39,i2v_source_repo,"output/eval/phase7_000200/60s/A completely fixed, static, tripod-mounted camera records a calm overcast coastal beach scene from a.mp4"
i2v,phase7_000200,phase7 ckpt 200,internal,matched,60s,"A completely fixed, static, tripod-mounted camera records a calm winter river from a slightly elevat.mp4",7603103,609e1e3a0576bede,i2v_source_repo,"output/eval/phase7_000200/60s/A completely fixed, static, tripod-mounted camera records a calm winter river from a slightly elevat.mp4"
i2v,phase7_000200,phase7 ckpt 200,internal,matched,60s,"A completely fixed, static, tripod-mounted camera records a clear summer forest stream with boulder .mp4",7658127,5c5b3e6c74472d3b,i2v_source_repo,"output/eval/phase7_000200/60s/A completely fixed, static, tripod-mounted camera records a clear summer forest stream with boulder .mp4"
i2v,phase7_000200,phase7 ckpt 200,internal,matched,60s,"A completely fixed, static, tripod-mounted camera records a coastal tuff cone headland and the open .mp4",7731535,b9e43eb8e9c8f5f6,i2v_source_repo,"output/eval/phase7_000200/60s/A completely fixed, static, tripod-mounted camera records a coastal tuff cone headland and the open .mp4"
i2v,phase7_000200,phase7 ckpt 200,internal,matched,60s,"A completely fixed, static, tripod-mounted camera records a desert dust storm sweeping across a flat.mp4",7592942,4a7e42725e9f456e,i2v_source_repo,"output/eval/phase7_000200/60s/A completely fixed, static, tripod-mounted camera records a desert dust storm sweeping across a flat.mp4"
i2v,phase7_000200,phase7 ckpt 200,internal,matched,60s,"A completely fixed, static, tripod-mounted camera records a fast mountain river cascading over a bou.mp4",7702515,2b06c31422d14b37,i2v_source_repo,"output/eval/phase7_000200/60s/A completely fixed, static, tripod-mounted camera records a fast mountain river cascading over a bou.mp4"
i2v,phase7_000200,phase7 ckpt 200,internal,matched,60s,"A completely fixed, static, tripod-mounted camera records a gentle clear forest stream in a lush gre.mp4",7673410,0fef17cdc85c477d,i2v_source_repo,"output/eval/phase7_000200/60s/A completely fixed, static, tripod-mounted camera records a gentle clear forest stream in a lush gre.mp4"
i2v,phase7_000200,phase7 ckpt 200,internal,matched,60s,"A completely fixed, static, tripod-mounted camera records a heavy daytime snowstorm on a dense city .mp4",7635214,debaf0ed33e8b623,i2v_source_repo,"output/eval/phase7_000200/60s/A completely fixed, static, tripod-mounted camera records a heavy daytime snowstorm on a dense city .mp4"
i2v,phase7_000200,phase7 ckpt 200,internal,matched,60s,"A completely fixed, static, tripod-mounted camera records a heavy nighttime snowfall on a quiet hist.mp4",7739159,ca8c1504db676c9c,i2v_source_repo,"output/eval/phase7_000200/60s/A completely fixed, static, tripod-mounted camera records a heavy nighttime snowfall on a quiet hist.mp4"
i2v,phase7_000200,phase7 ckpt 200,internal,matched,60s,"A completely fixed, static, tripod-mounted camera records a lone windswept pine clinging to a bare r.mp4",7652318,024d607fd3563220,i2v_source_repo,"output/eval/phase7_000200/60s/A completely fixed, static, tripod-mounted camera records a lone windswept pine clinging to a bare r.mp4"
i2v,phase7_000200,phase7 ckpt 200,internal,matched,60s,"A completely fixed, static, tripod-mounted camera records a multi-tiered cascading forest stream fro.mp4",7594503,ec04277ae30d1016,i2v_source_repo,"output/eval/phase7_000200/60s/A completely fixed, static, tripod-mounted camera records a multi-tiered cascading forest stream fro.mp4"
i2v,phase7_000200,phase7 ckpt 200,internal,matched,60s,"A completely fixed, static, tripod-mounted camera records a quiet urban park river at night. The cam.mp4",7647481,686b5b993760b81c,i2v_source_repo,"output/eval/phase7_000200/60s/A completely fixed, static, tripod-mounted camera records a quiet urban park river at night. The cam.mp4"
i2v,phase7_000200,phase7 ckpt 200,internal,matched,60s,"A completely fixed, static, tripod-mounted camera records a rain-drenched forest path in late aftern.mp4",7655930,3a05358fabcba128,i2v_source_repo,"output/eval/phase7_000200/60s/A completely fixed, static, tripod-mounted camera records a rain-drenched forest path in late aftern.mp4"
i2v,phase7_000200,phase7 ckpt 200,internal,matched,60s,"A completely fixed, static, tripod-mounted camera records a swollen muddy flood torrent surging thro.mp4",7656249,245d906b8f40adf4,i2v_source_repo,"output/eval/phase7_000200/60s/A completely fixed, static, tripod-mounted camera records a swollen muddy flood torrent surging thro.mp4"
i2v,phase7_000200,phase7 ckpt 200,internal,matched,60s,"A completely fixed, static, tripod-mounted camera records a swollen winter flood river from a low ba.mp4",7567487,7f26a861a6e10253,i2v_source_repo,"output/eval/phase7_000200/60s/A completely fixed, static, tripod-mounted camera records a swollen winter flood river from a low ba.mp4"
i2v,phase7_000200,phase7 ckpt 200,internal,matched,60s,"A completely fixed, static, tripod-mounted camera records a tranquil moonlit ocean seascape at night.mp4",7627120,a9afc5c3a4490b39,i2v_source_repo,"output/eval/phase7_000200/60s/A completely fixed, static, tripod-mounted camera records a tranquil moonlit ocean seascape at night.mp4"
i2v,phase7_000200,phase7 ckpt 200,internal,matched,60s,"A completely fixed, static, tripod-mounted camera records a tranquil street in a Japanese city durin.mp4",7757581,5476ec7ea711b7bd,i2v_source_repo,"output/eval/phase7_000200/60s/A completely fixed, static, tripod-mounted camera records a tranquil street in a Japanese city durin.mp4"
i2v,phase7_000200,phase7 ckpt 200,internal,matched,60s,"A completely fixed, static, tripod-mounted camera records a tropical beach with overhanging coconut .mp4",7642266,26054c9f73b477f4,i2v_source_repo,"output/eval/phase7_000200/60s/A completely fixed, static, tripod-mounted camera records a tropical beach with overhanging coconut .mp4"
i2v,phase7_000200,phase7 ckpt 200,internal,matched,60s,"A completely fixed, static, tripod-mounted camera records a violent volcanic eruption at deep blue h.mp4",7772075,c912aa3f4f4f1367,i2v_source_repo,"output/eval/phase7_000200/60s/A completely fixed, static, tripod-mounted camera records a violent volcanic eruption at deep blue h.mp4"
i2v,phase7_000200,phase7 ckpt 200,internal,matched,60s,"A completely fixed, static, tripod-mounted camera records an active snowfall in a dense mountain spr.mp4",7656082,ded49689c0290cb7,i2v_source_repo,"output/eval/phase7_000200/60s/A completely fixed, static, tripod-mounted camera records an active snowfall in a dense mountain spr.mp4"
i2v,phase7_000200,phase7 ckpt 200,internal,matched,60s,"A completely fixed, static, tripod-mounted camera records an active snowfall over a wide open alpine.mp4",7821251,42c3de4a8912ea4f,i2v_source_repo,"output/eval/phase7_000200/60s/A completely fixed, static, tripod-mounted camera records an active snowfall over a wide open alpine.mp4"
i2v,phase7_000200,phase7 ckpt 200,internal,matched,60s,"A completely fixed, static, tripod-mounted camera records an active volcanic lava ocean entry event .mp4",7821342,5ad327932e80858e,i2v_source_repo,"output/eval/phase7_000200/60s/A completely fixed, static, tripod-mounted camera records an active volcanic lava ocean entry event .mp4"
i2v,phase7_000200,phase7 ckpt 200,internal,matched,60s,"A completely fixed, static, tripod-mounted camera records an erupting stratovolcano at golden sunset.mp4",7820160,1ce07bd28b72c1e0,i2v_source_repo,"output/eval/phase7_000200/60s/A completely fixed, static, tripod-mounted camera records an erupting stratovolcano at golden sunset.mp4"
i2v,phase7_000200,phase7 ckpt 200,internal,matched,60s,"A completely fixed, static, tripod-mounted camera records an extremely heavy nighttime snowfall on a.mp4",7671060,794fa53f3733e00c,i2v_source_repo,"output/eval/phase7_000200/60s/A completely fixed, static, tripod-mounted camera records an extremely heavy nighttime snowfall on a.mp4"
i2v,phase7_000200,phase7 ckpt 200,internal,matched,60s,"A completely fixed, static, tripod-mounted camera records moderate rainfall in a cultivated garden a.mp4",7768211,131c7762633644d9,i2v_source_repo,"output/eval/phase7_000200/60s/A completely fixed, static, tripod-mounted camera records moderate rainfall in a cultivated garden a.mp4"
i2v,phase7_000200,phase7 ckpt 200,internal,matched,60s,"A completely fixed, static, tripod-mounted camera records the underside of a long concrete river bri.mp4",7558613,295e6f4db1c8c19c,i2v_source_repo,"output/eval/phase7_000200/60s/A completely fixed, static, tripod-mounted camera records the underside of a long concrete river bri.mp4"
i2v,phase7_000200,phase7 ckpt 200,internal,matched,60s,"A completely fixed, static, tripod-mounted camera records two coconut palms thrashing in a violent t.mp4",7759677,5ed67a702c7e00ae,i2v_source_repo,"output/eval/phase7_000200/60s/A completely fixed, static, tripod-mounted camera records two coconut palms thrashing in a violent t.mp4"
i2v,phase7_000200,phase7 ckpt 200,internal,matched,120s,"A completely fixed, static, aerial tripod-mounted camera records an active lava flow cutting through.mp4",15509886,6e48cdd91b751408,i2v_source_repo,"output/eval/phase7_000200/120s/A completely fixed, static, aerial tripod-mounted camera records an active lava flow cutting through.mp4"
i2v,phase7_000200,phase7 ckpt 200,internal,matched,120s,"A completely fixed, static, close-range tripod-mounted camera records a massive open-ocean wave pitc.mp4",15324669,9a143379f5a884f1,i2v_source_repo,"output/eval/phase7_000200/120s/A completely fixed, static, close-range tripod-mounted camera records a massive open-ocean wave pitc.mp4"
i2v,phase7_000200,phase7 ckpt 200,internal,matched,120s,"A completely fixed, static, close-range tripod-mounted camera records a single large ocean wave curl.mp4",15510794,cd7dc507ecc576a5,i2v_source_repo,"output/eval/phase7_000200/120s/A completely fixed, static, close-range tripod-mounted camera records a single large ocean wave curl.mp4"
i2v,phase7_000200,phase7 ckpt 200,internal,matched,120s,"A completely fixed, static, close-range tripod-mounted camera records a small forest creek cascading.mp4",15374056,1235d5fd1f6e3ace,i2v_source_repo,"output/eval/phase7_000200/120s/A completely fixed, static, close-range tripod-mounted camera records a small forest creek cascading.mp4"
i2v,phase7_000200,phase7 ckpt 200,internal,matched,120s,"A completely fixed, static, low-water-level tripod-mounted camera records a calm mountain river flow.mp4",15396344,13801b9cc9923113,i2v_source_repo,"output/eval/phase7_000200/120s/A completely fixed, static, low-water-level tripod-mounted camera records a calm mountain river flow.mp4"
i2v,phase7_000200,phase7 ckpt 200,internal,matched,120s,"A completely fixed, static, tripod-mounted camera records a bright blue sky filled with drifting whi.mp4",15465344,acd4d5b3ad1b87e5,i2v_source_repo,"output/eval/phase7_000200/120s/A completely fixed, static, tripod-mounted camera records a bright blue sky filled with drifting whi.mp4"
i2v,phase7_000200,phase7 ckpt 200,internal,matched,120s,"A completely fixed, static, tripod-mounted camera records a channelized urban river running through .mp4",15287772,1054eddc5833df6a,i2v_source_repo,"output/eval/phase7_000200/120s/A completely fixed, static, tripod-mounted camera records a channelized urban river running through .mp4"
i2v,phase7_000200,phase7 ckpt 200,internal,matched,120s,"A completely fixed, static, tripod-mounted camera records a clear river flowing past a grassy bank a.mp4",15399061,a2fba3c046de86c0,i2v_source_repo,"output/eval/phase7_000200/120s/A completely fixed, static, tripod-mounted camera records a clear river flowing past a grassy bank a.mp4"
i2v,phase7_000200,phase7 ckpt 200,internal,matched,120s,"A completely fixed, static, tripod-mounted camera records a dense city at dusk with a massive dark p.mp4",15854122,df9566a70b3f2493,i2v_source_repo,"output/eval/phase7_000200/120s/A completely fixed, static, tripod-mounted camera records a dense city at dusk with a massive dark p.mp4"
i2v,phase7_000200,phase7 ckpt 200,internal,matched,120s,"A completely fixed, static, tripod-mounted camera records a desert dust storm advancing across a fla.mp4",15448721,2a58d51aec377920,i2v_source_repo,"output/eval/phase7_000200/120s/A completely fixed, static, tripod-mounted camera records a desert dust storm advancing across a fla.mp4"
i2v,phase7_000200,phase7 ckpt 200,internal,matched,120s,"A completely fixed, static, tripod-mounted camera records a fast mountain river running through a ro.mp4",15515787,7992edb84ecb5185,i2v_source_repo,"output/eval/phase7_000200/120s/A completely fixed, static, tripod-mounted camera records a fast mountain river running through a ro.mp4"
i2v,phase7_000200,phase7 ckpt 200,internal,matched,120s,"A completely fixed, static, tripod-mounted camera records a heavy snowfall over a snow-covered alpin.mp4",15434334,6e2f461c08f139b1,i2v_source_repo,"output/eval/phase7_000200/120s/A completely fixed, static, tripod-mounted camera records a heavy snowfall over a snow-covered alpin.mp4"
i2v,phase7_000200,phase7 ckpt 200,internal,matched,120s,"A completely fixed, static, tripod-mounted camera records a long row of tall palms thrashing in a tr.mp4",15718062,186cbf6188d2bd46,i2v_source_repo,"output/eval/phase7_000200/120s/A completely fixed, static, tripod-mounted camera records a long row of tall palms thrashing in a tr.mp4"
i2v,phase7_000200,phase7 ckpt 200,internal,matched,120s,"A completely fixed, static, tripod-mounted camera records a nighttime city skyline backed by a large.mp4",15538345,17e02883ea0831f8,i2v_source_repo,"output/eval/phase7_000200/120s/A completely fixed, static, tripod-mounted camera records a nighttime city skyline backed by a large.mp4"
i2v,phase7_000200,phase7 ckpt 200,internal,matched,120s,"A completely fixed, static, tripod-mounted camera records a rainy narrow city alley at night in desa.mp4",15518110,49ef0f609195a968,i2v_source_repo,"output/eval/phase7_000200/120s/A completely fixed, static, tripod-mounted camera records a rainy narrow city alley at night in desa.mp4"
i2v,phase7_000200,phase7 ckpt 200,internal,matched,120s,"A completely fixed, static, tripod-mounted camera records a swollen flood river spilling across subm.mp4",15339082,83ef9ce7f4a2a461,i2v_source_repo,"output/eval/phase7_000200/120s/A completely fixed, static, tripod-mounted camera records a swollen flood river spilling across subm.mp4"
i2v,phase7_000200,phase7 ckpt 200,internal,matched,120s,"A completely fixed, static, tripod-mounted camera records a tree-lined city street in autumn with fa.mp4",16222304,2106baf1bc8e0874,i2v_source_repo,"output/eval/phase7_000200/120s/A completely fixed, static, tripod-mounted camera records a tree-lined city street in autumn with fa.mp4"
i2v,phase7_000200,phase7 ckpt 200,internal,matched,120s,"A completely fixed, static, tripod-mounted camera records a tropical white-sand beach with a leaning.mp4",15292656,622adc8d33e25492,i2v_source_repo,"output/eval/phase7_000200/120s/A completely fixed, static, tripod-mounted camera records a tropical white-sand beach with a leaning.mp4"
i2v,phase7_000200,phase7 ckpt 200,internal,matched,120s,"A completely fixed, static, tripod-mounted camera records an active grass-and-brush wildfire spreadi.mp4",15717563,6966bd34e7a5bb48,i2v_source_repo,"output/eval/phase7_000200/120s/A completely fixed, static, tripod-mounted camera records an active grass-and-brush wildfire spreadi.mp4"
i2v,phase7_000200,phase7 ckpt 200,internal,matched,120s,"A completely fixed, static, tripod-mounted camera records an extremely heavy daytime snowfall over a.mp4",15429448,2d2e9124c3e04e03,i2v_source_repo,"output/eval/phase7_000200/120s/A completely fixed, static, tripod-mounted camera records an extremely heavy daytime snowfall over a.mp4"
i2v,phase7_000300,phase7 ckpt 300,internal,matched,60s,"A completely fixed, static, macro tripod-mounted camera records heavy urban rainfall from an extreme.mp4",7934020,8d513a2de8efe98a,i2v_source_repo,"output/eval/phase7_000300/60s/A completely fixed, static, macro tripod-mounted camera records heavy urban rainfall from an extreme.mp4"
i2v,phase7_000300,phase7 ckpt 300,internal,matched,60s,"A completely fixed, static, macro-range tripod-mounted camera records a rain-streaked window pane wi.mp4",7635482,a1c85e0e899671dc,i2v_source_repo,"output/eval/phase7_000300/60s/A completely fixed, static, macro-range tripod-mounted camera records a rain-streaked window pane wi.mp4"
i2v,phase7_000300,phase7 ckpt 300,internal,matched,60s,"A completely fixed, static, tripod-mounted camera records a burning forest campfire at night from a .mp4",7781260,0ecdd5e45f5adcdb,i2v_source_repo,"output/eval/phase7_000300/60s/A completely fixed, static, tripod-mounted camera records a burning forest campfire at night from a .mp4"
i2v,phase7_000300,phase7 ckpt 300,internal,matched,60s,"A completely fixed, static, tripod-mounted camera records a calm overcast coastal beach scene from a.mp4",7697455,6e6b6f0c8b46b20c,i2v_source_repo,"output/eval/phase7_000300/60s/A completely fixed, static, tripod-mounted camera records a calm overcast coastal beach scene from a.mp4"
i2v,phase7_000300,phase7 ckpt 300,internal,matched,60s,"A completely fixed, static, tripod-mounted camera records a calm winter river from a slightly elevat.mp4",7564488,8a4410442d932dab,i2v_source_repo,"output/eval/phase7_000300/60s/A completely fixed, static, tripod-mounted camera records a calm winter river from a slightly elevat.mp4"
i2v,phase7_000300,phase7 ckpt 300,internal,matched,60s,"A completely fixed, static, tripod-mounted camera records a clear summer forest stream with boulder .mp4",7670834,a2ead5450ed48f36,i2v_source_repo,"output/eval/phase7_000300/60s/A completely fixed, static, tripod-mounted camera records a clear summer forest stream with boulder .mp4"
i2v,phase7_000300,phase7 ckpt 300,internal,matched,60s,"A completely fixed, static, tripod-mounted camera records a coastal tuff cone headland and the open .mp4",7735447,d7c0ce557deeb430,i2v_source_repo,"output/eval/phase7_000300/60s/A completely fixed, static, tripod-mounted camera records a coastal tuff cone headland and the open .mp4"
i2v,phase7_000300,phase7 ckpt 300,internal,matched,60s,"A completely fixed, static, tripod-mounted camera records a desert dust storm sweeping across a flat.mp4",7526950,f7b2f3f8d4c38f75,i2v_source_repo,"output/eval/phase7_000300/60s/A completely fixed, static, tripod-mounted camera records a desert dust storm sweeping across a flat.mp4"
i2v,phase7_000300,phase7 ckpt 300,internal,matched,60s,"A completely fixed, static, tripod-mounted camera records a fast mountain river cascading over a bou.mp4",7683218,ce851ad25bdde6a3,i2v_source_repo,"output/eval/phase7_000300/60s/A completely fixed, static, tripod-mounted camera records a fast mountain river cascading over a bou.mp4"
i2v,phase7_000300,phase7 ckpt 300,internal,matched,60s,"A completely fixed, static, tripod-mounted camera records a gentle clear forest stream in a lush gre.mp4",7675901,33394c8f54ecb835,i2v_source_repo,"output/eval/phase7_000300/60s/A completely fixed, static, tripod-mounted camera records a gentle clear forest stream in a lush gre.mp4"
i2v,phase7_000300,phase7 ckpt 300,internal,matched,60s,"A completely fixed, static, tripod-mounted camera records a heavy daytime snowstorm on a dense city .mp4",7598889,b97cd491ff9d3973,i2v_source_repo,"output/eval/phase7_000300/60s/A completely fixed, static, tripod-mounted camera records a heavy daytime snowstorm on a dense city .mp4"
i2v,phase7_000300,phase7 ckpt 300,internal,matched,60s,"A completely fixed, static, tripod-mounted camera records a heavy nighttime snowfall on a quiet hist.mp4",7743530,9e3bc40ed8f717a8,i2v_source_repo,"output/eval/phase7_000300/60s/A completely fixed, static, tripod-mounted camera records a heavy nighttime snowfall on a quiet hist.mp4"
i2v,phase7_000300,phase7 ckpt 300,internal,matched,60s,"A completely fixed, static, tripod-mounted camera records a lone windswept pine clinging to a bare r.mp4",7656660,b23714a4a863a770,i2v_source_repo,"output/eval/phase7_000300/60s/A completely fixed, static, tripod-mounted camera records a lone windswept pine clinging to a bare r.mp4"
i2v,phase7_000300,phase7 ckpt 300,internal,matched,60s,"A completely fixed, static, tripod-mounted camera records a multi-tiered cascading forest stream fro.mp4",7631492,588ae9edd0da580e,i2v_source_repo,"output/eval/phase7_000300/60s/A completely fixed, static, tripod-mounted camera records a multi-tiered cascading forest stream fro.mp4"
i2v,phase7_000300,phase7 ckpt 300,internal,matched,60s,"A completely fixed, static, tripod-mounted camera records a quiet urban park river at night. The cam.mp4",7630641,c5edd61b396dff52,i2v_source_repo,"output/eval/phase7_000300/60s/A completely fixed, static, tripod-mounted camera records a quiet urban park river at night. The cam.mp4"
i2v,phase7_000300,phase7 ckpt 300,internal,matched,60s,"A completely fixed, static, tripod-mounted camera records a rain-drenched forest path in late aftern.mp4",7689389,fc4a74aa5b1a5270,i2v_source_repo,"output/eval/phase7_000300/60s/A completely fixed, static, tripod-mounted camera records a rain-drenched forest path in late aftern.mp4"
i2v,phase7_000300,phase7 ckpt 300,internal,matched,60s,"A completely fixed, static, tripod-mounted camera records a swollen muddy flood torrent surging thro.mp4",7660091,e25bf635df0b92dc,i2v_source_repo,"output/eval/phase7_000300/60s/A completely fixed, static, tripod-mounted camera records a swollen muddy flood torrent surging thro.mp4"
i2v,phase7_000300,phase7 ckpt 300,internal,matched,60s,"A completely fixed, static, tripod-mounted camera records a swollen winter flood river from a low ba.mp4",7572441,b532d8e07ea7fd5f,i2v_source_repo,"output/eval/phase7_000300/60s/A completely fixed, static, tripod-mounted camera records a swollen winter flood river from a low ba.mp4"
i2v,phase7_000300,phase7 ckpt 300,internal,matched,60s,"A completely fixed, static, tripod-mounted camera records a tranquil moonlit ocean seascape at night.mp4",7644458,ccfb85ebe1a38460,i2v_source_repo,"output/eval/phase7_000300/60s/A completely fixed, static, tripod-mounted camera records a tranquil moonlit ocean seascape at night.mp4"
i2v,phase7_000300,phase7 ckpt 300,internal,matched,60s,"A completely fixed, static, tripod-mounted camera records a tranquil street in a Japanese city durin.mp4",7729482,bb81986346f9bb8b,i2v_source_repo,"output/eval/phase7_000300/60s/A completely fixed, static, tripod-mounted camera records a tranquil street in a Japanese city durin.mp4"
i2v,phase7_000300,phase7 ckpt 300,internal,matched,60s,"A completely fixed, static, tripod-mounted camera records a tropical beach with overhanging coconut .mp4",7534949,7a4def6c00cec08f,i2v_source_repo,"output/eval/phase7_000300/60s/A completely fixed, static, tripod-mounted camera records a tropical beach with overhanging coconut .mp4"
i2v,phase7_000300,phase7 ckpt 300,internal,matched,60s,"A completely fixed, static, tripod-mounted camera records a violent volcanic eruption at deep blue h.mp4",7864214,5ff2065ad68bc29d,i2v_source_repo,"output/eval/phase7_000300/60s/A completely fixed, static, tripod-mounted camera records a violent volcanic eruption at deep blue h.mp4"
i2v,phase7_000300,phase7 ckpt 300,internal,matched,60s,"A completely fixed, static, tripod-mounted camera records an active snowfall in a dense mountain spr.mp4",7676305,8d60e8f4f6eb652e,i2v_source_repo,"output/eval/phase7_000300/60s/A completely fixed, static, tripod-mounted camera records an active snowfall in a dense mountain spr.mp4"
i2v,phase7_000300,phase7 ckpt 300,internal,matched,60s,"A completely fixed, static, tripod-mounted camera records an active snowfall over a wide open alpine.mp4",7764058,c59e52a07f1f5e89,i2v_source_repo,"output/eval/phase7_000300/60s/A completely fixed, static, tripod-mounted camera records an active snowfall over a wide open alpine.mp4"
i2v,phase7_000300,phase7 ckpt 300,internal,matched,60s,"A completely fixed, static, tripod-mounted camera records an active volcanic lava ocean entry event .mp4",7779157,8f581952258141bf,i2v_source_repo,"output/eval/phase7_000300/60s/A completely fixed, static, tripod-mounted camera records an active volcanic lava ocean entry event .mp4"
i2v,phase7_000300,phase7 ckpt 300,internal,matched,60s,"A completely fixed, static, tripod-mounted camera records an erupting stratovolcano at golden sunset.mp4",7854434,eec1c1c658d3c100,i2v_source_repo,"output/eval/phase7_000300/60s/A completely fixed, static, tripod-mounted camera records an erupting stratovolcano at golden sunset.mp4"
i2v,phase7_000300,phase7 ckpt 300,internal,matched,60s,"A completely fixed, static, tripod-mounted camera records an extremely heavy nighttime snowfall on a.mp4",7678943,4ddb68baac3305a0,i2v_source_repo,"output/eval/phase7_000300/60s/A completely fixed, static, tripod-mounted camera records an extremely heavy nighttime snowfall on a.mp4"
i2v,phase7_000300,phase7 ckpt 300,internal,matched,60s,"A completely fixed, static, tripod-mounted camera records moderate rainfall in a cultivated garden a.mp4",7790674,8d4ae81b79d3b0fe,i2v_source_repo,"output/eval/phase7_000300/60s/A completely fixed, static, tripod-mounted camera records moderate rainfall in a cultivated garden a.mp4"
i2v,phase7_000300,phase7 ckpt 300,internal,matched,60s,"A completely fixed, static, tripod-mounted camera records the underside of a long concrete river bri.mp4",7599331,6d20ce81bbe4361a,i2v_source_repo,"output/eval/phase7_000300/60s/A completely fixed, static, tripod-mounted camera records the underside of a long concrete river bri.mp4"
i2v,phase7_000300,phase7 ckpt 300,internal,matched,60s,"A completely fixed, static, tripod-mounted camera records two coconut palms thrashing in a violent t.mp4",7735537,b2b4753a48b9f29e,i2v_source_repo,"output/eval/phase7_000300/60s/A completely fixed, static, tripod-mounted camera records two coconut palms thrashing in a violent t.mp4"
i2v,phase7_000300,phase7 ckpt 300,internal,matched,120s,"A completely fixed, static, aerial tripod-mounted camera records an active lava flow cutting through.mp4",15545558,3391458ecc5a7698,i2v_source_repo,"output/eval/phase7_000300/120s/A completely fixed, static, aerial tripod-mounted camera records an active lava flow cutting through.mp4"
i2v,phase7_000300,phase7 ckpt 300,internal,matched,120s,"A completely fixed, static, close-range tripod-mounted camera records a massive open-ocean wave pitc.mp4",15334298,bc2453811db75856,i2v_source_repo,"output/eval/phase7_000300/120s/A completely fixed, static, close-range tripod-mounted camera records a massive open-ocean wave pitc.mp4"
i2v,phase7_000300,phase7 ckpt 300,internal,matched,120s,"A completely fixed, static, close-range tripod-mounted camera records a single large ocean wave curl.mp4",15519333,aa523baae24b1835,i2v_source_repo,"output/eval/phase7_000300/120s/A completely fixed, static, close-range tripod-mounted camera records a single large ocean wave curl.mp4"
i2v,phase7_000300,phase7 ckpt 300,internal,matched,120s,"A completely fixed, static, close-range tripod-mounted camera records a small forest creek cascading.mp4",15386199,884a75467ec905fe,i2v_source_repo,"output/eval/phase7_000300/120s/A completely fixed, static, close-range tripod-mounted camera records a small forest creek cascading.mp4"
i2v,phase7_000300,phase7 ckpt 300,internal,matched,120s,"A completely fixed, static, low-water-level tripod-mounted camera records a calm mountain river flow.mp4",15445277,604496560ff61043,i2v_source_repo,"output/eval/phase7_000300/120s/A completely fixed, static, low-water-level tripod-mounted camera records a calm mountain river flow.mp4"
i2v,phase7_000300,phase7 ckpt 300,internal,matched,120s,"A completely fixed, static, tripod-mounted camera records a bright blue sky filled with drifting whi.mp4",15475755,83cc6ff6b1133296,i2v_source_repo,"output/eval/phase7_000300/120s/A completely fixed, static, tripod-mounted camera records a bright blue sky filled with drifting whi.mp4"
i2v,phase7_000300,phase7 ckpt 300,internal,matched,120s,"A completely fixed, static, tripod-mounted camera records a channelized urban river running through .mp4",15263987,77095ec1089f9ad4,i2v_source_repo,"output/eval/phase7_000300/120s/A completely fixed, static, tripod-mounted camera records a channelized urban river running through .mp4"
i2v,phase7_000300,phase7 ckpt 300,internal,matched,120s,"A completely fixed, static, tripod-mounted camera records a clear river flowing past a grassy bank a.mp4",15357770,910e17fde738e156,i2v_source_repo,"output/eval/phase7_000300/120s/A completely fixed, static, tripod-mounted camera records a clear river flowing past a grassy bank a.mp4"
i2v,phase7_000300,phase7 ckpt 300,internal,matched,120s,"A completely fixed, static, tripod-mounted camera records a dense city at dusk with a massive dark p.mp4",15725395,2e1f42179e9f1e52,i2v_source_repo,"output/eval/phase7_000300/120s/A completely fixed, static, tripod-mounted camera records a dense city at dusk with a massive dark p.mp4"
i2v,phase7_000300,phase7 ckpt 300,internal,matched,120s,"A completely fixed, static, tripod-mounted camera records a desert dust storm advancing across a fla.mp4",15459332,a0e9f7290e7e08ba,i2v_source_repo,"output/eval/phase7_000300/120s/A completely fixed, static, tripod-mounted camera records a desert dust storm advancing across a fla.mp4"
i2v,phase7_000300,phase7 ckpt 300,internal,matched,120s,"A completely fixed, static, tripod-mounted camera records a fast mountain river running through a ro.mp4",15516344,7b8ec9e64caa72b3,i2v_source_repo,"output/eval/phase7_000300/120s/A completely fixed, static, tripod-mounted camera records a fast mountain river running through a ro.mp4"
i2v,phase7_000300,phase7 ckpt 300,internal,matched,120s,"A completely fixed, static, tripod-mounted camera records a heavy snowfall over a snow-covered alpin.mp4",15128395,97c6f84b152711fd,i2v_source_repo,"output/eval/phase7_000300/120s/A completely fixed, static, tripod-mounted camera records a heavy snowfall over a snow-covered alpin.mp4"
i2v,phase7_000300,phase7 ckpt 300,internal,matched,120s,"A completely fixed, static, tripod-mounted camera records a long row of tall palms thrashing in a tr.mp4",15604900,87354b69d42e4a4c,i2v_source_repo,"output/eval/phase7_000300/120s/A completely fixed, static, tripod-mounted camera records a long row of tall palms thrashing in a tr.mp4"
i2v,phase7_000300,phase7 ckpt 300,internal,matched,120s,"A completely fixed, static, tripod-mounted camera records a nighttime city skyline backed by a large.mp4",15518096,107e0bc4a4a30096,i2v_source_repo,"output/eval/phase7_000300/120s/A completely fixed, static, tripod-mounted camera records a nighttime city skyline backed by a large.mp4"
i2v,phase7_000300,phase7 ckpt 300,internal,matched,120s,"A completely fixed, static, tripod-mounted camera records a rainy narrow city alley at night in desa.mp4",15430831,5425a7526bd8838b,i2v_source_repo,"output/eval/phase7_000300/120s/A completely fixed, static, tripod-mounted camera records a rainy narrow city alley at night in desa.mp4"
i2v,phase7_000300,phase7 ckpt 300,internal,matched,120s,"A completely fixed, static, tripod-mounted camera records a swollen flood river spilling across subm.mp4",15354669,d2b75d222a3e934b,i2v_source_repo,"output/eval/phase7_000300/120s/A completely fixed, static, tripod-mounted camera records a swollen flood river spilling across subm.mp4"
i2v,phase7_000300,phase7 ckpt 300,internal,matched,120s,"A completely fixed, static, tripod-mounted camera records a tree-lined city street in autumn with fa.mp4",15781629,9771f4c4599fc365,i2v_source_repo,"output/eval/phase7_000300/120s/A completely fixed, static, tripod-mounted camera records a tree-lined city street in autumn with fa.mp4"
i2v,phase7_000300,phase7 ckpt 300,internal,matched,120s,"A completely fixed, static, tripod-mounted camera records a tropical white-sand beach with a leaning.mp4",15417570,01aa6ecbfd72a236,i2v_source_repo,"output/eval/phase7_000300/120s/A completely fixed, static, tripod-mounted camera records a tropical white-sand beach with a leaning.mp4"
i2v,phase7_000300,phase7 ckpt 300,internal,matched,120s,"A completely fixed, static, tripod-mounted camera records an active grass-and-brush wildfire spreadi.mp4",15714785,85372af5623841f1,i2v_source_repo,"output/eval/phase7_000300/120s/A completely fixed, static, tripod-mounted camera records an active grass-and-brush wildfire spreadi.mp4"
i2v,phase7_000300,phase7 ckpt 300,internal,matched,120s,"A completely fixed, static, tripod-mounted camera records an extremely heavy daytime snowfall over a.mp4",15365831,13a270e1f24374f6,i2v_source_repo,"output/eval/phase7_000300/120s/A completely fixed, static, tripod-mounted camera records an extremely heavy daytime snowfall over a.mp4"
i2v,phase7_000400,phase7 ckpt 400,internal,matched,60s,"A completely fixed, static, macro tripod-mounted camera records heavy urban rainfall from an extreme.mp4",7954377,0cf02e3668d467ae,i2v_source_repo,"output/eval/phase7_000400/60s/A completely fixed, static, macro tripod-mounted camera records heavy urban rainfall from an extreme.mp4"
i2v,phase7_000400,phase7 ckpt 400,internal,matched,60s,"A completely fixed, static, macro-range tripod-mounted camera records a rain-streaked window pane wi.mp4",7714468,3e9b292b528c6454,i2v_source_repo,"output/eval/phase7_000400/60s/A completely fixed, static, macro-range tripod-mounted camera records a rain-streaked window pane wi.mp4"
i2v,phase7_000400,phase7 ckpt 400,internal,matched,60s,"A completely fixed, static, tripod-mounted camera records a burning forest campfire at night from a .mp4",7765912,4b68c9bd66a14427,i2v_source_repo,"output/eval/phase7_000400/60s/A completely fixed, static, tripod-mounted camera records a burning forest campfire at night from a .mp4"
i2v,phase7_000400,phase7 ckpt 400,internal,matched,60s,"A completely fixed, static, tripod-mounted camera records a calm overcast coastal beach scene from a.mp4",7721223,52472d2f1e7d1fd8,i2v_source_repo,"output/eval/phase7_000400/60s/A completely fixed, static, tripod-mounted camera records a calm overcast coastal beach scene from a.mp4"
i2v,phase7_000400,phase7 ckpt 400,internal,matched,60s,"A completely fixed, static, tripod-mounted camera records a calm winter river from a slightly elevat.mp4",7609380,88ca69ce15202d02,i2v_source_repo,"output/eval/phase7_000400/60s/A completely fixed, static, tripod-mounted camera records a calm winter river from a slightly elevat.mp4"
i2v,phase7_000400,phase7 ckpt 400,internal,matched,60s,"A completely fixed, static, tripod-mounted camera records a clear summer forest stream with boulder .mp4",7685407,4ef122c81e32a36b,i2v_source_repo,"output/eval/phase7_000400/60s/A completely fixed, static, tripod-mounted camera records a clear summer forest stream with boulder .mp4"
i2v,phase7_000400,phase7 ckpt 400,internal,matched,60s,"A completely fixed, static, tripod-mounted camera records a coastal tuff cone headland and the open .mp4",7742052,f673ef6c4c091d3b,i2v_source_repo,"output/eval/phase7_000400/60s/A completely fixed, static, tripod-mounted camera records a coastal tuff cone headland and the open .mp4"
i2v,phase7_000400,phase7 ckpt 400,internal,matched,60s,"A completely fixed, static, tripod-mounted camera records a desert dust storm sweeping across a flat.mp4",7610658,a697708cc26a9397,i2v_source_repo,"output/eval/phase7_000400/60s/A completely fixed, static, tripod-mounted camera records a desert dust storm sweeping across a flat.mp4"
i2v,phase7_000400,phase7 ckpt 400,internal,matched,60s,"A completely fixed, static, tripod-mounted camera records a fast mountain river cascading over a bou.mp4",7687727,0da15465c8df7118,i2v_source_repo,"output/eval/phase7_000400/60s/A completely fixed, static, tripod-mounted camera records a fast mountain river cascading over a bou.mp4"
i2v,phase7_000400,phase7 ckpt 400,internal,matched,60s,"A completely fixed, static, tripod-mounted camera records a gentle clear forest stream in a lush gre.mp4",7624805,2dd4fb95c62d8903,i2v_source_repo,"output/eval/phase7_000400/60s/A completely fixed, static, tripod-mounted camera records a gentle clear forest stream in a lush gre.mp4"
i2v,phase7_000400,phase7 ckpt 400,internal,matched,60s,"A completely fixed, static, tripod-mounted camera records a heavy daytime snowstorm on a dense city .mp4",7618425,e326455eca233780,i2v_source_repo,"output/eval/phase7_000400/60s/A completely fixed, static, tripod-mounted camera records a heavy daytime snowstorm on a dense city .mp4"
i2v,phase7_000400,phase7 ckpt 400,internal,matched,60s,"A completely fixed, static, tripod-mounted camera records a heavy nighttime snowfall on a quiet hist.mp4",7729474,0f0627fb028f4eb7,i2v_source_repo,"output/eval/phase7_000400/60s/A completely fixed, static, tripod-mounted camera records a heavy nighttime snowfall on a quiet hist.mp4"
i2v,phase7_000400,phase7 ckpt 400,internal,matched,60s,"A completely fixed, static, tripod-mounted camera records a lone windswept pine clinging to a bare r.mp4",7673774,35e6a582f5b49fb5,i2v_source_repo,"output/eval/phase7_000400/60s/A completely fixed, static, tripod-mounted camera records a lone windswept pine clinging to a bare r.mp4"
i2v,phase7_000400,phase7 ckpt 400,internal,matched,60s,"A completely fixed, static, tripod-mounted camera records a multi-tiered cascading forest stream fro.mp4",7621478,39a8c8c7db444ff4,i2v_source_repo,"output/eval/phase7_000400/60s/A completely fixed, static, tripod-mounted camera records a multi-tiered cascading forest stream fro.mp4"
i2v,phase7_000400,phase7 ckpt 400,internal,matched,60s,"A completely fixed, static, tripod-mounted camera records a quiet urban park river at night. The cam.mp4",7659931,6e489af37939f694,i2v_source_repo,"output/eval/phase7_000400/60s/A completely fixed, static, tripod-mounted camera records a quiet urban park river at night. The cam.mp4"
i2v,phase7_000400,phase7 ckpt 400,internal,matched,60s,"A completely fixed, static, tripod-mounted camera records a rain-drenched forest path in late aftern.mp4",7714546,b05911576f57b037,i2v_source_repo,"output/eval/phase7_000400/60s/A completely fixed, static, tripod-mounted camera records a rain-drenched forest path in late aftern.mp4"
i2v,phase7_000400,phase7 ckpt 400,internal,matched,60s,"A completely fixed, static, tripod-mounted camera records a swollen muddy flood torrent surging thro.mp4",7628668,74b23d709902634e,i2v_source_repo,"output/eval/phase7_000400/60s/A completely fixed, static, tripod-mounted camera records a swollen muddy flood torrent surging thro.mp4"
i2v,phase7_000400,phase7 ckpt 400,internal,matched,60s,"A completely fixed, static, tripod-mounted camera records a swollen winter flood river from a low ba.mp4",7571662,979351a799aba8af,i2v_source_repo,"output/eval/phase7_000400/60s/A completely fixed, static, tripod-mounted camera records a swollen winter flood river from a low ba.mp4"
i2v,phase7_000400,phase7 ckpt 400,internal,matched,60s,"A completely fixed, static, tripod-mounted camera records a tranquil moonlit ocean seascape at night.mp4",7649589,5b1ca1600646f640,i2v_source_repo,"output/eval/phase7_000400/60s/A completely fixed, static, tripod-mounted camera records a tranquil moonlit ocean seascape at night.mp4"
i2v,phase7_000400,phase7 ckpt 400,internal,matched,60s,"A completely fixed, static, tripod-mounted camera records a tranquil street in a Japanese city durin.mp4",7711290,96eb6f35c2fc9bf8,i2v_source_repo,"output/eval/phase7_000400/60s/A completely fixed, static, tripod-mounted camera records a tranquil street in a Japanese city durin.mp4"
i2v,phase7_000400,phase7 ckpt 400,internal,matched,60s,"A completely fixed, static, tripod-mounted camera records a tropical beach with overhanging coconut .mp4",7585303,a3856ba2939873e0,i2v_source_repo,"output/eval/phase7_000400/60s/A completely fixed, static, tripod-mounted camera records a tropical beach with overhanging coconut .mp4"
i2v,phase7_000400,phase7 ckpt 400,internal,matched,60s,"A completely fixed, static, tripod-mounted camera records a violent volcanic eruption at deep blue h.mp4",7857327,fd2f9c84cd9334a4,i2v_source_repo,"output/eval/phase7_000400/60s/A completely fixed, static, tripod-mounted camera records a violent volcanic eruption at deep blue h.mp4"
i2v,phase7_000400,phase7 ckpt 400,internal,matched,60s,"A completely fixed, static, tripod-mounted camera records an active snowfall in a dense mountain spr.mp4",7715518,4ff362e290191419,i2v_source_repo,"output/eval/phase7_000400/60s/A completely fixed, static, tripod-mounted camera records an active snowfall in a dense mountain spr.mp4"
i2v,phase7_000400,phase7 ckpt 400,internal,matched,60s,"A completely fixed, static, tripod-mounted camera records an active snowfall over a wide open alpine.mp4",7738231,c691113d94139408,i2v_source_repo,"output/eval/phase7_000400/60s/A completely fixed, static, tripod-mounted camera records an active snowfall over a wide open alpine.mp4"
i2v,phase7_000400,phase7 ckpt 400,internal,matched,60s,"A completely fixed, static, tripod-mounted camera records an active volcanic lava ocean entry event .mp4",7688009,22799bb30e502549,i2v_source_repo,"output/eval/phase7_000400/60s/A completely fixed, static, tripod-mounted camera records an active volcanic lava ocean entry event .mp4"
i2v,phase7_000400,phase7 ckpt 400,internal,matched,60s,"A completely fixed, static, tripod-mounted camera records an erupting stratovolcano at golden sunset.mp4",7811690,33e402a5859a771b,i2v_source_repo,"output/eval/phase7_000400/60s/A completely fixed, static, tripod-mounted camera records an erupting stratovolcano at golden sunset.mp4"
i2v,phase7_000400,phase7 ckpt 400,internal,matched,60s,"A completely fixed, static, tripod-mounted camera records an extremely heavy nighttime snowfall on a.mp4",7711985,003136b3a4a1fe2d,i2v_source_repo,"output/eval/phase7_000400/60s/A completely fixed, static, tripod-mounted camera records an extremely heavy nighttime snowfall on a.mp4"
i2v,phase7_000400,phase7 ckpt 400,internal,matched,60s,"A completely fixed, static, tripod-mounted camera records moderate rainfall in a cultivated garden a.mp4",7801324,1217727b026119bf,i2v_source_repo,"output/eval/phase7_000400/60s/A completely fixed, static, tripod-mounted camera records moderate rainfall in a cultivated garden a.mp4"
i2v,phase7_000400,phase7 ckpt 400,internal,matched,60s,"A completely fixed, static, tripod-mounted camera records the underside of a long concrete river bri.mp4",7601339,8173f47db56032c4,i2v_source_repo,"output/eval/phase7_000400/60s/A completely fixed, static, tripod-mounted camera records the underside of a long concrete river bri.mp4"
i2v,phase7_000400,phase7 ckpt 400,internal,matched,60s,"A completely fixed, static, tripod-mounted camera records two coconut palms thrashing in a violent t.mp4",7737440,2c69d5ce24f2a6cc,i2v_source_repo,"output/eval/phase7_000400/60s/A completely fixed, static, tripod-mounted camera records two coconut palms thrashing in a violent t.mp4"
i2v,phase7_000400,phase7 ckpt 400,internal,matched,120s,"A completely fixed, static, aerial tripod-mounted camera records an active lava flow cutting through.mp4",15564464,c2551f44f10e1481,i2v_source_repo,"output/eval/phase7_000400/120s/A completely fixed, static, aerial tripod-mounted camera records an active lava flow cutting through.mp4"
i2v,phase7_000400,phase7 ckpt 400,internal,matched,120s,"A completely fixed, static, close-range tripod-mounted camera records a massive open-ocean wave pitc.mp4",15321226,56e0d0c7b18615f3,i2v_source_repo,"output/eval/phase7_000400/120s/A completely fixed, static, close-range tripod-mounted camera records a massive open-ocean wave pitc.mp4"
i2v,phase7_000400,phase7 ckpt 400,internal,matched,120s,"A completely fixed, static, close-range tripod-mounted camera records a single large ocean wave curl.mp4",15528489,5e0ba56414103337,i2v_source_repo,"output/eval/phase7_000400/120s/A completely fixed, static, close-range tripod-mounted camera records a single large ocean wave curl.mp4"
i2v,phase7_000400,phase7 ckpt 400,internal,matched,120s,"A completely fixed, static, close-range tripod-mounted camera records a small forest creek cascading.mp4",15387235,23156c35d0cea0d0,i2v_source_repo,"output/eval/phase7_000400/120s/A completely fixed, static, close-range tripod-mounted camera records a small forest creek cascading.mp4"
i2v,phase7_000400,phase7 ckpt 400,internal,matched,120s,"A completely fixed, static, low-water-level tripod-mounted camera records a calm mountain river flow.mp4",15418616,3feddd92e0f2f03a,i2v_source_repo,"output/eval/phase7_000400/120s/A completely fixed, static, low-water-level tripod-mounted camera records a calm mountain river flow.mp4"
i2v,phase7_000400,phase7 ckpt 400,internal,matched,120s,"A completely fixed, static, tripod-mounted camera records a bright blue sky filled with drifting whi.mp4",15490229,cdf78222fa5b0f5d,i2v_source_repo,"output/eval/phase7_000400/120s/A completely fixed, static, tripod-mounted camera records a bright blue sky filled with drifting whi.mp4"
i2v,phase7_000400,phase7 ckpt 400,internal,matched,120s,"A completely fixed, static, tripod-mounted camera records a channelized urban river running through .mp4",15254625,b5216cea96d873e5,i2v_source_repo,"output/eval/phase7_000400/120s/A completely fixed, static, tripod-mounted camera records a channelized urban river running through .mp4"
i2v,phase7_000400,phase7 ckpt 400,internal,matched,120s,"A completely fixed, static, tripod-mounted camera records a clear river flowing past a grassy bank a.mp4",15338226,05b7c703a4d8a282,i2v_source_repo,"output/eval/phase7_000400/120s/A completely fixed, static, tripod-mounted camera records a clear river flowing past a grassy bank a.mp4"
i2v,phase7_000400,phase7 ckpt 400,internal,matched,120s,"A completely fixed, static, tripod-mounted camera records a dense city at dusk with a massive dark p.mp4",15658091,200309a11fef98b4,i2v_source_repo,"output/eval/phase7_000400/120s/A completely fixed, static, tripod-mounted camera records a dense city at dusk with a massive dark p.mp4"
i2v,phase7_000400,phase7 ckpt 400,internal,matched,120s,"A completely fixed, static, tripod-mounted camera records a desert dust storm advancing across a fla.mp4",15458326,97eeb10ecc4b6d6f,i2v_source_repo,"output/eval/phase7_000400/120s/A completely fixed, static, tripod-mounted camera records a desert dust storm advancing across a fla.mp4"
i2v,phase7_000400,phase7 ckpt 400,internal,matched,120s,"A completely fixed, static, tripod-mounted camera records a fast mountain river running through a ro.mp4",15378264,b790a2a980a9987a,i2v_source_repo,"output/eval/phase7_000400/120s/A completely fixed, static, tripod-mounted camera records a fast mountain river running through a ro.mp4"
i2v,phase7_000400,phase7 ckpt 400,internal,matched,120s,"A completely fixed, static, tripod-mounted camera records a heavy snowfall over a snow-covered alpin.mp4",14946499,80c47d652d662f8a,i2v_source_repo,"output/eval/phase7_000400/120s/A completely fixed, static, tripod-mounted camera records a heavy snowfall over a snow-covered alpin.mp4"
i2v,phase7_000400,phase7 ckpt 400,internal,matched,120s,"A completely fixed, static, tripod-mounted camera records a long row of tall palms thrashing in a tr.mp4",16001705,a7d469c32237c55e,i2v_source_repo,"output/eval/phase7_000400/120s/A completely fixed, static, tripod-mounted camera records a long row of tall palms thrashing in a tr.mp4"
i2v,phase7_000400,phase7 ckpt 400,internal,matched,120s,"A completely fixed, static, tripod-mounted camera records a nighttime city skyline backed by a large.mp4",15544634,e8190a7a59ccd50f,i2v_source_repo,"output/eval/phase7_000400/120s/A completely fixed, static, tripod-mounted camera records a nighttime city skyline backed by a large.mp4"
i2v,phase7_000400,phase7 ckpt 400,internal,matched,120s,"A completely fixed, static, tripod-mounted camera records a rainy narrow city alley at night in desa.mp4",15287777,05cda47adab2e0a0,i2v_source_repo,"output/eval/phase7_000400/120s/A completely fixed, static, tripod-mounted camera records a rainy narrow city alley at night in desa.mp4"
i2v,phase7_000400,phase7 ckpt 400,internal,matched,120s,"A completely fixed, static, tripod-mounted camera records a swollen flood river spilling across subm.mp4",15313124,88abf38a8fcd0629,i2v_source_repo,"output/eval/phase7_000400/120s/A completely fixed, static, tripod-mounted camera records a swollen flood river spilling across subm.mp4"
i2v,phase7_000400,phase7 ckpt 400,internal,matched,120s,"A completely fixed, static, tripod-mounted camera records a tree-lined city street in autumn with fa.mp4",15690676,c40f5553375305dd,i2v_source_repo,"output/eval/phase7_000400/120s/A completely fixed, static, tripod-mounted camera records a tree-lined city street in autumn with fa.mp4"
i2v,phase7_000400,phase7 ckpt 400,internal,matched,120s,"A completely fixed, static, tripod-mounted camera records a tropical white-sand beach with a leaning.mp4",15355147,2d8e393bf0fd0eee,i2v_source_repo,"output/eval/phase7_000400/120s/A completely fixed, static, tripod-mounted camera records a tropical white-sand beach with a leaning.mp4"
i2v,phase7_000400,phase7 ckpt 400,internal,matched,120s,"A completely fixed, static, tripod-mounted camera records an active grass-and-brush wildfire spreadi.mp4",15855686,a01792478430020e,i2v_source_repo,"output/eval/phase7_000400/120s/A completely fixed, static, tripod-mounted camera records an active grass-and-brush wildfire spreadi.mp4"
i2v,phase7_000400,phase7 ckpt 400,internal,matched,120s,"A completely fixed, static, tripod-mounted camera records an extremely heavy daytime snowfall over a.mp4",15625323,a659a70dec221682,i2v_source_repo,"output/eval/phase7_000400/120s/A completely fixed, static, tripod-mounted camera records an extremely heavy daytime snowfall over a.mp4"
i2v,f1s_framewise,"Causal-Forcing++ (1-step, frame-wise)",public,native,60s,"A completely fixed, static, macro tripod-mounted camera records heavy urban rainfall from an extreme.mp4",7633103,35ff7ace52f0ebaf,i2v_source_repo,"output/eval/f1s_framewise/60s/A completely fixed, static, macro tripod-mounted camera records heavy urban rainfall from an extreme.mp4"
i2v,f1s_framewise,"Causal-Forcing++ (1-step, frame-wise)",public,native,60s,"A completely fixed, static, macro-range tripod-mounted camera records a rain-streaked window pane wi.mp4",8068678,bed38d7a6b8bfe16,i2v_source_repo,"output/eval/f1s_framewise/60s/A completely fixed, static, macro-range tripod-mounted camera records a rain-streaked window pane wi.mp4"
i2v,f1s_framewise,"Causal-Forcing++ (1-step, frame-wise)",public,native,60s,"A completely fixed, static, tripod-mounted camera records a burning forest campfire at night from a .mp4",7939598,84de76e9010a76fb,i2v_source_repo,"output/eval/f1s_framewise/60s/A completely fixed, static, tripod-mounted camera records a burning forest campfire at night from a .mp4"
i2v,f1s_framewise,"Causal-Forcing++ (1-step, frame-wise)",public,native,60s,"A completely fixed, static, tripod-mounted camera records a calm overcast coastal beach scene from a.mp4",8725230,856de3a4287487ed,i2v_source_repo,"output/eval/f1s_framewise/60s/A completely fixed, static, tripod-mounted camera records a calm overcast coastal beach scene from a.mp4"
i2v,f1s_framewise,"Causal-Forcing++ (1-step, frame-wise)",public,native,60s,"A completely fixed, static, tripod-mounted camera records a calm winter river from a slightly elevat.mp4",7480014,0dbb8e61076ba349,i2v_source_repo,"output/eval/f1s_framewise/60s/A completely fixed, static, tripod-mounted camera records a calm winter river from a slightly elevat.mp4"
i2v,f1s_framewise,"Causal-Forcing++ (1-step, frame-wise)",public,native,60s,"A completely fixed, static, tripod-mounted camera records a clear summer forest stream with boulder .mp4",7679680,d4e81455f55cd04c,i2v_source_repo,"output/eval/f1s_framewise/60s/A completely fixed, static, tripod-mounted camera records a clear summer forest stream with boulder .mp4"
i2v,f1s_framewise,"Causal-Forcing++ (1-step, frame-wise)",public,native,60s,"A completely fixed, static, tripod-mounted camera records a coastal tuff cone headland and the open .mp4",7749264,fd675ad92419b306,i2v_source_repo,"output/eval/f1s_framewise/60s/A completely fixed, static, tripod-mounted camera records a coastal tuff cone headland and the open .mp4"
i2v,f1s_framewise,"Causal-Forcing++ (1-step, frame-wise)",public,native,60s,"A completely fixed, static, tripod-mounted camera records a desert dust storm sweeping across a flat.mp4",7656174,c74b7a1258e91ac0,i2v_source_repo,"output/eval/f1s_framewise/60s/A completely fixed, static, tripod-mounted camera records a desert dust storm sweeping across a flat.mp4"
i2v,f1s_framewise,"Causal-Forcing++ (1-step, frame-wise)",public,native,60s,"A completely fixed, static, tripod-mounted camera records a fast mountain river cascading over a bou.mp4",7572875,0da4bac69e640375,i2v_source_repo,"output/eval/f1s_framewise/60s/A completely fixed, static, tripod-mounted camera records a fast mountain river cascading over a bou.mp4"
i2v,f1s_framewise,"Causal-Forcing++ (1-step, frame-wise)",public,native,60s,"A completely fixed, static, tripod-mounted camera records a gentle clear forest stream in a lush gre.mp4",7631272,413dfc8ed7d13002,i2v_source_repo,"output/eval/f1s_framewise/60s/A completely fixed, static, tripod-mounted camera records a gentle clear forest stream in a lush gre.mp4"
i2v,f1s_framewise,"Causal-Forcing++ (1-step, frame-wise)",public,native,60s,"A completely fixed, static, tripod-mounted camera records a heavy daytime snowstorm on a dense city .mp4",7590912,3a78ea0da2329459,i2v_source_repo,"output/eval/f1s_framewise/60s/A completely fixed, static, tripod-mounted camera records a heavy daytime snowstorm on a dense city .mp4"
i2v,f1s_framewise,"Causal-Forcing++ (1-step, frame-wise)",public,native,60s,"A completely fixed, static, tripod-mounted camera records a heavy nighttime snowfall on a quiet hist.mp4",7856963,db8fb784cd84105b,i2v_source_repo,"output/eval/f1s_framewise/60s/A completely fixed, static, tripod-mounted camera records a heavy nighttime snowfall on a quiet hist.mp4"
i2v,f1s_framewise,"Causal-Forcing++ (1-step, frame-wise)",public,native,60s,"A completely fixed, static, tripod-mounted camera records a lone windswept pine clinging to a bare r.mp4",8938610,831e0bb3fa9a0d84,i2v_source_repo,"output/eval/f1s_framewise/60s/A completely fixed, static, tripod-mounted camera records a lone windswept pine clinging to a bare r.mp4"
i2v,f1s_framewise,"Causal-Forcing++ (1-step, frame-wise)",public,native,60s,"A completely fixed, static, tripod-mounted camera records a multi-tiered cascading forest stream fro.mp4",7349260,15d4c09c882dfa8c,i2v_source_repo,"output/eval/f1s_framewise/60s/A completely fixed, static, tripod-mounted camera records a multi-tiered cascading forest stream fro.mp4"
i2v,f1s_framewise,"Causal-Forcing++ (1-step, frame-wise)",public,native,60s,"A completely fixed, static, tripod-mounted camera records a quiet urban park river at night. The cam.mp4",7682486,2bcb8c54774928cb,i2v_source_repo,"output/eval/f1s_framewise/60s/A completely fixed, static, tripod-mounted camera records a quiet urban park river at night. The cam.mp4"
i2v,f1s_framewise,"Causal-Forcing++ (1-step, frame-wise)",public,native,60s,"A completely fixed, static, tripod-mounted camera records a rain-drenched forest path in late aftern.mp4",7712789,0d52d2c6a9b42695,i2v_source_repo,"output/eval/f1s_framewise/60s/A completely fixed, static, tripod-mounted camera records a rain-drenched forest path in late aftern.mp4"
i2v,f1s_framewise,"Causal-Forcing++ (1-step, frame-wise)",public,native,60s,"A completely fixed, static, tripod-mounted camera records a swollen muddy flood torrent surging thro.mp4",7801798,f33563c1e0f59d91,i2v_source_repo,"output/eval/f1s_framewise/60s/A completely fixed, static, tripod-mounted camera records a swollen muddy flood torrent surging thro.mp4"
i2v,f1s_framewise,"Causal-Forcing++ (1-step, frame-wise)",public,native,60s,"A completely fixed, static, tripod-mounted camera records a swollen winter flood river from a low ba.mp4",7743100,c291be4293863a24,i2v_source_repo,"output/eval/f1s_framewise/60s/A completely fixed, static, tripod-mounted camera records a swollen winter flood river from a low ba.mp4"
i2v,f1s_framewise,"Causal-Forcing++ (1-step, frame-wise)",public,native,60s,"A completely fixed, static, tripod-mounted camera records a tranquil moonlit ocean seascape at night.mp4",8269083,eeb9563cd254815c,i2v_source_repo,"output/eval/f1s_framewise/60s/A completely fixed, static, tripod-mounted camera records a tranquil moonlit ocean seascape at night.mp4"
i2v,f1s_framewise,"Causal-Forcing++ (1-step, frame-wise)",public,native,60s,"A completely fixed, static, tripod-mounted camera records a tranquil street in a Japanese city durin.mp4",8142915,9dba65e82eb2aac7,i2v_source_repo,"output/eval/f1s_framewise/60s/A completely fixed, static, tripod-mounted camera records a tranquil street in a Japanese city durin.mp4"
i2v,f1s_framewise,"Causal-Forcing++ (1-step, frame-wise)",public,native,60s,"A completely fixed, static, tripod-mounted camera records a tropical beach with overhanging coconut .mp4",7806703,c5e461c25e12227a,i2v_source_repo,"output/eval/f1s_framewise/60s/A completely fixed, static, tripod-mounted camera records a tropical beach with overhanging coconut .mp4"
i2v,f1s_framewise,"Causal-Forcing++ (1-step, frame-wise)",public,native,60s,"A completely fixed, static, tripod-mounted camera records a violent volcanic eruption at deep blue h.mp4",7479231,f0f8b6de69277148,i2v_source_repo,"output/eval/f1s_framewise/60s/A completely fixed, static, tripod-mounted camera records a violent volcanic eruption at deep blue h.mp4"
i2v,f1s_framewise,"Causal-Forcing++ (1-step, frame-wise)",public,native,60s,"A completely fixed, static, tripod-mounted camera records an active snowfall in a dense mountain spr.mp4",7880751,67d59f3bc3a1ec1d,i2v_source_repo,"output/eval/f1s_framewise/60s/A completely fixed, static, tripod-mounted camera records an active snowfall in a dense mountain spr.mp4"
i2v,f1s_framewise,"Causal-Forcing++ (1-step, frame-wise)",public,native,60s,"A completely fixed, static, tripod-mounted camera records an active snowfall over a wide open alpine.mp4",7708019,59f5c53ee6aed012,i2v_source_repo,"output/eval/f1s_framewise/60s/A completely fixed, static, tripod-mounted camera records an active snowfall over a wide open alpine.mp4"
i2v,f1s_framewise,"Causal-Forcing++ (1-step, frame-wise)",public,native,60s,"A completely fixed, static, tripod-mounted camera records an active volcanic lava ocean entry event .mp4",8259749,c63ade49c5f7f0d8,i2v_source_repo,"output/eval/f1s_framewise/60s/A completely fixed, static, tripod-mounted camera records an active volcanic lava ocean entry event .mp4"
i2v,f1s_framewise,"Causal-Forcing++ (1-step, frame-wise)",public,native,60s,"A completely fixed, static, tripod-mounted camera records an erupting stratovolcano at golden sunset.mp4",8195266,d432403f022187d6,i2v_source_repo,"output/eval/f1s_framewise/60s/A completely fixed, static, tripod-mounted camera records an erupting stratovolcano at golden sunset.mp4"
i2v,f1s_framewise,"Causal-Forcing++ (1-step, frame-wise)",public,native,60s,"A completely fixed, static, tripod-mounted camera records an extremely heavy nighttime snowfall on a.mp4",7957577,0d5b29ccc9ba6061,i2v_source_repo,"output/eval/f1s_framewise/60s/A completely fixed, static, tripod-mounted camera records an extremely heavy nighttime snowfall on a.mp4"
i2v,f1s_framewise,"Causal-Forcing++ (1-step, frame-wise)",public,native,60s,"A completely fixed, static, tripod-mounted camera records moderate rainfall in a cultivated garden a.mp4",7658938,c50ec71535e6a74e,i2v_source_repo,"output/eval/f1s_framewise/60s/A completely fixed, static, tripod-mounted camera records moderate rainfall in a cultivated garden a.mp4"
i2v,f1s_framewise,"Causal-Forcing++ (1-step, frame-wise)",public,native,60s,"A completely fixed, static, tripod-mounted camera records the underside of a long concrete river bri.mp4",7727545,ed50cfbacf303f91,i2v_source_repo,"output/eval/f1s_framewise/60s/A completely fixed, static, tripod-mounted camera records the underside of a long concrete river bri.mp4"
i2v,f1s_framewise,"Causal-Forcing++ (1-step, frame-wise)",public,native,60s,"A completely fixed, static, tripod-mounted camera records two coconut palms thrashing in a violent t.mp4",8043161,c2c879c0b532d8b6,i2v_source_repo,"output/eval/f1s_framewise/60s/A completely fixed, static, tripod-mounted camera records two coconut palms thrashing in a violent t.mp4"
i2v,f1s_framewise,"Causal-Forcing++ (1-step, frame-wise)",public,native,120s,"A completely fixed, static, aerial tripod-mounted camera records an active lava flow cutting through.mp4",14518718,e6f67265c0622759,i2v_source_repo,"output/eval/f1s_framewise/120s/A completely fixed, static, aerial tripod-mounted camera records an active lava flow cutting through.mp4"
i2v,f1s_framewise,"Causal-Forcing++ (1-step, frame-wise)",public,native,120s,"A completely fixed, static, close-range tripod-mounted camera records a massive open-ocean wave pitc.mp4",14468134,91480ff357e51f6b,i2v_source_repo,"output/eval/f1s_framewise/120s/A completely fixed, static, close-range tripod-mounted camera records a massive open-ocean wave pitc.mp4"
i2v,f1s_framewise,"Causal-Forcing++ (1-step, frame-wise)",public,native,120s,"A completely fixed, static, close-range tripod-mounted camera records a single large ocean wave curl.mp4",14885815,9cd09c27d4075ba9,i2v_source_repo,"output/eval/f1s_framewise/120s/A completely fixed, static, close-range tripod-mounted camera records a single large ocean wave curl.mp4"
i2v,f1s_framewise,"Causal-Forcing++ (1-step, frame-wise)",public,native,120s,"A completely fixed, static, close-range tripod-mounted camera records a small forest creek cascading.mp4",15804885,4b432dad8b488421,i2v_source_repo,"output/eval/f1s_framewise/120s/A completely fixed, static, close-range tripod-mounted camera records a small forest creek cascading.mp4"
i2v,f1s_framewise,"Causal-Forcing++ (1-step, frame-wise)",public,native,120s,"A completely fixed, static, low-water-level tripod-mounted camera records a calm mountain river flow.mp4",17044713,4eb318ee5315ffa7,i2v_source_repo,"output/eval/f1s_framewise/120s/A completely fixed, static, low-water-level tripod-mounted camera records a calm mountain river flow.mp4"
i2v,f1s_framewise,"Causal-Forcing++ (1-step, frame-wise)",public,native,120s,"A completely fixed, static, tripod-mounted camera records a bright blue sky filled with drifting whi.mp4",14358741,98d01f5e11915966,i2v_source_repo,"output/eval/f1s_framewise/120s/A completely fixed, static, tripod-mounted camera records a bright blue sky filled with drifting whi.mp4"
i2v,f1s_framewise,"Causal-Forcing++ (1-step, frame-wise)",public,native,120s,"A completely fixed, static, tripod-mounted camera records a channelized urban river running through .mp4",16239266,940014f3867133c2,i2v_source_repo,"output/eval/f1s_framewise/120s/A completely fixed, static, tripod-mounted camera records a channelized urban river running through .mp4"
i2v,f1s_framewise,"Causal-Forcing++ (1-step, frame-wise)",public,native,120s,"A completely fixed, static, tripod-mounted camera records a clear river flowing past a grassy bank a.mp4",15513641,7294ca946dfc3d7c,i2v_source_repo,"output/eval/f1s_framewise/120s/A completely fixed, static, tripod-mounted camera records a clear river flowing past a grassy bank a.mp4"
i2v,f1s_framewise,"Causal-Forcing++ (1-step, frame-wise)",public,native,120s,"A completely fixed, static, tripod-mounted camera records a dense city at dusk with a massive dark p.mp4",14851677,a8b853d2b18fe95b,i2v_source_repo,"output/eval/f1s_framewise/120s/A completely fixed, static, tripod-mounted camera records a dense city at dusk with a massive dark p.mp4"
i2v,f1s_framewise,"Causal-Forcing++ (1-step, frame-wise)",public,native,120s,"A completely fixed, static, tripod-mounted camera records a desert dust storm advancing across a fla.mp4",16275991,f7c1af864b26be41,i2v_source_repo,"output/eval/f1s_framewise/120s/A completely fixed, static, tripod-mounted camera records a desert dust storm advancing across a fla.mp4"
i2v,f1s_framewise,"Causal-Forcing++ (1-step, frame-wise)",public,native,120s,"A completely fixed, static, tripod-mounted camera records a fast mountain river running through a ro.mp4",15240544,0faa837ea1c11303,i2v_source_repo,"output/eval/f1s_framewise/120s/A completely fixed, static, tripod-mounted camera records a fast mountain river running through a ro.mp4"
i2v,f1s_framewise,"Causal-Forcing++ (1-step, frame-wise)",public,native,120s,"A completely fixed, static, tripod-mounted camera records a heavy snowfall over a snow-covered alpin.mp4",15856549,f6ddb8e065e7b6ba,i2v_source_repo,"output/eval/f1s_framewise/120s/A completely fixed, static, tripod-mounted camera records a heavy snowfall over a snow-covered alpin.mp4"
i2v,f1s_framewise,"Causal-Forcing++ (1-step, frame-wise)",public,native,120s,"A completely fixed, static, tripod-mounted camera records a long row of tall palms thrashing in a tr.mp4",15279166,4f1663ef1c1e8f6e,i2v_source_repo,"output/eval/f1s_framewise/120s/A completely fixed, static, tripod-mounted camera records a long row of tall palms thrashing in a tr.mp4"
i2v,f1s_framewise,"Causal-Forcing++ (1-step, frame-wise)",public,native,120s,"A completely fixed, static, tripod-mounted camera records a nighttime city skyline backed by a large.mp4",15048489,fa7ec2fe4eeab3b3,i2v_source_repo,"output/eval/f1s_framewise/120s/A completely fixed, static, tripod-mounted camera records a nighttime city skyline backed by a large.mp4"
i2v,f1s_framewise,"Causal-Forcing++ (1-step, frame-wise)",public,native,120s,"A completely fixed, static, tripod-mounted camera records a rainy narrow city alley at night in desa.mp4",15027520,2e663cff21243781,i2v_source_repo,"output/eval/f1s_framewise/120s/A completely fixed, static, tripod-mounted camera records a rainy narrow city alley at night in desa.mp4"
i2v,f1s_framewise,"Causal-Forcing++ (1-step, frame-wise)",public,native,120s,"A completely fixed, static, tripod-mounted camera records a swollen flood river spilling across subm.mp4",15385328,3caff6d04e6ec1a7,i2v_source_repo,"output/eval/f1s_framewise/120s/A completely fixed, static, tripod-mounted camera records a swollen flood river spilling across subm.mp4"
i2v,f1s_framewise,"Causal-Forcing++ (1-step, frame-wise)",public,native,120s,"A completely fixed, static, tripod-mounted camera records a tree-lined city street in autumn with fa.mp4",15605478,095b036e743ad96c,i2v_source_repo,"output/eval/f1s_framewise/120s/A completely fixed, static, tripod-mounted camera records a tree-lined city street in autumn with fa.mp4"
i2v,f1s_framewise,"Causal-Forcing++ (1-step, frame-wise)",public,native,120s,"A completely fixed, static, tripod-mounted camera records a tropical white-sand beach with a leaning.mp4",16224412,0edf87b7db3971d1,i2v_source_repo,"output/eval/f1s_framewise/120s/A completely fixed, static, tripod-mounted camera records a tropical white-sand beach with a leaning.mp4"
i2v,f1s_framewise,"Causal-Forcing++ (1-step, frame-wise)",public,native,120s,"A completely fixed, static, tripod-mounted camera records an active grass-and-brush wildfire spreadi.mp4",16546686,ce6aea2fa0b29ff6,i2v_source_repo,"output/eval/f1s_framewise/120s/A completely fixed, static, tripod-mounted camera records an active grass-and-brush wildfire spreadi.mp4"
i2v,f1s_framewise,"Causal-Forcing++ (1-step, frame-wise)",public,native,120s,"A completely fixed, static, tripod-mounted camera records an extremely heavy daytime snowfall over a.mp4",15556588,1aa71bea96ccfb73,i2v_source_repo,"output/eval/f1s_framewise/120s/A completely fixed, static, tripod-mounted camera records an extremely heavy daytime snowfall over a.mp4"
i2v,chunk6_cm,Causal-Forcing++ (2-step) +color-match,postproc,matched,5s,"A completely fixed, static, macro-closeup tripod-mounted camera records heavy rainfall falling direc.mp4",1077603,aff7d47111660699,i2v_source_repo,"output/eval/chunk6_cm/5s/A completely fixed, static, macro-closeup tripod-mounted camera records heavy rainfall falling direc.mp4"
i2v,chunk6_cm,Causal-Forcing++ (2-step) +color-match,postproc,matched,5s,"A completely fixed, static, tripod-mounted camera records a burning indoor fireplace from a direct f.mp4",804494,dba6e96ca25f3ed4,i2v_source_repo,"output/eval/chunk6_cm/5s/A completely fixed, static, tripod-mounted camera records a burning indoor fireplace from a direct f.mp4"
i2v,chunk6_cm,Causal-Forcing++ (2-step) +color-match,postproc,matched,5s,"A completely fixed, static, tripod-mounted camera records a calm urban river at deep blue twilight f.mp4",874583,2922977ddf90be15,i2v_source_repo,"output/eval/chunk6_cm/5s/A completely fixed, static, tripod-mounted camera records a calm urban river at deep blue twilight f.mp4"
i2v,chunk6_cm,Causal-Forcing++ (2-step) +color-match,postproc,matched,5s,"A completely fixed, static, tripod-mounted camera records a catastrophic desert haboob sandstorm app.mp4",1617048,176db859356a5b47,i2v_source_repo,"output/eval/chunk6_cm/5s/A completely fixed, static, tripod-mounted camera records a catastrophic desert haboob sandstorm app.mp4"
i2v,chunk6_cm,Causal-Forcing++ (2-step) +color-match,postproc,matched,5s,"A completely fixed, static, tripod-mounted camera records a dense urban residential and commercial d.mp4",1205355,0ffb22116606174d,i2v_source_repo,"output/eval/chunk6_cm/5s/A completely fixed, static, tripod-mounted camera records a dense urban residential and commercial d.mp4"
i2v,chunk6_cm,Causal-Forcing++ (2-step) +color-match,postproc,matched,5s,"A completely fixed, static, tripod-mounted camera records a historic Kyoto canal lined with cherry b.mp4",1440196,a1f921fb5796e36c,i2v_source_repo,"output/eval/chunk6_cm/5s/A completely fixed, static, tripod-mounted camera records a historic Kyoto canal lined with cherry b.mp4"
i2v,chunk6_cm,Causal-Forcing++ (2-step) +color-match,postproc,matched,5s,"A completely fixed, static, tripod-mounted camera records an active snowfall over the ornate Bow Bri.mp4",1489955,7ef7555b604a8e38,i2v_source_repo,"output/eval/chunk6_cm/5s/A completely fixed, static, tripod-mounted camera records an active snowfall over the ornate Bow Bri.mp4"
i2v,chunk6_cm,Causal-Forcing++ (2-step) +color-match,postproc,matched,5s,"A completely fixed, static, tripod-mounted camera records an active volcanic lava flow field at blue.mp4",1102513,f3863caab7ed3a89,i2v_source_repo,"output/eval/chunk6_cm/5s/A completely fixed, static, tripod-mounted camera records an active volcanic lava flow field at blue.mp4"
i2v,chunk6_cm,Causal-Forcing++ (2-step) +color-match,postproc,matched,5s,"A completely fixed, static, tripod-mounted camera records an extremely heavy nighttime snowfall on a.mp4",1055176,614452d129f02954,i2v_source_repo,"output/eval/chunk6_cm/5s/A completely fixed, static, tripod-mounted camera records an extremely heavy nighttime snowfall on a.mp4"
i2v,chunk6_cm,Causal-Forcing++ (2-step) +color-match,postproc,matched,5s,"A completely fixed, static, tripod-mounted camera records an urban intersection fire and explosion e.mp4",857901,528870f9340a0780,i2v_source_repo,"output/eval/chunk6_cm/5s/A completely fixed, static, tripod-mounted camera records an urban intersection fire and explosion e.mp4"
i2v,chunk6_cm,Causal-Forcing++ (2-step) +color-match,postproc,matched,60s,"A completely fixed, static, macro tripod-mounted camera records heavy urban rainfall from an extreme.mp4",11269132,93b2989bffa1331a,i2v_source_repo,"output/eval/chunk6_cm/60s/A completely fixed, static, macro tripod-mounted camera records heavy urban rainfall from an extreme.mp4"
i2v,chunk6_cm,Causal-Forcing++ (2-step) +color-match,postproc,matched,60s,"A completely fixed, static, macro-range tripod-mounted camera records a rain-streaked window pane wi.mp4",9219089,9b5288e22c20bf0b,i2v_source_repo,"output/eval/chunk6_cm/60s/A completely fixed, static, macro-range tripod-mounted camera records a rain-streaked window pane wi.mp4"
i2v,chunk6_cm,Causal-Forcing++ (2-step) +color-match,postproc,matched,60s,"A completely fixed, static, tripod-mounted camera records a burning forest campfire at night from a .mp4",6739625,e721565a4c23c487,i2v_source_repo,"output/eval/chunk6_cm/60s/A completely fixed, static, tripod-mounted camera records a burning forest campfire at night from a .mp4"
i2v,chunk6_cm,Causal-Forcing++ (2-step) +color-match,postproc,matched,60s,"A completely fixed, static, tripod-mounted camera records a calm overcast coastal beach scene from a.mp4",10614000,145310ca59f9c828,i2v_source_repo,"output/eval/chunk6_cm/60s/A completely fixed, static, tripod-mounted camera records a calm overcast coastal beach scene from a.mp4"
i2v,chunk6_cm,Causal-Forcing++ (2-step) +color-match,postproc,matched,60s,"A completely fixed, static, tripod-mounted camera records a calm winter river from a slightly elevat.mp4",13379354,294171a01d6fe9f7,i2v_source_repo,"output/eval/chunk6_cm/60s/A completely fixed, static, tripod-mounted camera records a calm winter river from a slightly elevat.mp4"
i2v,chunk6_cm,Causal-Forcing++ (2-step) +color-match,postproc,matched,60s,"A completely fixed, static, tripod-mounted camera records a clear summer forest stream with boulder .mp4",13943487,1ac480d768e1da93,i2v_source_repo,"output/eval/chunk6_cm/60s/A completely fixed, static, tripod-mounted camera records a clear summer forest stream with boulder .mp4"
i2v,chunk6_cm,Causal-Forcing++ (2-step) +color-match,postproc,matched,60s,"A completely fixed, static, tripod-mounted camera records a coastal tuff cone headland and the open .mp4",11239801,3b2aee6a7f7e5d10,i2v_source_repo,"output/eval/chunk6_cm/60s/A completely fixed, static, tripod-mounted camera records a coastal tuff cone headland and the open .mp4"
i2v,chunk6_cm,Causal-Forcing++ (2-step) +color-match,postproc,matched,60s,"A completely fixed, static, tripod-mounted camera records a desert dust storm sweeping across a flat.mp4",11058864,7df05c7b98beaade,i2v_source_repo,"output/eval/chunk6_cm/60s/A completely fixed, static, tripod-mounted camera records a desert dust storm sweeping across a flat.mp4"
i2v,chunk6_cm,Causal-Forcing++ (2-step) +color-match,postproc,matched,60s,"A completely fixed, static, tripod-mounted camera records a fast mountain river cascading over a bou.mp4",10139644,993cbd66939bfa88,i2v_source_repo,"output/eval/chunk6_cm/60s/A completely fixed, static, tripod-mounted camera records a fast mountain river cascading over a bou.mp4"
i2v,chunk6_cm,Causal-Forcing++ (2-step) +color-match,postproc,matched,60s,"A completely fixed, static, tripod-mounted camera records a gentle clear forest stream in a lush gre.mp4",18797262,e15f5c647f456883,i2v_source_repo,"output/eval/chunk6_cm/60s/A completely fixed, static, tripod-mounted camera records a gentle clear forest stream in a lush gre.mp4"
i2v,chunk6_cm,Causal-Forcing++ (2-step) +color-match,postproc,matched,60s,"A completely fixed, static, tripod-mounted camera records a heavy daytime snowstorm on a dense city .mp4",10042611,70d0c76c58261be3,i2v_source_repo,"output/eval/chunk6_cm/60s/A completely fixed, static, tripod-mounted camera records a heavy daytime snowstorm on a dense city .mp4"
i2v,chunk6_cm,Causal-Forcing++ (2-step) +color-match,postproc,matched,60s,"A completely fixed, static, tripod-mounted camera records a heavy nighttime snowfall on a quiet hist.mp4",11039659,397c0a4a7512be04,i2v_source_repo,"output/eval/chunk6_cm/60s/A completely fixed, static, tripod-mounted camera records a heavy nighttime snowfall on a quiet hist.mp4"
i2v,chunk6_cm,Causal-Forcing++ (2-step) +color-match,postproc,matched,60s,"A completely fixed, static, tripod-mounted camera records a lone windswept pine clinging to a bare r.mp4",12215588,c04e386ce3d3bf37,i2v_source_repo,"output/eval/chunk6_cm/60s/A completely fixed, static, tripod-mounted camera records a lone windswept pine clinging to a bare r.mp4"
i2v,chunk6_cm,Causal-Forcing++ (2-step) +color-match,postproc,matched,60s,"A completely fixed, static, tripod-mounted camera records a multi-tiered cascading forest stream fro.mp4",11102118,eb3051e50048ebb0,i2v_source_repo,"output/eval/chunk6_cm/60s/A completely fixed, static, tripod-mounted camera records a multi-tiered cascading forest stream fro.mp4"
i2v,chunk6_cm,Causal-Forcing++ (2-step) +color-match,postproc,matched,60s,"A completely fixed, static, tripod-mounted camera records a quiet urban park river at night. The cam.mp4",12525553,fb87d2adc6d9cba0,i2v_source_repo,"output/eval/chunk6_cm/60s/A completely fixed, static, tripod-mounted camera records a quiet urban park river at night. The cam.mp4"
i2v,chunk6_cm,Causal-Forcing++ (2-step) +color-match,postproc,matched,60s,"A completely fixed, static, tripod-mounted camera records a rain-drenched forest path in late aftern.mp4",11375794,7269e2b0c5b1cef6,i2v_source_repo,"output/eval/chunk6_cm/60s/A completely fixed, static, tripod-mounted camera records a rain-drenched forest path in late aftern.mp4"
i2v,chunk6_cm,Causal-Forcing++ (2-step) +color-match,postproc,matched,60s,"A completely fixed, static, tripod-mounted camera records a swollen muddy flood torrent surging thro.mp4",12728305,6623566765bd58f5,i2v_source_repo,"output/eval/chunk6_cm/60s/A completely fixed, static, tripod-mounted camera records a swollen muddy flood torrent surging thro.mp4"
i2v,chunk6_cm,Causal-Forcing++ (2-step) +color-match,postproc,matched,60s,"A completely fixed, static, tripod-mounted camera records a swollen winter flood river from a low ba.mp4",14520310,55080214895a6ba8,i2v_source_repo,"output/eval/chunk6_cm/60s/A completely fixed, static, tripod-mounted camera records a swollen winter flood river from a low ba.mp4"
i2v,chunk6_cm,Causal-Forcing++ (2-step) +color-match,postproc,matched,60s,"A completely fixed, static, tripod-mounted camera records a tranquil moonlit ocean seascape at night.mp4",9356381,9be6233dc9d36253,i2v_source_repo,"output/eval/chunk6_cm/60s/A completely fixed, static, tripod-mounted camera records a tranquil moonlit ocean seascape at night.mp4"
i2v,chunk6_cm,Causal-Forcing++ (2-step) +color-match,postproc,matched,60s,"A completely fixed, static, tripod-mounted camera records a tranquil street in a Japanese city durin.mp4",14383168,175476a8607616a3,i2v_source_repo,"output/eval/chunk6_cm/60s/A completely fixed, static, tripod-mounted camera records a tranquil street in a Japanese city durin.mp4"
i2v,chunk6_cm,Causal-Forcing++ (2-step) +color-match,postproc,matched,60s,"A completely fixed, static, tripod-mounted camera records a tropical beach with overhanging coconut .mp4",12477430,2d561741b6533dbc,i2v_source_repo,"output/eval/chunk6_cm/60s/A completely fixed, static, tripod-mounted camera records a tropical beach with overhanging coconut .mp4"
i2v,chunk6_cm,Causal-Forcing++ (2-step) +color-match,postproc,matched,60s,"A completely fixed, static, tripod-mounted camera records a violent volcanic eruption at deep blue h.mp4",9976697,be2eefb6b3e18af8,i2v_source_repo,"output/eval/chunk6_cm/60s/A completely fixed, static, tripod-mounted camera records a violent volcanic eruption at deep blue h.mp4"
i2v,chunk6_cm,Causal-Forcing++ (2-step) +color-match,postproc,matched,60s,"A completely fixed, static, tripod-mounted camera records an active snowfall in a dense mountain spr.mp4",12516500,49085bec735c6784,i2v_source_repo,"output/eval/chunk6_cm/60s/A completely fixed, static, tripod-mounted camera records an active snowfall in a dense mountain spr.mp4"
i2v,chunk6_cm,Causal-Forcing++ (2-step) +color-match,postproc,matched,60s,"A completely fixed, static, tripod-mounted camera records an active snowfall over a wide open alpine.mp4",13107378,e1778344997e7a6a,i2v_source_repo,"output/eval/chunk6_cm/60s/A completely fixed, static, tripod-mounted camera records an active snowfall over a wide open alpine.mp4"
i2v,chunk6_cm,Causal-Forcing++ (2-step) +color-match,postproc,matched,60s,"A completely fixed, static, tripod-mounted camera records an active volcanic lava ocean entry event .mp4",9454921,d12a8deddef2fd8b,i2v_source_repo,"output/eval/chunk6_cm/60s/A completely fixed, static, tripod-mounted camera records an active volcanic lava ocean entry event .mp4"
i2v,chunk6_cm,Causal-Forcing++ (2-step) +color-match,postproc,matched,60s,"A completely fixed, static, tripod-mounted camera records an erupting stratovolcano at golden sunset.mp4",7454516,2fc26ab68b6a4935,i2v_source_repo,"output/eval/chunk6_cm/60s/A completely fixed, static, tripod-mounted camera records an erupting stratovolcano at golden sunset.mp4"
i2v,chunk6_cm,Causal-Forcing++ (2-step) +color-match,postproc,matched,60s,"A completely fixed, static, tripod-mounted camera records an extremely heavy nighttime snowfall on a.mp4",11194062,87faeb0804605005,i2v_source_repo,"output/eval/chunk6_cm/60s/A completely fixed, static, tripod-mounted camera records an extremely heavy nighttime snowfall on a.mp4"
i2v,chunk6_cm,Causal-Forcing++ (2-step) +color-match,postproc,matched,60s,"A completely fixed, static, tripod-mounted camera records moderate rainfall in a cultivated garden a.mp4",11903982,5309185a5bcc1586,i2v_source_repo,"output/eval/chunk6_cm/60s/A completely fixed, static, tripod-mounted camera records moderate rainfall in a cultivated garden a.mp4"
i2v,chunk6_cm,Causal-Forcing++ (2-step) +color-match,postproc,matched,60s,"A completely fixed, static, tripod-mounted camera records the underside of a long concrete river bri.mp4",10184853,0d327f488d02d2ea,i2v_source_repo,"output/eval/chunk6_cm/60s/A completely fixed, static, tripod-mounted camera records the underside of a long concrete river bri.mp4"
i2v,chunk6_cm,Causal-Forcing++ (2-step) +color-match,postproc,matched,60s,"A completely fixed, static, tripod-mounted camera records two coconut palms thrashing in a violent t.mp4",11503056,6e3968491ec4b278,i2v_source_repo,"output/eval/chunk6_cm/60s/A completely fixed, static, tripod-mounted camera records two coconut palms thrashing in a violent t.mp4"
i2v,chunk6_cm,Causal-Forcing++ (2-step) +color-match,postproc,matched,120s,"A completely fixed, static, aerial tripod-mounted camera records an active lava flow cutting through.mp4",22364225,2acb9eab40dc37cb,i2v_source_repo,"output/eval/chunk6_cm/120s/A completely fixed, static, aerial tripod-mounted camera records an active lava flow cutting through.mp4"
i2v,chunk6_cm,Causal-Forcing++ (2-step) +color-match,postproc,matched,120s,"A completely fixed, static, close-range tripod-mounted camera records a massive open-ocean wave pitc.mp4",24869686,1def5f15c90a98b7,i2v_source_repo,"output/eval/chunk6_cm/120s/A completely fixed, static, close-range tripod-mounted camera records a massive open-ocean wave pitc.mp4"
i2v,chunk6_cm,Causal-Forcing++ (2-step) +color-match,postproc,matched,120s,"A completely fixed, static, close-range tripod-mounted camera records a single large ocean wave curl.mp4",25363131,204ebc57c61ba46d,i2v_source_repo,"output/eval/chunk6_cm/120s/A completely fixed, static, close-range tripod-mounted camera records a single large ocean wave curl.mp4"
i2v,chunk6_cm,Causal-Forcing++ (2-step) +color-match,postproc,matched,120s,"A completely fixed, static, close-range tripod-mounted camera records a small forest creek cascading.mp4",26594015,5cbcc9ad6296f9e2,i2v_source_repo,"output/eval/chunk6_cm/120s/A completely fixed, static, close-range tripod-mounted camera records a small forest creek cascading.mp4"
i2v,chunk6_cm,Causal-Forcing++ (2-step) +color-match,postproc,matched,120s,"A completely fixed, static, low-water-level tripod-mounted camera records a calm mountain river flow.mp4",20772680,58c8000068a384c4,i2v_source_repo,"output/eval/chunk6_cm/120s/A completely fixed, static, low-water-level tripod-mounted camera records a calm mountain river flow.mp4"
i2v,chunk6_cm,Causal-Forcing++ (2-step) +color-match,postproc,matched,120s,"A completely fixed, static, tripod-mounted camera records a bright blue sky filled with drifting whi.mp4",20146438,ee214073a93581b0,i2v_source_repo,"output/eval/chunk6_cm/120s/A completely fixed, static, tripod-mounted camera records a bright blue sky filled with drifting whi.mp4"
i2v,chunk6_cm,Causal-Forcing++ (2-step) +color-match,postproc,matched,120s,"A completely fixed, static, tripod-mounted camera records a channelized urban river running through .mp4",24152144,f607dc41c3b12df8,i2v_source_repo,"output/eval/chunk6_cm/120s/A completely fixed, static, tripod-mounted camera records a channelized urban river running through .mp4"
i2v,chunk6_cm,Causal-Forcing++ (2-step) +color-match,postproc,matched,120s,"A completely fixed, static, tripod-mounted camera records a clear river flowing past a grassy bank a.mp4",24070975,61995512b286c98d,i2v_source_repo,"output/eval/chunk6_cm/120s/A completely fixed, static, tripod-mounted camera records a clear river flowing past a grassy bank a.mp4"
i2v,chunk6_cm,Causal-Forcing++ (2-step) +color-match,postproc,matched,120s,"A completely fixed, static, tripod-mounted camera records a dense city at dusk with a massive dark p.mp4",21821883,b4a142777e28d8b8,i2v_source_repo,"output/eval/chunk6_cm/120s/A completely fixed, static, tripod-mounted camera records a dense city at dusk with a massive dark p.mp4"
i2v,chunk6_cm,Causal-Forcing++ (2-step) +color-match,postproc,matched,120s,"A completely fixed, static, tripod-mounted camera records a desert dust storm advancing across a fla.mp4",22943453,fe061648aabee09d,i2v_source_repo,"output/eval/chunk6_cm/120s/A completely fixed, static, tripod-mounted camera records a desert dust storm advancing across a fla.mp4"
i2v,chunk6_cm,Causal-Forcing++ (2-step) +color-match,postproc,matched,120s,"A completely fixed, static, tripod-mounted camera records a fast mountain river running through a ro.mp4",20332371,8fc92965f73c6376,i2v_source_repo,"output/eval/chunk6_cm/120s/A completely fixed, static, tripod-mounted camera records a fast mountain river running through a ro.mp4"
i2v,chunk6_cm,Causal-Forcing++ (2-step) +color-match,postproc,matched,120s,"A completely fixed, static, tripod-mounted camera records a heavy snowfall over a snow-covered alpin.mp4",22062958,d325660d28de870a,i2v_source_repo,"output/eval/chunk6_cm/120s/A completely fixed, static, tripod-mounted camera records a heavy snowfall over a snow-covered alpin.mp4"
i2v,chunk6_cm,Causal-Forcing++ (2-step) +color-match,postproc,matched,120s,"A completely fixed, static, tripod-mounted camera records a long row of tall palms thrashing in a tr.mp4",21109088,fc0025ef3714a491,i2v_source_repo,"output/eval/chunk6_cm/120s/A completely fixed, static, tripod-mounted camera records a long row of tall palms thrashing in a tr.mp4"
i2v,chunk6_cm,Causal-Forcing++ (2-step) +color-match,postproc,matched,120s,"A completely fixed, static, tripod-mounted camera records a nighttime city skyline backed by a large.mp4",20051368,4516098b5a674a6d,i2v_source_repo,"output/eval/chunk6_cm/120s/A completely fixed, static, tripod-mounted camera records a nighttime city skyline backed by a large.mp4"
i2v,chunk6_cm,Causal-Forcing++ (2-step) +color-match,postproc,matched,120s,"A completely fixed, static, tripod-mounted camera records a rainy narrow city alley at night in desa.mp4",19896912,7ee9563a03de9c0c,i2v_source_repo,"output/eval/chunk6_cm/120s/A completely fixed, static, tripod-mounted camera records a rainy narrow city alley at night in desa.mp4"
i2v,chunk6_cm,Causal-Forcing++ (2-step) +color-match,postproc,matched,120s,"A completely fixed, static, tripod-mounted camera records a swollen flood river spilling across subm.mp4",34482921,147b4757c3485e89,i2v_source_repo,"output/eval/chunk6_cm/120s/A completely fixed, static, tripod-mounted camera records a swollen flood river spilling across subm.mp4"
i2v,chunk6_cm,Causal-Forcing++ (2-step) +color-match,postproc,matched,120s,"A completely fixed, static, tripod-mounted camera records a tree-lined city street in autumn with fa.mp4",23456063,a9fd16177ca12316,i2v_source_repo,"output/eval/chunk6_cm/120s/A completely fixed, static, tripod-mounted camera records a tree-lined city street in autumn with fa.mp4"
i2v,chunk6_cm,Causal-Forcing++ (2-step) +color-match,postproc,matched,120s,"A completely fixed, static, tripod-mounted camera records a tropical white-sand beach with a leaning.mp4",23477463,2924ec6f87f5dbd1,i2v_source_repo,"output/eval/chunk6_cm/120s/A completely fixed, static, tripod-mounted camera records a tropical white-sand beach with a leaning.mp4"
i2v,chunk6_cm,Causal-Forcing++ (2-step) +color-match,postproc,matched,120s,"A completely fixed, static, tripod-mounted camera records an active grass-and-brush wildfire spreadi.mp4",23332309,327db1bd7fe6a9db,i2v_source_repo,"output/eval/chunk6_cm/120s/A completely fixed, static, tripod-mounted camera records an active grass-and-brush wildfire spreadi.mp4"
i2v,chunk6_cm,Causal-Forcing++ (2-step) +color-match,postproc,matched,120s,"A completely fixed, static, tripod-mounted camera records an extremely heavy daytime snowfall over a.mp4",46590567,2c5620f8f10292b1,i2v_source_repo,"output/eval/chunk6_cm/120s/A completely fixed, static, tripod-mounted camera records an extremely heavy daytime snowfall over a.mp4"
i2v,chunk6_cm,Causal-Forcing++ (2-step) +color-match,postproc,matched,240s,"A completely fixed, static, close-range tripod-mounted camera records heavy tropical rain pouring of.mp4",49248118,9e8e63f6f59c23cc,i2v_source_repo,"output/eval/chunk6_cm/240s/A completely fixed, static, close-range tripod-mounted camera records heavy tropical rain pouring of.mp4"
i2v,chunk6_cm,Causal-Forcing++ (2-step) +color-match,postproc,matched,240s,"A completely fixed, static, tripod-mounted camera records a calm tropical bay framed by a large over.mp4",49408377,ae7e178d78b29367,i2v_source_repo,"output/eval/chunk6_cm/240s/A completely fixed, static, tripod-mounted camera records a calm tropical bay framed by a large over.mp4"
i2v,chunk6_cm,Causal-Forcing++ (2-step) +color-match,postproc,matched,240s,"A completely fixed, static, tripod-mounted camera records a historic Kyoto canal lined with traditio.mp4",57261882,81ebf3bfb1ed601b,i2v_source_repo,"output/eval/chunk6_cm/240s/A completely fixed, static, tripod-mounted camera records a historic Kyoto canal lined with traditio.mp4"
i2v,chunk6_cm,Causal-Forcing++ (2-step) +color-match,postproc,matched,240s,"A completely fixed, static, tripod-mounted camera records a tranquil tropical beach with leaning pal.mp4",45659317,e0d120e8a45aa4ba,i2v_source_repo,"output/eval/chunk6_cm/240s/A completely fixed, static, tripod-mounted camera records a tranquil tropical beach with leaning pal.mp4"
i2v,chunk6_cm,Causal-Forcing++ (2-step) +color-match,postproc,matched,240s,"A completely fixed, static, tripod-mounted camera records an active braided lava flow advancing acro.mp4",48776120,646e8b45a1a0926e,i2v_source_repo,"output/eval/chunk6_cm/240s/A completely fixed, static, tripod-mounted camera records an active braided lava flow advancing acro.mp4"
i2v,rt500_cm,RA-I2V +color-match,internal,matched,5s,"A completely fixed, static, macro-closeup tripod-mounted camera records heavy rainfall falling direc.mp4",897035,83940b23d801ca27,i2v_source_repo,"output/eval/rt500_cm/5s/A completely fixed, static, macro-closeup tripod-mounted camera records heavy rainfall falling direc.mp4"
i2v,rt500_cm,RA-I2V +color-match,internal,matched,5s,"A completely fixed, static, tripod-mounted camera records a burning indoor fireplace from a direct f.mp4",699505,6eea6c9e8720354e,i2v_source_repo,"output/eval/rt500_cm/5s/A completely fixed, static, tripod-mounted camera records a burning indoor fireplace from a direct f.mp4"
i2v,rt500_cm,RA-I2V +color-match,internal,matched,5s,"A completely fixed, static, tripod-mounted camera records a calm urban river at deep blue twilight f.mp4",463653,966791470161dd93,i2v_source_repo,"output/eval/rt500_cm/5s/A completely fixed, static, tripod-mounted camera records a calm urban river at deep blue twilight f.mp4"
i2v,rt500_cm,RA-I2V +color-match,internal,matched,5s,"A completely fixed, static, tripod-mounted camera records a catastrophic desert haboob sandstorm app.mp4",885246,8372f1e282702eb4,i2v_source_repo,"output/eval/rt500_cm/5s/A completely fixed, static, tripod-mounted camera records a catastrophic desert haboob sandstorm app.mp4"
i2v,rt500_cm,RA-I2V +color-match,internal,matched,5s,"A completely fixed, static, tripod-mounted camera records a dense urban residential and commercial d.mp4",829303,dbf093d9ce576429,i2v_source_repo,"output/eval/rt500_cm/5s/A completely fixed, static, tripod-mounted camera records a dense urban residential and commercial d.mp4"
i2v,rt500_cm,RA-I2V +color-match,internal,matched,5s,"A completely fixed, static, tripod-mounted camera records a historic Kyoto canal lined with cherry b.mp4",1034537,e413d20f70009644,i2v_source_repo,"output/eval/rt500_cm/5s/A completely fixed, static, tripod-mounted camera records a historic Kyoto canal lined with cherry b.mp4"
i2v,rt500_cm,RA-I2V +color-match,internal,matched,5s,"A completely fixed, static, tripod-mounted camera records an active snowfall over the ornate Bow Bri.mp4",1172474,0ad3b4ea584c3740,i2v_source_repo,"output/eval/rt500_cm/5s/A completely fixed, static, tripod-mounted camera records an active snowfall over the ornate Bow Bri.mp4"
i2v,rt500_cm,RA-I2V +color-match,internal,matched,5s,"A completely fixed, static, tripod-mounted camera records an active volcanic lava flow field at blue.mp4",635165,ec71b54acc5e16ee,i2v_source_repo,"output/eval/rt500_cm/5s/A completely fixed, static, tripod-mounted camera records an active volcanic lava flow field at blue.mp4"
i2v,rt500_cm,RA-I2V +color-match,internal,matched,5s,"A completely fixed, static, tripod-mounted camera records an extremely heavy nighttime snowfall on a.mp4",768122,9a15c8a31da79b31,i2v_source_repo,"output/eval/rt500_cm/5s/A completely fixed, static, tripod-mounted camera records an extremely heavy nighttime snowfall on a.mp4"
i2v,rt500_cm,RA-I2V +color-match,internal,matched,5s,"A completely fixed, static, tripod-mounted camera records an urban intersection fire and explosion e.mp4",491427,5c1a03a0445b32f8,i2v_source_repo,"output/eval/rt500_cm/5s/A completely fixed, static, tripod-mounted camera records an urban intersection fire and explosion e.mp4"
i2v,rt500_cm,RA-I2V +color-match,internal,matched,60s,"A completely fixed, static, macro tripod-mounted camera records heavy urban rainfall from an extreme.mp4",12895039,51547033ea1e7493,i2v_source_repo,"output/eval/rt500_cm/60s/A completely fixed, static, macro tripod-mounted camera records heavy urban rainfall from an extreme.mp4"
i2v,rt500_cm,RA-I2V +color-match,internal,matched,60s,"A completely fixed, static, macro-range tripod-mounted camera records a rain-streaked window pane wi.mp4",7138301,dbfae6e0fc789112,i2v_source_repo,"output/eval/rt500_cm/60s/A completely fixed, static, macro-range tripod-mounted camera records a rain-streaked window pane wi.mp4"
i2v,rt500_cm,RA-I2V +color-match,internal,matched,60s,"A completely fixed, static, tripod-mounted camera records a burning forest campfire at night from a .mp4",5095965,c2bd12b40158ae08,i2v_source_repo,"output/eval/rt500_cm/60s/A completely fixed, static, tripod-mounted camera records a burning forest campfire at night from a .mp4"
i2v,rt500_cm,RA-I2V +color-match,internal,matched,60s,"A completely fixed, static, tripod-mounted camera records a calm overcast coastal beach scene from a.mp4",3862346,83c1359f6cce0474,i2v_source_repo,"output/eval/rt500_cm/60s/A completely fixed, static, tripod-mounted camera records a calm overcast coastal beach scene from a.mp4"
i2v,rt500_cm,RA-I2V +color-match,internal,matched,60s,"A completely fixed, static, tripod-mounted camera records a calm winter river from a slightly elevat.mp4",9513132,b56454f576aca5c7,i2v_source_repo,"output/eval/rt500_cm/60s/A completely fixed, static, tripod-mounted camera records a calm winter river from a slightly elevat.mp4"
i2v,rt500_cm,RA-I2V +color-match,internal,matched,60s,"A completely fixed, static, tripod-mounted camera records a clear summer forest stream with boulder .mp4",10128260,541db24320790f70,i2v_source_repo,"output/eval/rt500_cm/60s/A completely fixed, static, tripod-mounted camera records a clear summer forest stream with boulder .mp4"
i2v,rt500_cm,RA-I2V +color-match,internal,matched,60s,"A completely fixed, static, tripod-mounted camera records a coastal tuff cone headland and the open .mp4",7947444,279b9fe6e1a8c5ec,i2v_source_repo,"output/eval/rt500_cm/60s/A completely fixed, static, tripod-mounted camera records a coastal tuff cone headland and the open .mp4"
i2v,rt500_cm,RA-I2V +color-match,internal,matched,60s,"A completely fixed, static, tripod-mounted camera records a desert dust storm sweeping across a flat.mp4",6174528,eea564ea918de685,i2v_source_repo,"output/eval/rt500_cm/60s/A completely fixed, static, tripod-mounted camera records a desert dust storm sweeping across a flat.mp4"
i2v,rt500_cm,RA-I2V +color-match,internal,matched,60s,"A completely fixed, static, tripod-mounted camera records a fast mountain river cascading over a bou.mp4",6067899,4ce4a900b299317f,i2v_source_repo,"output/eval/rt500_cm/60s/A completely fixed, static, tripod-mounted camera records a fast mountain river cascading over a bou.mp4"
i2v,rt500_cm,RA-I2V +color-match,internal,matched,60s,"A completely fixed, static, tripod-mounted camera records a gentle clear forest stream in a lush gre.mp4",10753677,36e0a0fdaf847772,i2v_source_repo,"output/eval/rt500_cm/60s/A completely fixed, static, tripod-mounted camera records a gentle clear forest stream in a lush gre.mp4"
i2v,rt500_cm,RA-I2V +color-match,internal,matched,60s,"A completely fixed, static, tripod-mounted camera records a heavy daytime snowstorm on a dense city .mp4",7558137,5d3571a1ed75b60f,i2v_source_repo,"output/eval/rt500_cm/60s/A completely fixed, static, tripod-mounted camera records a heavy daytime snowstorm on a dense city .mp4"
i2v,rt500_cm,RA-I2V +color-match,internal,matched,60s,"A completely fixed, static, tripod-mounted camera records a heavy nighttime snowfall on a quiet hist.mp4",8906416,3d290547943e5b62,i2v_source_repo,"output/eval/rt500_cm/60s/A completely fixed, static, tripod-mounted camera records a heavy nighttime snowfall on a quiet hist.mp4"
i2v,rt500_cm,RA-I2V +color-match,internal,matched,60s,"A completely fixed, static, tripod-mounted camera records a lone windswept pine clinging to a bare r.mp4",7888185,65f6dfce153088dd,i2v_source_repo,"output/eval/rt500_cm/60s/A completely fixed, static, tripod-mounted camera records a lone windswept pine clinging to a bare r.mp4"
i2v,rt500_cm,RA-I2V +color-match,internal,matched,60s,"A completely fixed, static, tripod-mounted camera records a multi-tiered cascading forest stream fro.mp4",8143278,f997a098310194e9,i2v_source_repo,"output/eval/rt500_cm/60s/A completely fixed, static, tripod-mounted camera records a multi-tiered cascading forest stream fro.mp4"
i2v,rt500_cm,RA-I2V +color-match,internal,matched,60s,"A completely fixed, static, tripod-mounted camera records a quiet urban park river at night. The cam.mp4",10109739,33e6dadde7748f33,i2v_source_repo,"output/eval/rt500_cm/60s/A completely fixed, static, tripod-mounted camera records a quiet urban park river at night. The cam.mp4"
i2v,rt500_cm,RA-I2V +color-match,internal,matched,60s,"A completely fixed, static, tripod-mounted camera records a rain-drenched forest path in late aftern.mp4",7098608,6bed90fe674f90c2,i2v_source_repo,"output/eval/rt500_cm/60s/A completely fixed, static, tripod-mounted camera records a rain-drenched forest path in late aftern.mp4"
i2v,rt500_cm,RA-I2V +color-match,internal,matched,60s,"A completely fixed, static, tripod-mounted camera records a swollen muddy flood torrent surging thro.mp4",10410657,475a2a8537b12419,i2v_source_repo,"output/eval/rt500_cm/60s/A completely fixed, static, tripod-mounted camera records a swollen muddy flood torrent surging thro.mp4"
i2v,rt500_cm,RA-I2V +color-match,internal,matched,60s,"A completely fixed, static, tripod-mounted camera records a swollen winter flood river from a low ba.mp4",10120298,37ac3c72a3da534d,i2v_source_repo,"output/eval/rt500_cm/60s/A completely fixed, static, tripod-mounted camera records a swollen winter flood river from a low ba.mp4"
i2v,rt500_cm,RA-I2V +color-match,internal,matched,60s,"A completely fixed, static, tripod-mounted camera records a tranquil moonlit ocean seascape at night.mp4",8410971,deb04b81c882eba7,i2v_source_repo,"output/eval/rt500_cm/60s/A completely fixed, static, tripod-mounted camera records a tranquil moonlit ocean seascape at night.mp4"
i2v,rt500_cm,RA-I2V +color-match,internal,matched,60s,"A completely fixed, static, tripod-mounted camera records a tranquil street in a Japanese city durin.mp4",9558787,30721c10997302b5,i2v_source_repo,"output/eval/rt500_cm/60s/A completely fixed, static, tripod-mounted camera records a tranquil street in a Japanese city durin.mp4"
i2v,rt500_cm,RA-I2V +color-match,internal,matched,60s,"A completely fixed, static, tripod-mounted camera records a tropical beach with overhanging coconut .mp4",8271109,b9eb1517053ec3d1,i2v_source_repo,"output/eval/rt500_cm/60s/A completely fixed, static, tripod-mounted camera records a tropical beach with overhanging coconut .mp4"
i2v,rt500_cm,RA-I2V +color-match,internal,matched,60s,"A completely fixed, static, tripod-mounted camera records a violent volcanic eruption at deep blue h.mp4",8602626,0376a79b8a44fc8b,i2v_source_repo,"output/eval/rt500_cm/60s/A completely fixed, static, tripod-mounted camera records a violent volcanic eruption at deep blue h.mp4"
i2v,rt500_cm,RA-I2V +color-match,internal,matched,60s,"A completely fixed, static, tripod-mounted camera records an active snowfall in a dense mountain spr.mp4",8955695,99251ac73e0831c9,i2v_source_repo,"output/eval/rt500_cm/60s/A completely fixed, static, tripod-mounted camera records an active snowfall in a dense mountain spr.mp4"
i2v,rt500_cm,RA-I2V +color-match,internal,matched,60s,"A completely fixed, static, tripod-mounted camera records an active snowfall over a wide open alpine.mp4",10157912,f7da08cfd1d768c1,i2v_source_repo,"output/eval/rt500_cm/60s/A completely fixed, static, tripod-mounted camera records an active snowfall over a wide open alpine.mp4"
i2v,rt500_cm,RA-I2V +color-match,internal,matched,60s,"A completely fixed, static, tripod-mounted camera records an active volcanic lava ocean entry event .mp4",9150262,8b16ac6016ef19d9,i2v_source_repo,"output/eval/rt500_cm/60s/A completely fixed, static, tripod-mounted camera records an active volcanic lava ocean entry event .mp4"
i2v,rt500_cm,RA-I2V +color-match,internal,matched,60s,"A completely fixed, static, tripod-mounted camera records an erupting stratovolcano at golden sunset.mp4",6017209,32d6f22874e634c7,i2v_source_repo,"output/eval/rt500_cm/60s/A completely fixed, static, tripod-mounted camera records an erupting stratovolcano at golden sunset.mp4"
i2v,rt500_cm,RA-I2V +color-match,internal,matched,60s,"A completely fixed, static, tripod-mounted camera records an extremely heavy nighttime snowfall on a.mp4",9089099,88d499c96fbc42e4,i2v_source_repo,"output/eval/rt500_cm/60s/A completely fixed, static, tripod-mounted camera records an extremely heavy nighttime snowfall on a.mp4"
i2v,rt500_cm,RA-I2V +color-match,internal,matched,60s,"A completely fixed, static, tripod-mounted camera records moderate rainfall in a cultivated garden a.mp4",8578741,29326cffed2e6575,i2v_source_repo,"output/eval/rt500_cm/60s/A completely fixed, static, tripod-mounted camera records moderate rainfall in a cultivated garden a.mp4"
i2v,rt500_cm,RA-I2V +color-match,internal,matched,60s,"A completely fixed, static, tripod-mounted camera records the underside of a long concrete river bri.mp4",6910982,9d82fef06a557cbb,i2v_source_repo,"output/eval/rt500_cm/60s/A completely fixed, static, tripod-mounted camera records the underside of a long concrete river bri.mp4"
i2v,rt500_cm,RA-I2V +color-match,internal,matched,60s,"A completely fixed, static, tripod-mounted camera records two coconut palms thrashing in a violent t.mp4",10595228,40aeb7b1e31426db,i2v_source_repo,"output/eval/rt500_cm/60s/A completely fixed, static, tripod-mounted camera records two coconut palms thrashing in a violent t.mp4"
i2v,rt500_cm,RA-I2V +color-match,internal,matched,120s,"A completely fixed, static, aerial tripod-mounted camera records an active lava flow cutting through.mp4",15069961,2311b3f7ffe8f02f,i2v_source_repo,"output/eval/rt500_cm/120s/A completely fixed, static, aerial tripod-mounted camera records an active lava flow cutting through.mp4"
i2v,rt500_cm,RA-I2V +color-match,internal,matched,120s,"A completely fixed, static, close-range tripod-mounted camera records a massive open-ocean wave pitc.mp4",14841894,f3b5524e6f07da7e,i2v_source_repo,"output/eval/rt500_cm/120s/A completely fixed, static, close-range tripod-mounted camera records a massive open-ocean wave pitc.mp4"
i2v,rt500_cm,RA-I2V +color-match,internal,matched,120s,"A completely fixed, static, close-range tripod-mounted camera records a single large ocean wave curl.mp4",19454994,b89a81b7e7398d70,i2v_source_repo,"output/eval/rt500_cm/120s/A completely fixed, static, close-range tripod-mounted camera records a single large ocean wave curl.mp4"
i2v,rt500_cm,RA-I2V +color-match,internal,matched,120s,"A completely fixed, static, close-range tripod-mounted camera records a small forest creek cascading.mp4",17084871,9d278ce1cb1c61f4,i2v_source_repo,"output/eval/rt500_cm/120s/A completely fixed, static, close-range tripod-mounted camera records a small forest creek cascading.mp4"
i2v,rt500_cm,RA-I2V +color-match,internal,matched,120s,"A completely fixed, static, low-water-level tripod-mounted camera records a calm mountain river flow.mp4",14144418,ff8b6a00775d9966,i2v_source_repo,"output/eval/rt500_cm/120s/A completely fixed, static, low-water-level tripod-mounted camera records a calm mountain river flow.mp4"
i2v,rt500_cm,RA-I2V +color-match,internal,matched,120s,"A completely fixed, static, tripod-mounted camera records a bright blue sky filled with drifting whi.mp4",15102734,4fb6ba8ad271b65c,i2v_source_repo,"output/eval/rt500_cm/120s/A completely fixed, static, tripod-mounted camera records a bright blue sky filled with drifting whi.mp4"
i2v,rt500_cm,RA-I2V +color-match,internal,matched,120s,"A completely fixed, static, tripod-mounted camera records a channelized urban river running through .mp4",16341798,60f477dd944a4100,i2v_source_repo,"output/eval/rt500_cm/120s/A completely fixed, static, tripod-mounted camera records a channelized urban river running through .mp4"
i2v,rt500_cm,RA-I2V +color-match,internal,matched,120s,"A completely fixed, static, tripod-mounted camera records a clear river flowing past a grassy bank a.mp4",18478171,f9d112339774d317,i2v_source_repo,"output/eval/rt500_cm/120s/A completely fixed, static, tripod-mounted camera records a clear river flowing past a grassy bank a.mp4"
i2v,rt500_cm,RA-I2V +color-match,internal,matched,120s,"A completely fixed, static, tripod-mounted camera records a dense city at dusk with a massive dark p.mp4",9347705,a4acf4f8c5d33e16,i2v_source_repo,"output/eval/rt500_cm/120s/A completely fixed, static, tripod-mounted camera records a dense city at dusk with a massive dark p.mp4"
i2v,rt500_cm,RA-I2V +color-match,internal,matched,120s,"A completely fixed, static, tripod-mounted camera records a desert dust storm advancing across a fla.mp4",8663650,5eefcf316ce703e7,i2v_source_repo,"output/eval/rt500_cm/120s/A completely fixed, static, tripod-mounted camera records a desert dust storm advancing across a fla.mp4"
i2v,rt500_cm,RA-I2V +color-match,internal,matched,120s,"A completely fixed, static, tripod-mounted camera records a fast mountain river running through a ro.mp4",11526215,a29687de3347c667,i2v_source_repo,"output/eval/rt500_cm/120s/A completely fixed, static, tripod-mounted camera records a fast mountain river running through a ro.mp4"
i2v,rt500_cm,RA-I2V +color-match,internal,matched,120s,"A completely fixed, static, tripod-mounted camera records a heavy snowfall over a snow-covered alpin.mp4",18207926,c377986bf3217963,i2v_source_repo,"output/eval/rt500_cm/120s/A completely fixed, static, tripod-mounted camera records a heavy snowfall over a snow-covered alpin.mp4"
i2v,rt500_cm,RA-I2V +color-match,internal,matched,120s,"A completely fixed, static, tripod-mounted camera records a long row of tall palms thrashing in a tr.mp4",17599118,fa8b2692dea7f017,i2v_source_repo,"output/eval/rt500_cm/120s/A completely fixed, static, tripod-mounted camera records a long row of tall palms thrashing in a tr.mp4"
i2v,rt500_cm,RA-I2V +color-match,internal,matched,120s,"A completely fixed, static, tripod-mounted camera records a nighttime city skyline backed by a large.mp4",16707460,416d7c9b07fcb6e1,i2v_source_repo,"output/eval/rt500_cm/120s/A completely fixed, static, tripod-mounted camera records a nighttime city skyline backed by a large.mp4"
i2v,rt500_cm,RA-I2V +color-match,internal,matched,120s,"A completely fixed, static, tripod-mounted camera records a rainy narrow city alley at night in desa.mp4",15638062,db990e5535464266,i2v_source_repo,"output/eval/rt500_cm/120s/A completely fixed, static, tripod-mounted camera records a rainy narrow city alley at night in desa.mp4"
i2v,rt500_cm,RA-I2V +color-match,internal,matched,120s,"A completely fixed, static, tripod-mounted camera records a swollen flood river spilling across subm.mp4",20544929,4779ec9e7d4f350f,i2v_source_repo,"output/eval/rt500_cm/120s/A completely fixed, static, tripod-mounted camera records a swollen flood river spilling across subm.mp4"
i2v,rt500_cm,RA-I2V +color-match,internal,matched,120s,"A completely fixed, static, tripod-mounted camera records a tree-lined city street in autumn with fa.mp4",17285497,8d0758976dce29e4,i2v_source_repo,"output/eval/rt500_cm/120s/A completely fixed, static, tripod-mounted camera records a tree-lined city street in autumn with fa.mp4"
i2v,rt500_cm,RA-I2V +color-match,internal,matched,120s,"A completely fixed, static, tripod-mounted camera records a tropical white-sand beach with a leaning.mp4",15269227,9293dd5d0dd0fc10,i2v_source_repo,"output/eval/rt500_cm/120s/A completely fixed, static, tripod-mounted camera records a tropical white-sand beach with a leaning.mp4"
i2v,rt500_cm,RA-I2V +color-match,internal,matched,120s,"A completely fixed, static, tripod-mounted camera records an active grass-and-brush wildfire spreadi.mp4",13999254,8ad685a0538f4bd6,i2v_source_repo,"output/eval/rt500_cm/120s/A completely fixed, static, tripod-mounted camera records an active grass-and-brush wildfire spreadi.mp4"
i2v,rt500_cm,RA-I2V +color-match,internal,matched,120s,"A completely fixed, static, tripod-mounted camera records an extremely heavy daytime snowfall over a.mp4",24899697,45e5c86a71ecb15c,i2v_source_repo,"output/eval/rt500_cm/120s/A completely fixed, static, tripod-mounted camera records an extremely heavy daytime snowfall over a.mp4"
i2v,rt500_cm,RA-I2V +color-match,internal,matched,240s,"A completely fixed, static, close-range tripod-mounted camera records heavy tropical rain pouring of.mp4",37138715,510f01929ef02847,i2v_source_repo,"output/eval/rt500_cm/240s/A completely fixed, static, close-range tripod-mounted camera records heavy tropical rain pouring of.mp4"
i2v,rt500_cm,RA-I2V +color-match,internal,matched,240s,"A completely fixed, static, tripod-mounted camera records a calm tropical bay framed by a large over.mp4",36161307,42523cadaee570e0,i2v_source_repo,"output/eval/rt500_cm/240s/A completely fixed, static, tripod-mounted camera records a calm tropical bay framed by a large over.mp4"
i2v,rt500_cm,RA-I2V +color-match,internal,matched,240s,"A completely fixed, static, tripod-mounted camera records a historic Kyoto canal lined with traditio.mp4",43116008,23d1d0b30bbdf659,i2v_source_repo,"output/eval/rt500_cm/240s/A completely fixed, static, tripod-mounted camera records a historic Kyoto canal lined with traditio.mp4"
i2v,rt500_cm,RA-I2V +color-match,internal,matched,240s,"A completely fixed, static, tripod-mounted camera records a tranquil tropical beach with leaning pal.mp4",30931696,355ef201bf2d35fb,i2v_source_repo,"output/eval/rt500_cm/240s/A completely fixed, static, tripod-mounted camera records a tranquil tropical beach with leaning pal.mp4"
i2v,rt500_cm,RA-I2V +color-match,internal,matched,240s,"A completely fixed, static, tripod-mounted camera records an active braided lava flow advancing acro.mp4",38440079,7fe9f57c3f490a10,i2v_source_repo,"output/eval/rt500_cm/240s/A completely fixed, static, tripod-mounted camera records an active braided lava flow advancing acro.mp4"
i2v,phase7_500_cm,RA-I2V-v1 +color-match,internal,matched,5s,"A completely fixed, static, macro-closeup tripod-mounted camera records heavy rainfall falling direc.mp4",998976,13beac6557531035,i2v_source_repo,"output/eval/phase7_500_cm/5s/A completely fixed, static, macro-closeup tripod-mounted camera records heavy rainfall falling direc.mp4"
i2v,phase7_500_cm,RA-I2V-v1 +color-match,internal,matched,5s,"A completely fixed, static, tripod-mounted camera records a burning indoor fireplace from a direct f.mp4",756531,892d3d4346c3c27f,i2v_source_repo,"output/eval/phase7_500_cm/5s/A completely fixed, static, tripod-mounted camera records a burning indoor fireplace from a direct f.mp4"
i2v,phase7_500_cm,RA-I2V-v1 +color-match,internal,matched,5s,"A completely fixed, static, tripod-mounted camera records a calm urban river at deep blue twilight f.mp4",572840,4b65bfccc260b4e7,i2v_source_repo,"output/eval/phase7_500_cm/5s/A completely fixed, static, tripod-mounted camera records a calm urban river at deep blue twilight f.mp4"
i2v,phase7_500_cm,RA-I2V-v1 +color-match,internal,matched,5s,"A completely fixed, static, tripod-mounted camera records a catastrophic desert haboob sandstorm app.mp4",923452,241b05d0a0120e2a,i2v_source_repo,"output/eval/phase7_500_cm/5s/A completely fixed, static, tripod-mounted camera records a catastrophic desert haboob sandstorm app.mp4"
i2v,phase7_500_cm,RA-I2V-v1 +color-match,internal,matched,5s,"A completely fixed, static, tripod-mounted camera records a dense urban residential and commercial d.mp4",957234,7d6bab1403279905,i2v_source_repo,"output/eval/phase7_500_cm/5s/A completely fixed, static, tripod-mounted camera records a dense urban residential and commercial d.mp4"
i2v,phase7_500_cm,RA-I2V-v1 +color-match,internal,matched,5s,"A completely fixed, static, tripod-mounted camera records a historic Kyoto canal lined with cherry b.mp4",983256,3c5bab93eb75dde9,i2v_source_repo,"output/eval/phase7_500_cm/5s/A completely fixed, static, tripod-mounted camera records a historic Kyoto canal lined with cherry b.mp4"
i2v,phase7_500_cm,RA-I2V-v1 +color-match,internal,matched,5s,"A completely fixed, static, tripod-mounted camera records an active snowfall over the ornate Bow Bri.mp4",1220248,08339ef9aae80599,i2v_source_repo,"output/eval/phase7_500_cm/5s/A completely fixed, static, tripod-mounted camera records an active snowfall over the ornate Bow Bri.mp4"
i2v,phase7_500_cm,RA-I2V-v1 +color-match,internal,matched,5s,"A completely fixed, static, tripod-mounted camera records an active volcanic lava flow field at blue.mp4",655627,faf7569054b46b10,i2v_source_repo,"output/eval/phase7_500_cm/5s/A completely fixed, static, tripod-mounted camera records an active volcanic lava flow field at blue.mp4"
i2v,phase7_500_cm,RA-I2V-v1 +color-match,internal,matched,5s,"A completely fixed, static, tripod-mounted camera records an extremely heavy nighttime snowfall on a.mp4",906431,d87fa73dd7230825,i2v_source_repo,"output/eval/phase7_500_cm/5s/A completely fixed, static, tripod-mounted camera records an extremely heavy nighttime snowfall on a.mp4"
i2v,phase7_500_cm,RA-I2V-v1 +color-match,internal,matched,5s,"A completely fixed, static, tripod-mounted camera records an urban intersection fire and explosion e.mp4",491123,7d5105f9bf1b5b81,i2v_source_repo,"output/eval/phase7_500_cm/5s/A completely fixed, static, tripod-mounted camera records an urban intersection fire and explosion e.mp4"
i2v,phase7_500_cm,RA-I2V-v1 +color-match,internal,matched,60s,"A completely fixed, static, macro tripod-mounted camera records heavy urban rainfall from an extreme.mp4",14180495,58b407d3f3a90eef,i2v_source_repo,"output/eval/phase7_500_cm/60s/A completely fixed, static, macro tripod-mounted camera records heavy urban rainfall from an extreme.mp4"
i2v,phase7_500_cm,RA-I2V-v1 +color-match,internal,matched,60s,"A completely fixed, static, macro-range tripod-mounted camera records a rain-streaked window pane wi.mp4",9373353,6bdd8bb566d34187,i2v_source_repo,"output/eval/phase7_500_cm/60s/A completely fixed, static, macro-range tripod-mounted camera records a rain-streaked window pane wi.mp4"
i2v,phase7_500_cm,RA-I2V-v1 +color-match,internal,matched,60s,"A completely fixed, static, tripod-mounted camera records a burning forest campfire at night from a .mp4",5365724,d1a5f605a786032b,i2v_source_repo,"output/eval/phase7_500_cm/60s/A completely fixed, static, tripod-mounted camera records a burning forest campfire at night from a .mp4"
i2v,phase7_500_cm,RA-I2V-v1 +color-match,internal,matched,60s,"A completely fixed, static, tripod-mounted camera records a calm overcast coastal beach scene from a.mp4",4034747,4fb66dc2e674f0d5,i2v_source_repo,"output/eval/phase7_500_cm/60s/A completely fixed, static, tripod-mounted camera records a calm overcast coastal beach scene from a.mp4"
i2v,phase7_500_cm,RA-I2V-v1 +color-match,internal,matched,60s,"A completely fixed, static, tripod-mounted camera records a calm winter river from a slightly elevat.mp4",9202671,53948d1083554fc3,i2v_source_repo,"output/eval/phase7_500_cm/60s/A completely fixed, static, tripod-mounted camera records a calm winter river from a slightly elevat.mp4"
i2v,phase7_500_cm,RA-I2V-v1 +color-match,internal,matched,60s,"A completely fixed, static, tripod-mounted camera records a clear summer forest stream with boulder .mp4",10689853,ee88074c41b85cbd,i2v_source_repo,"output/eval/phase7_500_cm/60s/A completely fixed, static, tripod-mounted camera records a clear summer forest stream with boulder .mp4"
i2v,phase7_500_cm,RA-I2V-v1 +color-match,internal,matched,60s,"A completely fixed, static, tripod-mounted camera records a coastal tuff cone headland and the open .mp4",8386782,3cfa7021b395b5d2,i2v_source_repo,"output/eval/phase7_500_cm/60s/A completely fixed, static, tripod-mounted camera records a coastal tuff cone headland and the open .mp4"
i2v,phase7_500_cm,RA-I2V-v1 +color-match,internal,matched,60s,"A completely fixed, static, tripod-mounted camera records a desert dust storm sweeping across a flat.mp4",5512195,91b0161af735d1a1,i2v_source_repo,"output/eval/phase7_500_cm/60s/A completely fixed, static, tripod-mounted camera records a desert dust storm sweeping across a flat.mp4"
i2v,phase7_500_cm,RA-I2V-v1 +color-match,internal,matched,60s,"A completely fixed, static, tripod-mounted camera records a fast mountain river cascading over a bou.mp4",6475722,a88723204020488f,i2v_source_repo,"output/eval/phase7_500_cm/60s/A completely fixed, static, tripod-mounted camera records a fast mountain river cascading over a bou.mp4"
i2v,phase7_500_cm,RA-I2V-v1 +color-match,internal,matched,60s,"A completely fixed, static, tripod-mounted camera records a gentle clear forest stream in a lush gre.mp4",11106085,aef410ffe17789db,i2v_source_repo,"output/eval/phase7_500_cm/60s/A completely fixed, static, tripod-mounted camera records a gentle clear forest stream in a lush gre.mp4"
i2v,phase7_500_cm,RA-I2V-v1 +color-match,internal,matched,60s,"A completely fixed, static, tripod-mounted camera records a heavy daytime snowstorm on a dense city .mp4",8319007,8f7ce3b326b7940e,i2v_source_repo,"output/eval/phase7_500_cm/60s/A completely fixed, static, tripod-mounted camera records a heavy daytime snowstorm on a dense city .mp4"
i2v,phase7_500_cm,RA-I2V-v1 +color-match,internal,matched,60s,"A completely fixed, static, tripod-mounted camera records a heavy nighttime snowfall on a quiet hist.mp4",9781451,13783a4c10f5dee5,i2v_source_repo,"output/eval/phase7_500_cm/60s/A completely fixed, static, tripod-mounted camera records a heavy nighttime snowfall on a quiet hist.mp4"
i2v,phase7_500_cm,RA-I2V-v1 +color-match,internal,matched,60s,"A completely fixed, static, tripod-mounted camera records a lone windswept pine clinging to a bare r.mp4",9147068,e8ce26e65f0b7e62,i2v_source_repo,"output/eval/phase7_500_cm/60s/A completely fixed, static, tripod-mounted camera records a lone windswept pine clinging to a bare r.mp4"
i2v,phase7_500_cm,RA-I2V-v1 +color-match,internal,matched,60s,"A completely fixed, static, tripod-mounted camera records a multi-tiered cascading forest stream fro.mp4",9017726,46351547bca6d578,i2v_source_repo,"output/eval/phase7_500_cm/60s/A completely fixed, static, tripod-mounted camera records a multi-tiered cascading forest stream fro.mp4"
i2v,phase7_500_cm,RA-I2V-v1 +color-match,internal,matched,60s,"A completely fixed, static, tripod-mounted camera records a quiet urban park river at night. The cam.mp4",9760270,a617f3e526778ef9,i2v_source_repo,"output/eval/phase7_500_cm/60s/A completely fixed, static, tripod-mounted camera records a quiet urban park river at night. The cam.mp4"
i2v,phase7_500_cm,RA-I2V-v1 +color-match,internal,matched,60s,"A completely fixed, static, tripod-mounted camera records a rain-drenched forest path in late aftern.mp4",9339782,b69d94161c083b8b,i2v_source_repo,"output/eval/phase7_500_cm/60s/A completely fixed, static, tripod-mounted camera records a rain-drenched forest path in late aftern.mp4"
i2v,phase7_500_cm,RA-I2V-v1 +color-match,internal,matched,60s,"A completely fixed, static, tripod-mounted camera records a swollen muddy flood torrent surging thro.mp4",10132997,65d84c182466a928,i2v_source_repo,"output/eval/phase7_500_cm/60s/A completely fixed, static, tripod-mounted camera records a swollen muddy flood torrent surging thro.mp4"
i2v,phase7_500_cm,RA-I2V-v1 +color-match,internal,matched,60s,"A completely fixed, static, tripod-mounted camera records a swollen winter flood river from a low ba.mp4",10134818,66fc3b98ae3e6b35,i2v_source_repo,"output/eval/phase7_500_cm/60s/A completely fixed, static, tripod-mounted camera records a swollen winter flood river from a low ba.mp4"
i2v,phase7_500_cm,RA-I2V-v1 +color-match,internal,matched,60s,"A completely fixed, static, tripod-mounted camera records a tranquil moonlit ocean seascape at night.mp4",7614340,4a578c1a594fc96f,i2v_source_repo,"output/eval/phase7_500_cm/60s/A completely fixed, static, tripod-mounted camera records a tranquil moonlit ocean seascape at night.mp4"
i2v,phase7_500_cm,RA-I2V-v1 +color-match,internal,matched,60s,"A completely fixed, static, tripod-mounted camera records a tranquil street in a Japanese city durin.mp4",11999465,bfdc30c2784d62df,i2v_source_repo,"output/eval/phase7_500_cm/60s/A completely fixed, static, tripod-mounted camera records a tranquil street in a Japanese city durin.mp4"
i2v,phase7_500_cm,RA-I2V-v1 +color-match,internal,matched,60s,"A completely fixed, static, tripod-mounted camera records a tropical beach with overhanging coconut .mp4",9573316,6ee62e414df29510,i2v_source_repo,"output/eval/phase7_500_cm/60s/A completely fixed, static, tripod-mounted camera records a tropical beach with overhanging coconut .mp4"
i2v,phase7_500_cm,RA-I2V-v1 +color-match,internal,matched,60s,"A completely fixed, static, tripod-mounted camera records a violent volcanic eruption at deep blue h.mp4",8550826,de4827901705a406,i2v_source_repo,"output/eval/phase7_500_cm/60s/A completely fixed, static, tripod-mounted camera records a violent volcanic eruption at deep blue h.mp4"
i2v,phase7_500_cm,RA-I2V-v1 +color-match,internal,matched,60s,"A completely fixed, static, tripod-mounted camera records an active snowfall in a dense mountain spr.mp4",10304629,d9d543e05674338c,i2v_source_repo,"output/eval/phase7_500_cm/60s/A completely fixed, static, tripod-mounted camera records an active snowfall in a dense mountain spr.mp4"
i2v,phase7_500_cm,RA-I2V-v1 +color-match,internal,matched,60s,"A completely fixed, static, tripod-mounted camera records an active snowfall over a wide open alpine.mp4",10244506,d165dbf4c4469a2a,i2v_source_repo,"output/eval/phase7_500_cm/60s/A completely fixed, static, tripod-mounted camera records an active snowfall over a wide open alpine.mp4"
i2v,phase7_500_cm,RA-I2V-v1 +color-match,internal,matched,60s,"A completely fixed, static, tripod-mounted camera records an active volcanic lava ocean entry event .mp4",7622913,39ea89eab03d0f59,i2v_source_repo,"output/eval/phase7_500_cm/60s/A completely fixed, static, tripod-mounted camera records an active volcanic lava ocean entry event .mp4"
i2v,phase7_500_cm,RA-I2V-v1 +color-match,internal,matched,60s,"A completely fixed, static, tripod-mounted camera records an erupting stratovolcano at golden sunset.mp4",5055458,ee1e749b45f8f453,i2v_source_repo,"output/eval/phase7_500_cm/60s/A completely fixed, static, tripod-mounted camera records an erupting stratovolcano at golden sunset.mp4"
i2v,phase7_500_cm,RA-I2V-v1 +color-match,internal,matched,60s,"A completely fixed, static, tripod-mounted camera records an extremely heavy nighttime snowfall on a.mp4",8641488,21f7b2db6e470ff2,i2v_source_repo,"output/eval/phase7_500_cm/60s/A completely fixed, static, tripod-mounted camera records an extremely heavy nighttime snowfall on a.mp4"
i2v,phase7_500_cm,RA-I2V-v1 +color-match,internal,matched,60s,"A completely fixed, static, tripod-mounted camera records moderate rainfall in a cultivated garden a.mp4",9756409,8d39f20a3937f6a4,i2v_source_repo,"output/eval/phase7_500_cm/60s/A completely fixed, static, tripod-mounted camera records moderate rainfall in a cultivated garden a.mp4"
i2v,phase7_500_cm,RA-I2V-v1 +color-match,internal,matched,60s,"A completely fixed, static, tripod-mounted camera records the underside of a long concrete river bri.mp4",6792754,e9d0faa3d01614ec,i2v_source_repo,"output/eval/phase7_500_cm/60s/A completely fixed, static, tripod-mounted camera records the underside of a long concrete river bri.mp4"
i2v,phase7_500_cm,RA-I2V-v1 +color-match,internal,matched,60s,"A completely fixed, static, tripod-mounted camera records two coconut palms thrashing in a violent t.mp4",10806695,5ca66a539a587934,i2v_source_repo,"output/eval/phase7_500_cm/60s/A completely fixed, static, tripod-mounted camera records two coconut palms thrashing in a violent t.mp4"
i2v,phase7_500_cm,RA-I2V-v1 +color-match,internal,matched,120s,"A completely fixed, static, aerial tripod-mounted camera records an active lava flow cutting through.mp4",14444914,f439836960faf2f4,i2v_source_repo,"output/eval/phase7_500_cm/120s/A completely fixed, static, aerial tripod-mounted camera records an active lava flow cutting through.mp4"
i2v,phase7_500_cm,RA-I2V-v1 +color-match,internal,matched,120s,"A completely fixed, static, close-range tripod-mounted camera records a massive open-ocean wave pitc.mp4",17127517,5112e2a54317e328,i2v_source_repo,"output/eval/phase7_500_cm/120s/A completely fixed, static, close-range tripod-mounted camera records a massive open-ocean wave pitc.mp4"
i2v,phase7_500_cm,RA-I2V-v1 +color-match,internal,matched,120s,"A completely fixed, static, close-range tripod-mounted camera records a single large ocean wave curl.mp4",20337998,4c173387d53f90ca,i2v_source_repo,"output/eval/phase7_500_cm/120s/A completely fixed, static, close-range tripod-mounted camera records a single large ocean wave curl.mp4"
i2v,phase7_500_cm,RA-I2V-v1 +color-match,internal,matched,120s,"A completely fixed, static, close-range tripod-mounted camera records a small forest creek cascading.mp4",18278116,a588de309101dfe8,i2v_source_repo,"output/eval/phase7_500_cm/120s/A completely fixed, static, close-range tripod-mounted camera records a small forest creek cascading.mp4"
i2v,phase7_500_cm,RA-I2V-v1 +color-match,internal,matched,120s,"A completely fixed, static, low-water-level tripod-mounted camera records a calm mountain river flow.mp4",16328553,01085801a714c827,i2v_source_repo,"output/eval/phase7_500_cm/120s/A completely fixed, static, low-water-level tripod-mounted camera records a calm mountain river flow.mp4"
i2v,phase7_500_cm,RA-I2V-v1 +color-match,internal,matched,120s,"A completely fixed, static, tripod-mounted camera records a bright blue sky filled with drifting whi.mp4",15116810,5d085a9e5685533e,i2v_source_repo,"output/eval/phase7_500_cm/120s/A completely fixed, static, tripod-mounted camera records a bright blue sky filled with drifting whi.mp4"
i2v,phase7_500_cm,RA-I2V-v1 +color-match,internal,matched,120s,"A completely fixed, static, tripod-mounted camera records a channelized urban river running through .mp4",16703575,2bac619ca8aff37b,i2v_source_repo,"output/eval/phase7_500_cm/120s/A completely fixed, static, tripod-mounted camera records a channelized urban river running through .mp4"
i2v,phase7_500_cm,RA-I2V-v1 +color-match,internal,matched,120s,"A completely fixed, static, tripod-mounted camera records a clear river flowing past a grassy bank a.mp4",18764073,27276910732e00e3,i2v_source_repo,"output/eval/phase7_500_cm/120s/A completely fixed, static, tripod-mounted camera records a clear river flowing past a grassy bank a.mp4"
i2v,phase7_500_cm,RA-I2V-v1 +color-match,internal,matched,120s,"A completely fixed, static, tripod-mounted camera records a dense city at dusk with a massive dark p.mp4",12961250,8f3d801d492cb5d1,i2v_source_repo,"output/eval/phase7_500_cm/120s/A completely fixed, static, tripod-mounted camera records a dense city at dusk with a massive dark p.mp4"
i2v,phase7_500_cm,RA-I2V-v1 +color-match,internal,matched,120s,"A completely fixed, static, tripod-mounted camera records a desert dust storm advancing across a fla.mp4",10215471,f188abf15d7340f4,i2v_source_repo,"output/eval/phase7_500_cm/120s/A completely fixed, static, tripod-mounted camera records a desert dust storm advancing across a fla.mp4"
i2v,phase7_500_cm,RA-I2V-v1 +color-match,internal,matched,120s,"A completely fixed, static, tripod-mounted camera records a fast mountain river running through a ro.mp4",13855522,56976dcdc836881e,i2v_source_repo,"output/eval/phase7_500_cm/120s/A completely fixed, static, tripod-mounted camera records a fast mountain river running through a ro.mp4"
i2v,phase7_500_cm,RA-I2V-v1 +color-match,internal,matched,120s,"A completely fixed, static, tripod-mounted camera records a heavy snowfall over a snow-covered alpin.mp4",16971313,0ab96c81e9943f55,i2v_source_repo,"output/eval/phase7_500_cm/120s/A completely fixed, static, tripod-mounted camera records a heavy snowfall over a snow-covered alpin.mp4"
i2v,phase7_500_cm,RA-I2V-v1 +color-match,internal,matched,120s,"A completely fixed, static, tripod-mounted camera records a long row of tall palms thrashing in a tr.mp4",18524374,32d870c8bed228b3,i2v_source_repo,"output/eval/phase7_500_cm/120s/A completely fixed, static, tripod-mounted camera records a long row of tall palms thrashing in a tr.mp4"
i2v,phase7_500_cm,RA-I2V-v1 +color-match,internal,matched,120s,"A completely fixed, static, tripod-mounted camera records a nighttime city skyline backed by a large.mp4",17065888,36758d654511a8b6,i2v_source_repo,"output/eval/phase7_500_cm/120s/A completely fixed, static, tripod-mounted camera records a nighttime city skyline backed by a large.mp4"
i2v,phase7_500_cm,RA-I2V-v1 +color-match,internal,matched,120s,"A completely fixed, static, tripod-mounted camera records a rainy narrow city alley at night in desa.mp4",21025110,46e3be76c30d9d91,i2v_source_repo,"output/eval/phase7_500_cm/120s/A completely fixed, static, tripod-mounted camera records a rainy narrow city alley at night in desa.mp4"
i2v,phase7_500_cm,RA-I2V-v1 +color-match,internal,matched,120s,"A completely fixed, static, tripod-mounted camera records a swollen flood river spilling across subm.mp4",20026087,93c0ca604d15b99b,i2v_source_repo,"output/eval/phase7_500_cm/120s/A completely fixed, static, tripod-mounted camera records a swollen flood river spilling across subm.mp4"
i2v,phase7_500_cm,RA-I2V-v1 +color-match,internal,matched,120s,"A completely fixed, static, tripod-mounted camera records a tree-lined city street in autumn with fa.mp4",21901759,12c00558dbb15aab,i2v_source_repo,"output/eval/phase7_500_cm/120s/A completely fixed, static, tripod-mounted camera records a tree-lined city street in autumn with fa.mp4"
i2v,phase7_500_cm,RA-I2V-v1 +color-match,internal,matched,120s,"A completely fixed, static, tripod-mounted camera records a tropical white-sand beach with a leaning.mp4",17975914,5420f5229bc81903,i2v_source_repo,"output/eval/phase7_500_cm/120s/A completely fixed, static, tripod-mounted camera records a tropical white-sand beach with a leaning.mp4"
i2v,phase7_500_cm,RA-I2V-v1 +color-match,internal,matched,120s,"A completely fixed, static, tripod-mounted camera records an active grass-and-brush wildfire spreadi.mp4",13729496,31f77b43d1d17861,i2v_source_repo,"output/eval/phase7_500_cm/120s/A completely fixed, static, tripod-mounted camera records an active grass-and-brush wildfire spreadi.mp4"
i2v,phase7_500_cm,RA-I2V-v1 +color-match,internal,matched,120s,"A completely fixed, static, tripod-mounted camera records an extremely heavy daytime snowfall over a.mp4",26031553,ed4f0eee51ff096d,i2v_source_repo,"output/eval/phase7_500_cm/120s/A completely fixed, static, tripod-mounted camera records an extremely heavy daytime snowfall over a.mp4"
i2v,phase7_500_cm,RA-I2V-v1 +color-match,internal,matched,240s,"A completely fixed, static, close-range tripod-mounted camera records heavy tropical rain pouring of.mp4",42377191,27d175c3cd3fc8a2,i2v_source_repo,"output/eval/phase7_500_cm/240s/A completely fixed, static, close-range tripod-mounted camera records heavy tropical rain pouring of.mp4"
i2v,phase7_500_cm,RA-I2V-v1 +color-match,internal,matched,240s,"A completely fixed, static, tripod-mounted camera records a calm tropical bay framed by a large over.mp4",36281970,8c4a3d6a3cbc27b4,i2v_source_repo,"output/eval/phase7_500_cm/240s/A completely fixed, static, tripod-mounted camera records a calm tropical bay framed by a large over.mp4"
i2v,phase7_500_cm,RA-I2V-v1 +color-match,internal,matched,240s,"A completely fixed, static, tripod-mounted camera records a historic Kyoto canal lined with traditio.mp4",46084954,e912670438250951,i2v_source_repo,"output/eval/phase7_500_cm/240s/A completely fixed, static, tripod-mounted camera records a historic Kyoto canal lined with traditio.mp4"
i2v,phase7_500_cm,RA-I2V-v1 +color-match,internal,matched,240s,"A completely fixed, static, tripod-mounted camera records a tranquil tropical beach with leaning pal.mp4",33276764,17cfdd91f5ad5314,i2v_source_repo,"output/eval/phase7_500_cm/240s/A completely fixed, static, tripod-mounted camera records a tranquil tropical beach with leaning pal.mp4"
i2v,phase7_500_cm,RA-I2V-v1 +color-match,internal,matched,240s,"A completely fixed, static, tripod-mounted camera records an active braided lava flow advancing acro.mp4",44953110,fa2597410e6eff57,i2v_source_repo,"output/eval/phase7_500_cm/240s/A completely fixed, static, tripod-mounted camera records an active braided lava flow advancing acro.mp4"
i2v,nfpb1_control_cm,nfpb=1 control +color-match,internal,matched,60s,"A completely fixed, static, macro tripod-mounted camera records heavy urban rainfall from an extreme.mp4",12083033,fcf8347bf5657ce1,i2v_source_repo,"output/eval/nfpb1_control_cm/60s/A completely fixed, static, macro tripod-mounted camera records heavy urban rainfall from an extreme.mp4"
i2v,nfpb1_control_cm,nfpb=1 control +color-match,internal,matched,60s,"A completely fixed, static, macro-range tripod-mounted camera records a rain-streaked window pane wi.mp4",9806108,02160cdc2b67f665,i2v_source_repo,"output/eval/nfpb1_control_cm/60s/A completely fixed, static, macro-range tripod-mounted camera records a rain-streaked window pane wi.mp4"
i2v,nfpb1_control_cm,nfpb=1 control +color-match,internal,matched,60s,"A completely fixed, static, tripod-mounted camera records a burning forest campfire at night from a .mp4",5874404,48823c9b79d02f26,i2v_source_repo,"output/eval/nfpb1_control_cm/60s/A completely fixed, static, tripod-mounted camera records a burning forest campfire at night from a .mp4"
i2v,nfpb1_control_cm,nfpb=1 control +color-match,internal,matched,60s,"A completely fixed, static, tripod-mounted camera records a calm overcast coastal beach scene from a.mp4",9333990,1f4c4e2f1da27d72,i2v_source_repo,"output/eval/nfpb1_control_cm/60s/A completely fixed, static, tripod-mounted camera records a calm overcast coastal beach scene from a.mp4"
i2v,nfpb1_control_cm,nfpb=1 control +color-match,internal,matched,60s,"A completely fixed, static, tripod-mounted camera records a calm winter river from a slightly elevat.mp4",13867784,d01720f4a3198e89,i2v_source_repo,"output/eval/nfpb1_control_cm/60s/A completely fixed, static, tripod-mounted camera records a calm winter river from a slightly elevat.mp4"
i2v,nfpb1_control_cm,nfpb=1 control +color-match,internal,matched,60s,"A completely fixed, static, tripod-mounted camera records a clear summer forest stream with boulder .mp4",12958988,bcfa47b6af2db1bc,i2v_source_repo,"output/eval/nfpb1_control_cm/60s/A completely fixed, static, tripod-mounted camera records a clear summer forest stream with boulder .mp4"
i2v,nfpb1_control_cm,nfpb=1 control +color-match,internal,matched,60s,"A completely fixed, static, tripod-mounted camera records a coastal tuff cone headland and the open .mp4",10736305,f089d5c318dba708,i2v_source_repo,"output/eval/nfpb1_control_cm/60s/A completely fixed, static, tripod-mounted camera records a coastal tuff cone headland and the open .mp4"
i2v,nfpb1_control_cm,nfpb=1 control +color-match,internal,matched,60s,"A completely fixed, static, tripod-mounted camera records a desert dust storm sweeping across a flat.mp4",12049879,d16eefb5e5fc64a8,i2v_source_repo,"output/eval/nfpb1_control_cm/60s/A completely fixed, static, tripod-mounted camera records a desert dust storm sweeping across a flat.mp4"
i2v,nfpb1_control_cm,nfpb=1 control +color-match,internal,matched,60s,"A completely fixed, static, tripod-mounted camera records a fast mountain river cascading over a bou.mp4",8406274,110d4058671d8fd3,i2v_source_repo,"output/eval/nfpb1_control_cm/60s/A completely fixed, static, tripod-mounted camera records a fast mountain river cascading over a bou.mp4"
i2v,nfpb1_control_cm,nfpb=1 control +color-match,internal,matched,60s,"A completely fixed, static, tripod-mounted camera records a gentle clear forest stream in a lush gre.mp4",16311075,a83ed069d594f04e,i2v_source_repo,"output/eval/nfpb1_control_cm/60s/A completely fixed, static, tripod-mounted camera records a gentle clear forest stream in a lush gre.mp4"
i2v,nfpb1_control_cm,nfpb=1 control +color-match,internal,matched,60s,"A completely fixed, static, tripod-mounted camera records a heavy daytime snowstorm on a dense city .mp4",9337837,e53fbaf80bf3d3ab,i2v_source_repo,"output/eval/nfpb1_control_cm/60s/A completely fixed, static, tripod-mounted camera records a heavy daytime snowstorm on a dense city .mp4"
i2v,nfpb1_control_cm,nfpb=1 control +color-match,internal,matched,60s,"A completely fixed, static, tripod-mounted camera records a heavy nighttime snowfall on a quiet hist.mp4",9880026,241edd27991e2458,i2v_source_repo,"output/eval/nfpb1_control_cm/60s/A completely fixed, static, tripod-mounted camera records a heavy nighttime snowfall on a quiet hist.mp4"
i2v,nfpb1_control_cm,nfpb=1 control +color-match,internal,matched,60s,"A completely fixed, static, tripod-mounted camera records a lone windswept pine clinging to a bare r.mp4",10597578,e6dd4861dceee2ef,i2v_source_repo,"output/eval/nfpb1_control_cm/60s/A completely fixed, static, tripod-mounted camera records a lone windswept pine clinging to a bare r.mp4"
i2v,nfpb1_control_cm,nfpb=1 control +color-match,internal,matched,60s,"A completely fixed, static, tripod-mounted camera records a multi-tiered cascading forest stream fro.mp4",11406518,aabd7bbe93907dd6,i2v_source_repo,"output/eval/nfpb1_control_cm/60s/A completely fixed, static, tripod-mounted camera records a multi-tiered cascading forest stream fro.mp4"
i2v,nfpb1_control_cm,nfpb=1 control +color-match,internal,matched,60s,"A completely fixed, static, tripod-mounted camera records a quiet urban park river at night. The cam.mp4",11374147,ef8c434111293fc6,i2v_source_repo,"output/eval/nfpb1_control_cm/60s/A completely fixed, static, tripod-mounted camera records a quiet urban park river at night. The cam.mp4"
i2v,nfpb1_control_cm,nfpb=1 control +color-match,internal,matched,60s,"A completely fixed, static, tripod-mounted camera records a rain-drenched forest path in late aftern.mp4",10546524,b6bca618dfdfa59d,i2v_source_repo,"output/eval/nfpb1_control_cm/60s/A completely fixed, static, tripod-mounted camera records a rain-drenched forest path in late aftern.mp4"
i2v,nfpb1_control_cm,nfpb=1 control +color-match,internal,matched,60s,"A completely fixed, static, tripod-mounted camera records a swollen muddy flood torrent surging thro.mp4",12065847,e307cc2e5f7d5d57,i2v_source_repo,"output/eval/nfpb1_control_cm/60s/A completely fixed, static, tripod-mounted camera records a swollen muddy flood torrent surging thro.mp4"
i2v,nfpb1_control_cm,nfpb=1 control +color-match,internal,matched,60s,"A completely fixed, static, tripod-mounted camera records a swollen winter flood river from a low ba.mp4",12554537,d323c483bdafbb28,i2v_source_repo,"output/eval/nfpb1_control_cm/60s/A completely fixed, static, tripod-mounted camera records a swollen winter flood river from a low ba.mp4"
i2v,nfpb1_control_cm,nfpb=1 control +color-match,internal,matched,60s,"A completely fixed, static, tripod-mounted camera records a tranquil moonlit ocean seascape at night.mp4",8647187,dadc77654b118c62,i2v_source_repo,"output/eval/nfpb1_control_cm/60s/A completely fixed, static, tripod-mounted camera records a tranquil moonlit ocean seascape at night.mp4"
i2v,nfpb1_control_cm,nfpb=1 control +color-match,internal,matched,60s,"A completely fixed, static, tripod-mounted camera records a tranquil street in a Japanese city durin.mp4",12408434,0d73545482bb5f25,i2v_source_repo,"output/eval/nfpb1_control_cm/60s/A completely fixed, static, tripod-mounted camera records a tranquil street in a Japanese city durin.mp4"
i2v,nfpb1_control_cm,nfpb=1 control +color-match,internal,matched,60s,"A completely fixed, static, tripod-mounted camera records a tropical beach with overhanging coconut .mp4",12665422,6f960030a38a929d,i2v_source_repo,"output/eval/nfpb1_control_cm/60s/A completely fixed, static, tripod-mounted camera records a tropical beach with overhanging coconut .mp4"
i2v,nfpb1_control_cm,nfpb=1 control +color-match,internal,matched,60s,"A completely fixed, static, tripod-mounted camera records a violent volcanic eruption at deep blue h.mp4",9021674,12a579332ccb42a1,i2v_source_repo,"output/eval/nfpb1_control_cm/60s/A completely fixed, static, tripod-mounted camera records a violent volcanic eruption at deep blue h.mp4"
i2v,nfpb1_control_cm,nfpb=1 control +color-match,internal,matched,60s,"A completely fixed, static, tripod-mounted camera records an active snowfall in a dense mountain spr.mp4",10252267,c20970e7c7c2464a,i2v_source_repo,"output/eval/nfpb1_control_cm/60s/A completely fixed, static, tripod-mounted camera records an active snowfall in a dense mountain spr.mp4"
i2v,nfpb1_control_cm,nfpb=1 control +color-match,internal,matched,60s,"A completely fixed, static, tripod-mounted camera records an active snowfall over a wide open alpine.mp4",11534705,0c68c4a0ec3616e3,i2v_source_repo,"output/eval/nfpb1_control_cm/60s/A completely fixed, static, tripod-mounted camera records an active snowfall over a wide open alpine.mp4"
i2v,nfpb1_control_cm,nfpb=1 control +color-match,internal,matched,60s,"A completely fixed, static, tripod-mounted camera records an active volcanic lava ocean entry event .mp4",8357997,7c25322ebadb0bb1,i2v_source_repo,"output/eval/nfpb1_control_cm/60s/A completely fixed, static, tripod-mounted camera records an active volcanic lava ocean entry event .mp4"
i2v,nfpb1_control_cm,nfpb=1 control +color-match,internal,matched,60s,"A completely fixed, static, tripod-mounted camera records an erupting stratovolcano at golden sunset.mp4",5431982,dcb2181971f1a165,i2v_source_repo,"output/eval/nfpb1_control_cm/60s/A completely fixed, static, tripod-mounted camera records an erupting stratovolcano at golden sunset.mp4"
i2v,nfpb1_control_cm,nfpb=1 control +color-match,internal,matched,60s,"A completely fixed, static, tripod-mounted camera records an extremely heavy nighttime snowfall on a.mp4",9173037,2723dc6f39403f6c,i2v_source_repo,"output/eval/nfpb1_control_cm/60s/A completely fixed, static, tripod-mounted camera records an extremely heavy nighttime snowfall on a.mp4"
i2v,nfpb1_control_cm,nfpb=1 control +color-match,internal,matched,60s,"A completely fixed, static, tripod-mounted camera records moderate rainfall in a cultivated garden a.mp4",10891933,091c91f4a2f8dcee,i2v_source_repo,"output/eval/nfpb1_control_cm/60s/A completely fixed, static, tripod-mounted camera records moderate rainfall in a cultivated garden a.mp4"
i2v,nfpb1_control_cm,nfpb=1 control +color-match,internal,matched,60s,"A completely fixed, static, tripod-mounted camera records the underside of a long concrete river bri.mp4",8546275,9883c32c3b0fc512,i2v_source_repo,"output/eval/nfpb1_control_cm/60s/A completely fixed, static, tripod-mounted camera records the underside of a long concrete river bri.mp4"
i2v,nfpb1_control_cm,nfpb=1 control +color-match,internal,matched,60s,"A completely fixed, static, tripod-mounted camera records two coconut palms thrashing in a violent t.mp4",12493162,2abdc61fb2e5c31e,i2v_source_repo,"output/eval/nfpb1_control_cm/60s/A completely fixed, static, tripod-mounted camera records two coconut palms thrashing in a violent t.mp4"
i2v,nfpb1_control_cm,nfpb=1 control +color-match,internal,matched,120s,"A completely fixed, static, aerial tripod-mounted camera records an active lava flow cutting through.mp4",20671006,13d5d35fca28e76c,i2v_source_repo,"output/eval/nfpb1_control_cm/120s/A completely fixed, static, aerial tripod-mounted camera records an active lava flow cutting through.mp4"
i2v,nfpb1_control_cm,nfpb=1 control +color-match,internal,matched,120s,"A completely fixed, static, close-range tripod-mounted camera records a massive open-ocean wave pitc.mp4",20184536,6ed12f5c7dcfc15d,i2v_source_repo,"output/eval/nfpb1_control_cm/120s/A completely fixed, static, close-range tripod-mounted camera records a massive open-ocean wave pitc.mp4"
i2v,nfpb1_control_cm,nfpb=1 control +color-match,internal,matched,120s,"A completely fixed, static, close-range tripod-mounted camera records a single large ocean wave curl.mp4",23837833,bd12628e216f8f81,i2v_source_repo,"output/eval/nfpb1_control_cm/120s/A completely fixed, static, close-range tripod-mounted camera records a single large ocean wave curl.mp4"
i2v,nfpb1_control_cm,nfpb=1 control +color-match,internal,matched,120s,"A completely fixed, static, close-range tripod-mounted camera records a small forest creek cascading.mp4",22982393,2d910463338f552f,i2v_source_repo,"output/eval/nfpb1_control_cm/120s/A completely fixed, static, close-range tripod-mounted camera records a small forest creek cascading.mp4"
i2v,nfpb1_control_cm,nfpb=1 control +color-match,internal,matched,120s,"A completely fixed, static, low-water-level tripod-mounted camera records a calm mountain river flow.mp4",19889788,01526171e187d153,i2v_source_repo,"output/eval/nfpb1_control_cm/120s/A completely fixed, static, low-water-level tripod-mounted camera records a calm mountain river flow.mp4"
i2v,nfpb1_control_cm,nfpb=1 control +color-match,internal,matched,120s,"A completely fixed, static, tripod-mounted camera records a bright blue sky filled with drifting whi.mp4",16660491,afcf591fc7dea6c1,i2v_source_repo,"output/eval/nfpb1_control_cm/120s/A completely fixed, static, tripod-mounted camera records a bright blue sky filled with drifting whi.mp4"
i2v,nfpb1_control_cm,nfpb=1 control +color-match,internal,matched,120s,"A completely fixed, static, tripod-mounted camera records a channelized urban river running through .mp4",23712844,a3d31d8459a29efd,i2v_source_repo,"output/eval/nfpb1_control_cm/120s/A completely fixed, static, tripod-mounted camera records a channelized urban river running through .mp4"
i2v,nfpb1_control_cm,nfpb=1 control +color-match,internal,matched,120s,"A completely fixed, static, tripod-mounted camera records a clear river flowing past a grassy bank a.mp4",22875381,cac54c3f2e6dce26,i2v_source_repo,"output/eval/nfpb1_control_cm/120s/A completely fixed, static, tripod-mounted camera records a clear river flowing past a grassy bank a.mp4"
i2v,nfpb1_control_cm,nfpb=1 control +color-match,internal,matched,120s,"A completely fixed, static, tripod-mounted camera records a dense city at dusk with a massive dark p.mp4",17292230,b985234acf412fd9,i2v_source_repo,"output/eval/nfpb1_control_cm/120s/A completely fixed, static, tripod-mounted camera records a dense city at dusk with a massive dark p.mp4"
i2v,nfpb1_control_cm,nfpb=1 control +color-match,internal,matched,120s,"A completely fixed, static, tripod-mounted camera records a desert dust storm advancing across a fla.mp4",25928662,090596cd19295963,i2v_source_repo,"output/eval/nfpb1_control_cm/120s/A completely fixed, static, tripod-mounted camera records a desert dust storm advancing across a fla.mp4"
i2v,nfpb1_control_cm,nfpb=1 control +color-match,internal,matched,120s,"A completely fixed, static, tripod-mounted camera records a fast mountain river running through a ro.mp4",19014888,fe69186aec5af73c,i2v_source_repo,"output/eval/nfpb1_control_cm/120s/A completely fixed, static, tripod-mounted camera records a fast mountain river running through a ro.mp4"
i2v,nfpb1_control_cm,nfpb=1 control +color-match,internal,matched,120s,"A completely fixed, static, tripod-mounted camera records a heavy snowfall over a snow-covered alpin.mp4",19459964,0ba00b32b9bd7a9c,i2v_source_repo,"output/eval/nfpb1_control_cm/120s/A completely fixed, static, tripod-mounted camera records a heavy snowfall over a snow-covered alpin.mp4"
i2v,nfpb1_control_cm,nfpb=1 control +color-match,internal,matched,120s,"A completely fixed, static, tripod-mounted camera records a long row of tall palms thrashing in a tr.mp4",21751129,01f6bfd9ce9b0bb0,i2v_source_repo,"output/eval/nfpb1_control_cm/120s/A completely fixed, static, tripod-mounted camera records a long row of tall palms thrashing in a tr.mp4"
i2v,nfpb1_control_cm,nfpb=1 control +color-match,internal,matched,120s,"A completely fixed, static, tripod-mounted camera records a nighttime city skyline backed by a large.mp4",16328863,b8d9836a29c00298,i2v_source_repo,"output/eval/nfpb1_control_cm/120s/A completely fixed, static, tripod-mounted camera records a nighttime city skyline backed by a large.mp4"
i2v,nfpb1_control_cm,nfpb=1 control +color-match,internal,matched,120s,"A completely fixed, static, tripod-mounted camera records a rainy narrow city alley at night in desa.mp4",18426472,8ad003c4a1efe693,i2v_source_repo,"output/eval/nfpb1_control_cm/120s/A completely fixed, static, tripod-mounted camera records a rainy narrow city alley at night in desa.mp4"
i2v,nfpb1_control_cm,nfpb=1 control +color-match,internal,matched,120s,"A completely fixed, static, tripod-mounted camera records a swollen flood river spilling across subm.mp4",25400331,33cca40de34851c6,i2v_source_repo,"output/eval/nfpb1_control_cm/120s/A completely fixed, static, tripod-mounted camera records a swollen flood river spilling across subm.mp4"
i2v,nfpb1_control_cm,nfpb=1 control +color-match,internal,matched,120s,"A completely fixed, static, tripod-mounted camera records a tree-lined city street in autumn with fa.mp4",21374633,fa5a80fb9b8b6f5a,i2v_source_repo,"output/eval/nfpb1_control_cm/120s/A completely fixed, static, tripod-mounted camera records a tree-lined city street in autumn with fa.mp4"
i2v,nfpb1_control_cm,nfpb=1 control +color-match,internal,matched,120s,"A completely fixed, static, tripod-mounted camera records a tropical white-sand beach with a leaning.mp4",20345730,8ac6ec5f681d059c,i2v_source_repo,"output/eval/nfpb1_control_cm/120s/A completely fixed, static, tripod-mounted camera records a tropical white-sand beach with a leaning.mp4"
i2v,nfpb1_control_cm,nfpb=1 control +color-match,internal,matched,120s,"A completely fixed, static, tripod-mounted camera records an active grass-and-brush wildfire spreadi.mp4",17958360,5f12c66a1c8bc969,i2v_source_repo,"output/eval/nfpb1_control_cm/120s/A completely fixed, static, tripod-mounted camera records an active grass-and-brush wildfire spreadi.mp4"
i2v,nfpb1_control_cm,nfpb=1 control +color-match,internal,matched,120s,"A completely fixed, static, tripod-mounted camera records an extremely heavy daytime snowfall over a.mp4",31525399,e24ec415bd750a9d,i2v_source_repo,"output/eval/nfpb1_control_cm/120s/A completely fixed, static, tripod-mounted camera records an extremely heavy daytime snowfall over a.mp4"
