track,model,duration,video,fps,n_frames,width,height,seconds
i2v,abl_redmd,120s,"A completely fixed, static, aerial tripod-mounted camera records an active lava flow cutting through.mp4",16.0,1921,832,480,120.062
i2v,abl_redmd,120s,"A completely fixed, static, close-range tripod-mounted camera records a massive open-ocean wave pitc.mp4",16.0,1921,832,480,120.062
i2v,abl_redmd,120s,"A completely fixed, static, close-range tripod-mounted camera records a single large ocean wave curl.mp4",16.0,1921,832,480,120.062
i2v,abl_redmd,120s,"A completely fixed, static, close-range tripod-mounted camera records a small forest creek cascading.mp4",16.0,1921,832,480,120.062
i2v,abl_redmd,120s,"A completely fixed, static, low-water-level tripod-mounted camera records a calm mountain river flow.mp4",16.0,1921,832,480,120.062
i2v,abl_redmd,120s,"A completely fixed, static, tripod-mounted camera records a bright blue sky filled with drifting whi.mp4",16.0,1921,832,480,120.062
i2v,abl_redmd,120s,"A completely fixed, static, tripod-mounted camera records a channelized urban river running through .mp4",16.0,1921,832,480,120.062
i2v,abl_redmd,120s,"A completely fixed, static, tripod-mounted camera records a clear river flowing past a grassy bank a.mp4",16.0,1921,832,480,120.062
i2v,abl_redmd,120s,"A completely fixed, static, tripod-mounted camera records a dense city at dusk with a massive dark p.mp4",16.0,1921,832,480,120.062
i2v,abl_redmd,120s,"A completely fixed, static, tripod-mounted camera records a desert dust storm advancing across a fla.mp4",16.0,1921,832,480,120.062
i2v,abl_redmd,120s,"A completely fixed, static, tripod-mounted camera records a fast mountain river running through a ro.mp4",16.0,1921,832,480,120.062
i2v,abl_redmd,120s,"A completely fixed, static, tripod-mounted camera records a heavy snowfall over a snow-covered alpin.mp4",16.0,1921,832,480,120.062
i2v,abl_redmd,120s,"A completely fixed, static, tripod-mounted camera records a long row of tall palms thrashing in a tr.mp4",16.0,1921,832,480,120.062
i2v,abl_redmd,120s,"A completely fixed, static, tripod-mounted camera records a nighttime city skyline backed by a large.mp4",16.0,1921,832,480,120.062
i2v,abl_redmd,120s,"A completely fixed, static, tripod-mounted camera records a rainy narrow city alley at night in desa.mp4",16.0,1921,832,480,120.062
i2v,abl_redmd,120s,"A completely fixed, static, tripod-mounted camera records a swollen flood river spilling across subm.mp4",16.0,1921,832,480,120.062
i2v,abl_redmd,120s,"A completely fixed, static, tripod-mounted camera records a tree-lined city street in autumn with fa.mp4",16.0,1921,832,480,120.062
i2v,abl_redmd,120s,"A completely fixed, static, tripod-mounted camera records a tropical white-sand beach with a leaning.mp4",16.0,1921,832,480,120.062
i2v,abl_redmd,120s,"A completely fixed, static, tripod-mounted camera records an active grass-and-brush wildfire spreadi.mp4",16.0,1921,832,480,120.062
i2v,abl_redmd,120s,"A completely fixed, static, tripod-mounted camera records an extremely heavy daytime snowfall over a.mp4",16.0,1921,832,480,120.062
i2v,abl_redmd,240s,"A completely fixed, static, close-range tripod-mounted camera records heavy tropical rain pouring of.mp4",16.0,3841,832,480,240.062
i2v,abl_redmd,240s,"A completely fixed, static, tripod-mounted camera records a calm tropical bay framed by a large over.mp4",16.0,3841,832,480,240.062
i2v,abl_redmd,240s,"A completely fixed, static, tripod-mounted camera records a historic Kyoto canal lined with traditio.mp4",16.0,3841,832,480,240.062
i2v,abl_redmd,240s,"A completely fixed, static, tripod-mounted camera records a tranquil tropical beach with leaning pal.mp4",16.0,3841,832,480,240.062
i2v,abl_redmd,240s,"A completely fixed, static, tripod-mounted camera records an active braided lava flow advancing acro.mp4",16.0,3841,832,480,240.062
i2v,abl_redmd,5s,"A completely fixed, static, macro-closeup tripod-mounted camera records heavy rainfall falling direc.mp4",16.0,97,832,480,6.062
i2v,abl_redmd,5s,"A completely fixed, static, tripod-mounted camera records a burning indoor fireplace from a direct f.mp4",16.0,97,832,480,6.062
i2v,abl_redmd,5s,"A completely fixed, static, tripod-mounted camera records a calm urban river at deep blue twilight f.mp4",16.0,97,832,480,6.062
i2v,abl_redmd,5s,"A completely fixed, static, tripod-mounted camera records a catastrophic desert haboob sandstorm app.mp4",16.0,97,832,480,6.062
i2v,abl_redmd,5s,"A completely fixed, static, tripod-mounted camera records a dense urban residential and commercial d.mp4",16.0,97,832,480,6.062
i2v,abl_redmd,5s,"A completely fixed, static, tripod-mounted camera records a historic Kyoto canal lined with cherry b.mp4",16.0,97,832,480,6.062
i2v,abl_redmd,5s,"A completely fixed, static, tripod-mounted camera records an active snowfall over the ornate Bow Bri.mp4",16.0,97,832,480,6.062
i2v,abl_redmd,5s,"A completely fixed, static, tripod-mounted camera records an active volcanic lava flow field at blue.mp4",16.0,97,832,480,6.062
i2v,abl_redmd,5s,"A completely fixed, static, tripod-mounted camera records an extremely heavy nighttime snowfall on a.mp4",16.0,97,832,480,6.062
i2v,abl_redmd,5s,"A completely fixed, static, tripod-mounted camera records an urban intersection fire and explosion e.mp4",16.0,97,832,480,6.062
i2v,abl_redmd,60s,"A completely fixed, static, macro tripod-mounted camera records heavy urban rainfall from an extreme.mp4",16.0,961,832,480,60.062
i2v,abl_redmd,60s,"A completely fixed, static, macro-range tripod-mounted camera records a rain-streaked window pane wi.mp4",16.0,961,832,480,60.062
i2v,abl_redmd,60s,"A completely fixed, static, tripod-mounted camera records a burning forest campfire at night from a .mp4",16.0,961,832,480,60.062
i2v,abl_redmd,60s,"A completely fixed, static, tripod-mounted camera records a calm overcast coastal beach scene from a.mp4",16.0,961,832,480,60.062
i2v,abl_redmd,60s,"A completely fixed, static, tripod-mounted camera records a calm winter river from a slightly elevat.mp4",16.0,961,832,480,60.062
i2v,abl_redmd,60s,"A completely fixed, static, tripod-mounted camera records a clear summer forest stream with boulder .mp4",16.0,961,832,480,60.062
i2v,abl_redmd,60s,"A completely fixed, static, tripod-mounted camera records a coastal tuff cone headland and the open .mp4",16.0,961,832,480,60.062
i2v,abl_redmd,60s,"A completely fixed, static, tripod-mounted camera records a desert dust storm sweeping across a flat.mp4",16.0,961,832,480,60.062
i2v,abl_redmd,60s,"A completely fixed, static, tripod-mounted camera records a fast mountain river cascading over a bou.mp4",16.0,961,832,480,60.062
i2v,abl_redmd,60s,"A completely fixed, static, tripod-mounted camera records a gentle clear forest stream in a lush gre.mp4",16.0,961,832,480,60.062
i2v,abl_redmd,60s,"A completely fixed, static, tripod-mounted camera records a heavy daytime snowstorm on a dense city .mp4",16.0,961,832,480,60.062
i2v,abl_redmd,60s,"A completely fixed, static, tripod-mounted camera records a heavy nighttime snowfall on a quiet hist.mp4",16.0,961,832,480,60.062
i2v,abl_redmd,60s,"A completely fixed, static, tripod-mounted camera records a lone windswept pine clinging to a bare r.mp4",16.0,961,832,480,60.062
i2v,abl_redmd,60s,"A completely fixed, static, tripod-mounted camera records a multi-tiered cascading forest stream fro.mp4",16.0,961,832,480,60.062
i2v,abl_redmd,60s,"A completely fixed, static, tripod-mounted camera records a quiet urban park river at night. The cam.mp4",16.0,961,832,480,60.062
i2v,abl_redmd,60s,"A completely fixed, static, tripod-mounted camera records a rain-drenched forest path in late aftern.mp4",16.0,961,832,480,60.062
i2v,abl_redmd,60s,"A completely fixed, static, tripod-mounted camera records a swollen muddy flood torrent surging thro.mp4",16.0,961,832,480,60.062
i2v,abl_redmd,60s,"A completely fixed, static, tripod-mounted camera records a swollen winter flood river from a low ba.mp4",16.0,961,832,480,60.062
i2v,abl_redmd,60s,"A completely fixed, static, tripod-mounted camera records a tranquil moonlit ocean seascape at night.mp4",16.0,961,832,480,60.062
i2v,abl_redmd,60s,"A completely fixed, static, tripod-mounted camera records a tranquil street in a Japanese city durin.mp4",16.0,961,832,480,60.062
i2v,abl_redmd,60s,"A completely fixed, static, tripod-mounted camera records a tropical beach with overhanging coconut .mp4",16.0,961,832,480,60.062
i2v,abl_redmd,60s,"A completely fixed, static, tripod-mounted camera records a violent volcanic eruption at deep blue h.mp4",16.0,961,832,480,60.062
i2v,abl_redmd,60s,"A completely fixed, static, tripod-mounted camera records an active snowfall in a dense mountain spr.mp4",16.0,961,832,480,60.062
i2v,abl_redmd,60s,"A completely fixed, static, tripod-mounted camera records an active snowfall over a wide open alpine.mp4",16.0,961,832,480,60.062
i2v,abl_redmd,60s,"A completely fixed, static, tripod-mounted camera records an active volcanic lava ocean entry event .mp4",16.0,961,832,480,60.062
i2v,abl_redmd,60s,"A completely fixed, static, tripod-mounted camera records an erupting stratovolcano at golden sunset.mp4",16.0,961,832,480,60.062
i2v,abl_redmd,60s,"A completely fixed, static, tripod-mounted camera records an extremely heavy nighttime snowfall on a.mp4",16.0,961,832,480,60.062
i2v,abl_redmd,60s,"A completely fixed, static, tripod-mounted camera records moderate rainfall in a cultivated garden a.mp4",16.0,961,832,480,60.062
i2v,abl_redmd,60s,"A completely fixed, static, tripod-mounted camera records the underside of a long concrete river bri.mp4",16.0,961,832,480,60.062
i2v,abl_redmd,60s,"A completely fixed, static, tripod-mounted camera records two coconut palms thrashing in a violent t.mp4",16.0,961,832,480,60.062
i2v,abl_rs,120s,"A completely fixed, static, aerial tripod-mounted camera records an active lava flow cutting through.mp4",16.0,1921,832,480,120.062
i2v,abl_rs,120s,"A completely fixed, static, close-range tripod-mounted camera records a massive open-ocean wave pitc.mp4",16.0,1921,832,480,120.062
i2v,abl_rs,120s,"A completely fixed, static, close-range tripod-mounted camera records a single large ocean wave curl.mp4",16.0,1921,832,480,120.062
i2v,abl_rs,120s,"A completely fixed, static, close-range tripod-mounted camera records a small forest creek cascading.mp4",16.0,1921,832,480,120.062
i2v,abl_rs,120s,"A completely fixed, static, low-water-level tripod-mounted camera records a calm mountain river flow.mp4",16.0,1921,832,480,120.062
i2v,abl_rs,120s,"A completely fixed, static, tripod-mounted camera records a bright blue sky filled with drifting whi.mp4",16.0,1921,832,480,120.062
i2v,abl_rs,120s,"A completely fixed, static, tripod-mounted camera records a channelized urban river running through .mp4",16.0,1921,832,480,120.062
i2v,abl_rs,120s,"A completely fixed, static, tripod-mounted camera records a clear river flowing past a grassy bank a.mp4",16.0,1921,832,480,120.062
i2v,abl_rs,120s,"A completely fixed, static, tripod-mounted camera records a dense city at dusk with a massive dark p.mp4",16.0,1921,832,480,120.062
i2v,abl_rs,120s,"A completely fixed, static, tripod-mounted camera records a desert dust storm advancing across a fla.mp4",16.0,1921,832,480,120.062
i2v,abl_rs,120s,"A completely fixed, static, tripod-mounted camera records a fast mountain river running through a ro.mp4",16.0,1921,832,480,120.062
i2v,abl_rs,120s,"A completely fixed, static, tripod-mounted camera records a heavy snowfall over a snow-covered alpin.mp4",16.0,1921,832,480,120.062
i2v,abl_rs,120s,"A completely fixed, static, tripod-mounted camera records a long row of tall palms thrashing in a tr.mp4",16.0,1921,832,480,120.062
i2v,abl_rs,120s,"A completely fixed, static, tripod-mounted camera records a nighttime city skyline backed by a large.mp4",16.0,1921,832,480,120.062
i2v,abl_rs,120s,"A completely fixed, static, tripod-mounted camera records a rainy narrow city alley at night in desa.mp4",16.0,1921,832,480,120.062
i2v,abl_rs,120s,"A completely fixed, static, tripod-mounted camera records a swollen flood river spilling across subm.mp4",16.0,1921,832,480,120.062
i2v,abl_rs,120s,"A completely fixed, static, tripod-mounted camera records a tree-lined city street in autumn with fa.mp4",16.0,1921,832,480,120.062
i2v,abl_rs,120s,"A completely fixed, static, tripod-mounted camera records a tropical white-sand beach with a leaning.mp4",16.0,1921,832,480,120.062
i2v,abl_rs,120s,"A completely fixed, static, tripod-mounted camera records an active grass-and-brush wildfire spreadi.mp4",16.0,1921,832,480,120.062
i2v,abl_rs,120s,"A completely fixed, static, tripod-mounted camera records an extremely heavy daytime snowfall over a.mp4",16.0,1921,832,480,120.062
i2v,abl_rs,240s,"A completely fixed, static, close-range tripod-mounted camera records heavy tropical rain pouring of.mp4",16.0,3841,832,480,240.062
i2v,abl_rs,240s,"A completely fixed, static, tripod-mounted camera records a calm tropical bay framed by a large over.mp4",16.0,3841,832,480,240.062
i2v,abl_rs,240s,"A completely fixed, static, tripod-mounted camera records a historic Kyoto canal lined with traditio.mp4",16.0,3841,832,480,240.062
i2v,abl_rs,240s,"A completely fixed, static, tripod-mounted camera records a tranquil tropical beach with leaning pal.mp4",16.0,3841,832,480,240.062
i2v,abl_rs,240s,"A completely fixed, static, tripod-mounted camera records an active braided lava flow advancing acro.mp4",16.0,3841,832,480,240.062
i2v,abl_rs,5s,"A completely fixed, static, macro-closeup tripod-mounted camera records heavy rainfall falling direc.mp4",16.0,97,832,480,6.062
i2v,abl_rs,5s,"A completely fixed, static, tripod-mounted camera records a burning indoor fireplace from a direct f.mp4",16.0,97,832,480,6.062
i2v,abl_rs,5s,"A completely fixed, static, tripod-mounted camera records a calm urban river at deep blue twilight f.mp4",16.0,97,832,480,6.062
i2v,abl_rs,5s,"A completely fixed, static, tripod-mounted camera records a catastrophic desert haboob sandstorm app.mp4",16.0,97,832,480,6.062
i2v,abl_rs,5s,"A completely fixed, static, tripod-mounted camera records a dense urban residential and commercial d.mp4",16.0,97,832,480,6.062
i2v,abl_rs,5s,"A completely fixed, static, tripod-mounted camera records a historic Kyoto canal lined with cherry b.mp4",16.0,97,832,480,6.062
i2v,abl_rs,5s,"A completely fixed, static, tripod-mounted camera records an active snowfall over the ornate Bow Bri.mp4",16.0,97,832,480,6.062
i2v,abl_rs,5s,"A completely fixed, static, tripod-mounted camera records an active volcanic lava flow field at blue.mp4",16.0,97,832,480,6.062
i2v,abl_rs,5s,"A completely fixed, static, tripod-mounted camera records an extremely heavy nighttime snowfall on a.mp4",16.0,97,832,480,6.062
i2v,abl_rs,5s,"A completely fixed, static, tripod-mounted camera records an urban intersection fire and explosion e.mp4",16.0,97,832,480,6.062
i2v,abl_rs,60s,"A completely fixed, static, macro tripod-mounted camera records heavy urban rainfall from an extreme.mp4",16.0,961,832,480,60.062
i2v,abl_rs,60s,"A completely fixed, static, macro-range tripod-mounted camera records a rain-streaked window pane wi.mp4",16.0,961,832,480,60.062
i2v,abl_rs,60s,"A completely fixed, static, tripod-mounted camera records a burning forest campfire at night from a .mp4",16.0,961,832,480,60.062
i2v,abl_rs,60s,"A completely fixed, static, tripod-mounted camera records a calm overcast coastal beach scene from a.mp4",16.0,961,832,480,60.062
i2v,abl_rs,60s,"A completely fixed, static, tripod-mounted camera records a calm winter river from a slightly elevat.mp4",16.0,961,832,480,60.062
i2v,abl_rs,60s,"A completely fixed, static, tripod-mounted camera records a clear summer forest stream with boulder .mp4",16.0,961,832,480,60.062
i2v,abl_rs,60s,"A completely fixed, static, tripod-mounted camera records a coastal tuff cone headland and the open .mp4",16.0,961,832,480,60.062
i2v,abl_rs,60s,"A completely fixed, static, tripod-mounted camera records a desert dust storm sweeping across a flat.mp4",16.0,961,832,480,60.062
i2v,abl_rs,60s,"A completely fixed, static, tripod-mounted camera records a fast mountain river cascading over a bou.mp4",16.0,961,832,480,60.062
i2v,abl_rs,60s,"A completely fixed, static, tripod-mounted camera records a gentle clear forest stream in a lush gre.mp4",16.0,961,832,480,60.062
i2v,abl_rs,60s,"A completely fixed, static, tripod-mounted camera records a heavy daytime snowstorm on a dense city .mp4",16.0,961,832,480,60.062
i2v,abl_rs,60s,"A completely fixed, static, tripod-mounted camera records a heavy nighttime snowfall on a quiet hist.mp4",16.0,961,832,480,60.062
i2v,abl_rs,60s,"A completely fixed, static, tripod-mounted camera records a lone windswept pine clinging to a bare r.mp4",16.0,961,832,480,60.062
i2v,abl_rs,60s,"A completely fixed, static, tripod-mounted camera records a multi-tiered cascading forest stream fro.mp4",16.0,961,832,480,60.062
i2v,abl_rs,60s,"A completely fixed, static, tripod-mounted camera records a quiet urban park river at night. The cam.mp4",16.0,961,832,480,60.062
i2v,abl_rs,60s,"A completely fixed, static, tripod-mounted camera records a rain-drenched forest path in late aftern.mp4",16.0,961,832,480,60.062
i2v,abl_rs,60s,"A completely fixed, static, tripod-mounted camera records a swollen muddy flood torrent surging thro.mp4",16.0,961,832,480,60.062
i2v,abl_rs,60s,"A completely fixed, static, tripod-mounted camera records a swollen winter flood river from a low ba.mp4",16.0,961,832,480,60.062
i2v,abl_rs,60s,"A completely fixed, static, tripod-mounted camera records a tranquil moonlit ocean seascape at night.mp4",16.0,961,832,480,60.062
i2v,abl_rs,60s,"A completely fixed, static, tripod-mounted camera records a tranquil street in a Japanese city durin.mp4",16.0,961,832,480,60.062
i2v,abl_rs,60s,"A completely fixed, static, tripod-mounted camera records a tropical beach with overhanging coconut .mp4",16.0,961,832,480,60.062
i2v,abl_rs,60s,"A completely fixed, static, tripod-mounted camera records a violent volcanic eruption at deep blue h.mp4",16.0,961,832,480,60.062
i2v,abl_rs,60s,"A completely fixed, static, tripod-mounted camera records an active snowfall in a dense mountain spr.mp4",16.0,961,832,480,60.062
i2v,abl_rs,60s,"A completely fixed, static, tripod-mounted camera records an active snowfall over a wide open alpine.mp4",16.0,961,832,480,60.062
i2v,abl_rs,60s,"A completely fixed, static, tripod-mounted camera records an active volcanic lava ocean entry event .mp4",16.0,961,832,480,60.062
i2v,abl_rs,60s,"A completely fixed, static, tripod-mounted camera records an erupting stratovolcano at golden sunset.mp4",16.0,961,832,480,60.062
i2v,abl_rs,60s,"A completely fixed, static, tripod-mounted camera records an extremely heavy nighttime snowfall on a.mp4",16.0,961,832,480,60.062
i2v,abl_rs,60s,"A completely fixed, static, tripod-mounted camera records moderate rainfall in a cultivated garden a.mp4",16.0,961,832,480,60.062
i2v,abl_rs,60s,"A completely fixed, static, tripod-mounted camera records the underside of a long concrete river bri.mp4",16.0,961,832,480,60.062
i2v,abl_rs,60s,"A completely fixed, static, tripod-mounted camera records two coconut palms thrashing in a violent t.mp4",16.0,961,832,480,60.062
i2v,abl_rsredmd,120s,"A completely fixed, static, aerial tripod-mounted camera records an active lava flow cutting through.mp4",16.0,1921,832,480,120.062
i2v,abl_rsredmd,120s,"A completely fixed, static, close-range tripod-mounted camera records a massive open-ocean wave pitc.mp4",16.0,1921,832,480,120.062
i2v,abl_rsredmd,120s,"A completely fixed, static, close-range tripod-mounted camera records a single large ocean wave curl.mp4",16.0,1921,832,480,120.062
i2v,abl_rsredmd,120s,"A completely fixed, static, close-range tripod-mounted camera records a small forest creek cascading.mp4",16.0,1921,832,480,120.062
i2v,abl_rsredmd,120s,"A completely fixed, static, low-water-level tripod-mounted camera records a calm mountain river flow.mp4",16.0,1921,832,480,120.062
i2v,abl_rsredmd,120s,"A completely fixed, static, tripod-mounted camera records a bright blue sky filled with drifting whi.mp4",16.0,1921,832,480,120.062
i2v,abl_rsredmd,120s,"A completely fixed, static, tripod-mounted camera records a channelized urban river running through .mp4",16.0,1921,832,480,120.062
i2v,abl_rsredmd,120s,"A completely fixed, static, tripod-mounted camera records a clear river flowing past a grassy bank a.mp4",16.0,1921,832,480,120.062
i2v,abl_rsredmd,120s,"A completely fixed, static, tripod-mounted camera records a dense city at dusk with a massive dark p.mp4",16.0,1921,832,480,120.062
i2v,abl_rsredmd,120s,"A completely fixed, static, tripod-mounted camera records a desert dust storm advancing across a fla.mp4",16.0,1921,832,480,120.062
i2v,abl_rsredmd,120s,"A completely fixed, static, tripod-mounted camera records a fast mountain river running through a ro.mp4",16.0,1921,832,480,120.062
i2v,abl_rsredmd,120s,"A completely fixed, static, tripod-mounted camera records a heavy snowfall over a snow-covered alpin.mp4",16.0,1921,832,480,120.062
i2v,abl_rsredmd,120s,"A completely fixed, static, tripod-mounted camera records a long row of tall palms thrashing in a tr.mp4",16.0,1921,832,480,120.062
i2v,abl_rsredmd,120s,"A completely fixed, static, tripod-mounted camera records a nighttime city skyline backed by a large.mp4",16.0,1921,832,480,120.062
i2v,abl_rsredmd,120s,"A completely fixed, static, tripod-mounted camera records a rainy narrow city alley at night in desa.mp4",16.0,1921,832,480,120.062
i2v,abl_rsredmd,120s,"A completely fixed, static, tripod-mounted camera records a swollen flood river spilling across subm.mp4",16.0,1921,832,480,120.062
i2v,abl_rsredmd,120s,"A completely fixed, static, tripod-mounted camera records a tree-lined city street in autumn with fa.mp4",16.0,1921,832,480,120.062
i2v,abl_rsredmd,120s,"A completely fixed, static, tripod-mounted camera records a tropical white-sand beach with a leaning.mp4",16.0,1921,832,480,120.062
i2v,abl_rsredmd,120s,"A completely fixed, static, tripod-mounted camera records an active grass-and-brush wildfire spreadi.mp4",16.0,1921,832,480,120.062
i2v,abl_rsredmd,120s,"A completely fixed, static, tripod-mounted camera records an extremely heavy daytime snowfall over a.mp4",16.0,1921,832,480,120.062
i2v,abl_rsredmd,240s,"A completely fixed, static, close-range tripod-mounted camera records heavy tropical rain pouring of.mp4",16.0,3841,832,480,240.062
i2v,abl_rsredmd,240s,"A completely fixed, static, tripod-mounted camera records a calm tropical bay framed by a large over.mp4",16.0,3841,832,480,240.062
i2v,abl_rsredmd,240s,"A completely fixed, static, tripod-mounted camera records a historic Kyoto canal lined with traditio.mp4",16.0,3841,832,480,240.062
i2v,abl_rsredmd,240s,"A completely fixed, static, tripod-mounted camera records a tranquil tropical beach with leaning pal.mp4",16.0,3841,832,480,240.062
i2v,abl_rsredmd,240s,"A completely fixed, static, tripod-mounted camera records an active braided lava flow advancing acro.mp4",16.0,3841,832,480,240.062
i2v,abl_rsredmd,5s,"A completely fixed, static, macro-closeup tripod-mounted camera records heavy rainfall falling direc.mp4",16.0,97,832,480,6.062
i2v,abl_rsredmd,5s,"A completely fixed, static, tripod-mounted camera records a burning indoor fireplace from a direct f.mp4",16.0,97,832,480,6.062
i2v,abl_rsredmd,5s,"A completely fixed, static, tripod-mounted camera records a calm urban river at deep blue twilight f.mp4",16.0,97,832,480,6.062
i2v,abl_rsredmd,5s,"A completely fixed, static, tripod-mounted camera records a catastrophic desert haboob sandstorm app.mp4",16.0,97,832,480,6.062
i2v,abl_rsredmd,5s,"A completely fixed, static, tripod-mounted camera records a dense urban residential and commercial d.mp4",16.0,97,832,480,6.062
i2v,abl_rsredmd,5s,"A completely fixed, static, tripod-mounted camera records a historic Kyoto canal lined with cherry b.mp4",16.0,97,832,480,6.062
i2v,abl_rsredmd,5s,"A completely fixed, static, tripod-mounted camera records an active snowfall over the ornate Bow Bri.mp4",16.0,97,832,480,6.062
i2v,abl_rsredmd,5s,"A completely fixed, static, tripod-mounted camera records an active volcanic lava flow field at blue.mp4",16.0,97,832,480,6.062
i2v,abl_rsredmd,5s,"A completely fixed, static, tripod-mounted camera records an extremely heavy nighttime snowfall on a.mp4",16.0,97,832,480,6.062
i2v,abl_rsredmd,5s,"A completely fixed, static, tripod-mounted camera records an urban intersection fire and explosion e.mp4",16.0,97,832,480,6.062
i2v,abl_rsredmd,60s,"A completely fixed, static, macro tripod-mounted camera records heavy urban rainfall from an extreme.mp4",16.0,961,832,480,60.062
i2v,abl_rsredmd,60s,"A completely fixed, static, macro-range tripod-mounted camera records a rain-streaked window pane wi.mp4",16.0,961,832,480,60.062
i2v,abl_rsredmd,60s,"A completely fixed, static, tripod-mounted camera records a burning forest campfire at night from a .mp4",16.0,961,832,480,60.062
i2v,abl_rsredmd,60s,"A completely fixed, static, tripod-mounted camera records a calm overcast coastal beach scene from a.mp4",16.0,961,832,480,60.062
i2v,abl_rsredmd,60s,"A completely fixed, static, tripod-mounted camera records a calm winter river from a slightly elevat.mp4",16.0,961,832,480,60.062
i2v,abl_rsredmd,60s,"A completely fixed, static, tripod-mounted camera records a clear summer forest stream with boulder .mp4",16.0,961,832,480,60.062
i2v,abl_rsredmd,60s,"A completely fixed, static, tripod-mounted camera records a coastal tuff cone headland and the open .mp4",16.0,961,832,480,60.062
i2v,abl_rsredmd,60s,"A completely fixed, static, tripod-mounted camera records a desert dust storm sweeping across a flat.mp4",16.0,961,832,480,60.062
i2v,abl_rsredmd,60s,"A completely fixed, static, tripod-mounted camera records a fast mountain river cascading over a bou.mp4",16.0,961,832,480,60.062
i2v,abl_rsredmd,60s,"A completely fixed, static, tripod-mounted camera records a gentle clear forest stream in a lush gre.mp4",16.0,961,832,480,60.062
i2v,abl_rsredmd,60s,"A completely fixed, static, tripod-mounted camera records a heavy daytime snowstorm on a dense city .mp4",16.0,961,832,480,60.062
i2v,abl_rsredmd,60s,"A completely fixed, static, tripod-mounted camera records a heavy nighttime snowfall on a quiet hist.mp4",16.0,961,832,480,60.062
i2v,abl_rsredmd,60s,"A completely fixed, static, tripod-mounted camera records a lone windswept pine clinging to a bare r.mp4",16.0,961,832,480,60.062
i2v,abl_rsredmd,60s,"A completely fixed, static, tripod-mounted camera records a multi-tiered cascading forest stream fro.mp4",16.0,961,832,480,60.062
i2v,abl_rsredmd,60s,"A completely fixed, static, tripod-mounted camera records a quiet urban park river at night. The cam.mp4",16.0,961,832,480,60.062
i2v,abl_rsredmd,60s,"A completely fixed, static, tripod-mounted camera records a rain-drenched forest path in late aftern.mp4",16.0,961,832,480,60.062
i2v,abl_rsredmd,60s,"A completely fixed, static, tripod-mounted camera records a swollen muddy flood torrent surging thro.mp4",16.0,961,832,480,60.062
i2v,abl_rsredmd,60s,"A completely fixed, static, tripod-mounted camera records a swollen winter flood river from a low ba.mp4",16.0,961,832,480,60.062
i2v,abl_rsredmd,60s,"A completely fixed, static, tripod-mounted camera records a tranquil moonlit ocean seascape at night.mp4",16.0,961,832,480,60.062
i2v,abl_rsredmd,60s,"A completely fixed, static, tripod-mounted camera records a tranquil street in a Japanese city durin.mp4",16.0,961,832,480,60.062
i2v,abl_rsredmd,60s,"A completely fixed, static, tripod-mounted camera records a tropical beach with overhanging coconut .mp4",16.0,961,832,480,60.062
i2v,abl_rsredmd,60s,"A completely fixed, static, tripod-mounted camera records a violent volcanic eruption at deep blue h.mp4",16.0,961,832,480,60.062
i2v,abl_rsredmd,60s,"A completely fixed, static, tripod-mounted camera records an active snowfall in a dense mountain spr.mp4",16.0,961,832,480,60.062
i2v,abl_rsredmd,60s,"A completely fixed, static, tripod-mounted camera records an active snowfall over a wide open alpine.mp4",16.0,961,832,480,60.062
i2v,abl_rsredmd,60s,"A completely fixed, static, tripod-mounted camera records an active volcanic lava ocean entry event .mp4",16.0,961,832,480,60.062
i2v,abl_rsredmd,60s,"A completely fixed, static, tripod-mounted camera records an erupting stratovolcano at golden sunset.mp4",16.0,961,832,480,60.062
i2v,abl_rsredmd,60s,"A completely fixed, static, tripod-mounted camera records an extremely heavy nighttime snowfall on a.mp4",16.0,961,832,480,60.062
i2v,abl_rsredmd,60s,"A completely fixed, static, tripod-mounted camera records moderate rainfall in a cultivated garden a.mp4",16.0,961,832,480,60.062
i2v,abl_rsredmd,60s,"A completely fixed, static, tripod-mounted camera records the underside of a long concrete river bri.mp4",16.0,961,832,480,60.062
i2v,abl_rsredmd,60s,"A completely fixed, static, tripod-mounted camera records two coconut palms thrashing in a violent t.mp4",16.0,961,832,480,60.062
i2v,abl_v2,120s,"A completely fixed, static, aerial tripod-mounted camera records an active lava flow cutting through.mp4",16.0,1921,832,480,120.062
i2v,abl_v2,120s,"A completely fixed, static, close-range tripod-mounted camera records a massive open-ocean wave pitc.mp4",16.0,1921,832,480,120.062
i2v,abl_v2,120s,"A completely fixed, static, close-range tripod-mounted camera records a single large ocean wave curl.mp4",16.0,1921,832,480,120.062
i2v,abl_v2,120s,"A completely fixed, static, close-range tripod-mounted camera records a small forest creek cascading.mp4",16.0,1921,832,480,120.062
i2v,abl_v2,120s,"A completely fixed, static, low-water-level tripod-mounted camera records a calm mountain river flow.mp4",16.0,1921,832,480,120.062
i2v,abl_v2,120s,"A completely fixed, static, tripod-mounted camera records a bright blue sky filled with drifting whi.mp4",16.0,1921,832,480,120.062
i2v,abl_v2,120s,"A completely fixed, static, tripod-mounted camera records a channelized urban river running through .mp4",16.0,1921,832,480,120.062
i2v,abl_v2,120s,"A completely fixed, static, tripod-mounted camera records a clear river flowing past a grassy bank a.mp4",16.0,1921,832,480,120.062
i2v,abl_v2,120s,"A completely fixed, static, tripod-mounted camera records a dense city at dusk with a massive dark p.mp4",16.0,1921,832,480,120.062
i2v,abl_v2,120s,"A completely fixed, static, tripod-mounted camera records a desert dust storm advancing across a fla.mp4",16.0,1921,832,480,120.062
i2v,abl_v2,120s,"A completely fixed, static, tripod-mounted camera records a fast mountain river running through a ro.mp4",16.0,1921,832,480,120.062
i2v,abl_v2,120s,"A completely fixed, static, tripod-mounted camera records a heavy snowfall over a snow-covered alpin.mp4",16.0,1921,832,480,120.062
i2v,abl_v2,120s,"A completely fixed, static, tripod-mounted camera records a long row of tall palms thrashing in a tr.mp4",16.0,1921,832,480,120.062
i2v,abl_v2,120s,"A completely fixed, static, tripod-mounted camera records a nighttime city skyline backed by a large.mp4",16.0,1921,832,480,120.062
i2v,abl_v2,120s,"A completely fixed, static, tripod-mounted camera records a rainy narrow city alley at night in desa.mp4",16.0,1921,832,480,120.062
i2v,abl_v2,120s,"A completely fixed, static, tripod-mounted camera records a swollen flood river spilling across subm.mp4",16.0,1921,832,480,120.062
i2v,abl_v2,120s,"A completely fixed, static, tripod-mounted camera records a tree-lined city street in autumn with fa.mp4",16.0,1921,832,480,120.062
i2v,abl_v2,120s,"A completely fixed, static, tripod-mounted camera records a tropical white-sand beach with a leaning.mp4",16.0,1921,832,480,120.062
i2v,abl_v2,120s,"A completely fixed, static, tripod-mounted camera records an active grass-and-brush wildfire spreadi.mp4",16.0,1921,832,480,120.062
i2v,abl_v2,120s,"A completely fixed, static, tripod-mounted camera records an extremely heavy daytime snowfall over a.mp4",16.0,1921,832,480,120.062
i2v,abl_v2,240s,"A completely fixed, static, close-range tripod-mounted camera records heavy tropical rain pouring of.mp4",16.0,3841,832,480,240.062
i2v,abl_v2,240s,"A completely fixed, static, tripod-mounted camera records a calm tropical bay framed by a large over.mp4",16.0,3841,832,480,240.062
i2v,abl_v2,240s,"A completely fixed, static, tripod-mounted camera records a historic Kyoto canal lined with traditio.mp4",16.0,3841,832,480,240.062
i2v,abl_v2,240s,"A completely fixed, static, tripod-mounted camera records a tranquil tropical beach with leaning pal.mp4",16.0,3841,832,480,240.062
i2v,abl_v2,240s,"A completely fixed, static, tripod-mounted camera records an active braided lava flow advancing acro.mp4",16.0,3841,832,480,240.062
i2v,abl_v2,5s,"A completely fixed, static, macro-closeup tripod-mounted camera records heavy rainfall falling direc.mp4",16.0,97,832,480,6.062
i2v,abl_v2,5s,"A completely fixed, static, tripod-mounted camera records a burning indoor fireplace from a direct f.mp4",16.0,97,832,480,6.062
i2v,abl_v2,5s,"A completely fixed, static, tripod-mounted camera records a calm urban river at deep blue twilight f.mp4",16.0,97,832,480,6.062
i2v,abl_v2,5s,"A completely fixed, static, tripod-mounted camera records a catastrophic desert haboob sandstorm app.mp4",16.0,97,832,480,6.062
i2v,abl_v2,5s,"A completely fixed, static, tripod-mounted camera records a dense urban residential and commercial d.mp4",16.0,97,832,480,6.062
i2v,abl_v2,5s,"A completely fixed, static, tripod-mounted camera records a historic Kyoto canal lined with cherry b.mp4",16.0,97,832,480,6.062
i2v,abl_v2,5s,"A completely fixed, static, tripod-mounted camera records an active snowfall over the ornate Bow Bri.mp4",16.0,97,832,480,6.062
i2v,abl_v2,5s,"A completely fixed, static, tripod-mounted camera records an active volcanic lava flow field at blue.mp4",16.0,97,832,480,6.062
i2v,abl_v2,5s,"A completely fixed, static, tripod-mounted camera records an extremely heavy nighttime snowfall on a.mp4",16.0,97,832,480,6.062
i2v,abl_v2,5s,"A completely fixed, static, tripod-mounted camera records an urban intersection fire and explosion e.mp4",16.0,97,832,480,6.062
i2v,abl_v2,60s,"A completely fixed, static, macro tripod-mounted camera records heavy urban rainfall from an extreme.mp4",16.0,961,832,480,60.062
i2v,abl_v2,60s,"A completely fixed, static, macro-range tripod-mounted camera records a rain-streaked window pane wi.mp4",16.0,961,832,480,60.062
i2v,abl_v2,60s,"A completely fixed, static, tripod-mounted camera records a burning forest campfire at night from a .mp4",16.0,961,832,480,60.062
i2v,abl_v2,60s,"A completely fixed, static, tripod-mounted camera records a calm overcast coastal beach scene from a.mp4",16.0,961,832,480,60.062
i2v,abl_v2,60s,"A completely fixed, static, tripod-mounted camera records a calm winter river from a slightly elevat.mp4",16.0,961,832,480,60.062
i2v,abl_v2,60s,"A completely fixed, static, tripod-mounted camera records a clear summer forest stream with boulder .mp4",16.0,961,832,480,60.062
i2v,abl_v2,60s,"A completely fixed, static, tripod-mounted camera records a coastal tuff cone headland and the open .mp4",16.0,961,832,480,60.062
i2v,abl_v2,60s,"A completely fixed, static, tripod-mounted camera records a desert dust storm sweeping across a flat.mp4",16.0,961,832,480,60.062
i2v,abl_v2,60s,"A completely fixed, static, tripod-mounted camera records a fast mountain river cascading over a bou.mp4",16.0,961,832,480,60.062
i2v,abl_v2,60s,"A completely fixed, static, tripod-mounted camera records a gentle clear forest stream in a lush gre.mp4",16.0,961,832,480,60.062
i2v,abl_v2,60s,"A completely fixed, static, tripod-mounted camera records a heavy daytime snowstorm on a dense city .mp4",16.0,961,832,480,60.062
i2v,abl_v2,60s,"A completely fixed, static, tripod-mounted camera records a heavy nighttime snowfall on a quiet hist.mp4",16.0,961,832,480,60.062
i2v,abl_v2,60s,"A completely fixed, static, tripod-mounted camera records a lone windswept pine clinging to a bare r.mp4",16.0,961,832,480,60.062
i2v,abl_v2,60s,"A completely fixed, static, tripod-mounted camera records a multi-tiered cascading forest stream fro.mp4",16.0,961,832,480,60.062
i2v,abl_v2,60s,"A completely fixed, static, tripod-mounted camera records a quiet urban park river at night. The cam.mp4",16.0,961,832,480,60.062
i2v,abl_v2,60s,"A completely fixed, static, tripod-mounted camera records a rain-drenched forest path in late aftern.mp4",16.0,961,832,480,60.062
i2v,abl_v2,60s,"A completely fixed, static, tripod-mounted camera records a swollen muddy flood torrent surging thro.mp4",16.0,961,832,480,60.062
i2v,abl_v2,60s,"A completely fixed, static, tripod-mounted camera records a swollen winter flood river from a low ba.mp4",16.0,961,832,480,60.062
i2v,abl_v2,60s,"A completely fixed, static, tripod-mounted camera records a tranquil moonlit ocean seascape at night.mp4",16.0,961,832,480,60.062
i2v,abl_v2,60s,"A completely fixed, static, tripod-mounted camera records a tranquil street in a Japanese city durin.mp4",16.0,961,832,480,60.062
i2v,abl_v2,60s,"A completely fixed, static, tripod-mounted camera records a tropical beach with overhanging coconut .mp4",16.0,961,832,480,60.062
i2v,abl_v2,60s,"A completely fixed, static, tripod-mounted camera records a violent volcanic eruption at deep blue h.mp4",16.0,961,832,480,60.062
i2v,abl_v2,60s,"A completely fixed, static, tripod-mounted camera records an active snowfall in a dense mountain spr.mp4",16.0,961,832,480,60.062
i2v,abl_v2,60s,"A completely fixed, static, tripod-mounted camera records an active snowfall over a wide open alpine.mp4",16.0,961,832,480,60.062
i2v,abl_v2,60s,"A completely fixed, static, tripod-mounted camera records an active volcanic lava ocean entry event .mp4",16.0,961,832,480,60.062
i2v,abl_v2,60s,"A completely fixed, static, tripod-mounted camera records an erupting stratovolcano at golden sunset.mp4",16.0,961,832,480,60.062
i2v,abl_v2,60s,"A completely fixed, static, tripod-mounted camera records an extremely heavy nighttime snowfall on a.mp4",16.0,961,832,480,60.062
i2v,abl_v2,60s,"A completely fixed, static, tripod-mounted camera records moderate rainfall in a cultivated garden a.mp4",16.0,961,832,480,60.062
i2v,abl_v2,60s,"A completely fixed, static, tripod-mounted camera records the underside of a long concrete river bri.mp4",16.0,961,832,480,60.062
i2v,abl_v2,60s,"A completely fixed, static, tripod-mounted camera records two coconut palms thrashing in a violent t.mp4",16.0,961,832,480,60.062
i2v,causvid,120s,"A completely fixed, static, aerial tripod-mounted camera records an active lava flow cutting through.mp4",16.0,1921,832,480,120.062
i2v,causvid,120s,"A completely fixed, static, close-range tripod-mounted camera records a massive open-ocean wave pitc.mp4",16.0,1921,832,480,120.062
i2v,causvid,120s,"A completely fixed, static, close-range tripod-mounted camera records a single large ocean wave curl.mp4",16.0,1921,832,480,120.062
i2v,causvid,120s,"A completely fixed, static, close-range tripod-mounted camera records a small forest creek cascading.mp4",16.0,1921,832,480,120.062
i2v,causvid,120s,"A completely fixed, static, low-water-level tripod-mounted camera records a calm mountain river flow.mp4",16.0,1921,832,480,120.062
i2v,causvid,120s,"A completely fixed, static, tripod-mounted camera records a bright blue sky filled with drifting whi.mp4",16.0,1921,832,480,120.062
i2v,causvid,120s,"A completely fixed, static, tripod-mounted camera records a channelized urban river running through .mp4",16.0,1921,832,480,120.062
i2v,causvid,120s,"A completely fixed, static, tripod-mounted camera records a clear river flowing past a grassy bank a.mp4",16.0,1921,832,480,120.062
i2v,causvid,120s,"A completely fixed, static, tripod-mounted camera records a dense city at dusk with a massive dark p.mp4",16.0,1921,832,480,120.062
i2v,causvid,120s,"A completely fixed, static, tripod-mounted camera records a desert dust storm advancing across a fla.mp4",16.0,1921,832,480,120.062
i2v,causvid,120s,"A completely fixed, static, tripod-mounted camera records a fast mountain river running through a ro.mp4",16.0,1921,832,480,120.062
i2v,causvid,120s,"A completely fixed, static, tripod-mounted camera records a heavy snowfall over a snow-covered alpin.mp4",16.0,1921,832,480,120.062
i2v,causvid,120s,"A completely fixed, static, tripod-mounted camera records a long row of tall palms thrashing in a tr.mp4",16.0,1921,832,480,120.062
i2v,causvid,120s,"A completely fixed, static, tripod-mounted camera records a nighttime city skyline backed by a large.mp4",16.0,1921,832,480,120.062
i2v,causvid,120s,"A completely fixed, static, tripod-mounted camera records a rainy narrow city alley at night in desa.mp4",16.0,1921,832,480,120.062
i2v,causvid,120s,"A completely fixed, static, tripod-mounted camera records a swollen flood river spilling across subm.mp4",16.0,1921,832,480,120.062
i2v,causvid,120s,"A completely fixed, static, tripod-mounted camera records a tree-lined city street in autumn with fa.mp4",16.0,1921,832,480,120.062
i2v,causvid,120s,"A completely fixed, static, tripod-mounted camera records a tropical white-sand beach with a leaning.mp4",16.0,1921,832,480,120.062
i2v,causvid,120s,"A completely fixed, static, tripod-mounted camera records an active grass-and-brush wildfire spreadi.mp4",16.0,1921,832,480,120.062
i2v,causvid,120s,"A completely fixed, static, tripod-mounted camera records an extremely heavy daytime snowfall over a.mp4",16.0,1921,832,480,120.062
i2v,causvid,240s,"A completely fixed, static, close-range tripod-mounted camera records heavy tropical rain pouring of.mp4",16.0,3841,832,480,240.062
i2v,causvid,240s,"A completely fixed, static, tripod-mounted camera records a calm tropical bay framed by a large over.mp4",16.0,3841,832,480,240.062
i2v,causvid,240s,"A completely fixed, static, tripod-mounted camera records a historic Kyoto canal lined with traditio.mp4",16.0,3841,832,480,240.062
i2v,causvid,240s,"A completely fixed, static, tripod-mounted camera records a tranquil tropical beach with leaning pal.mp4",16.0,3841,832,480,240.062
i2v,causvid,240s,"A completely fixed, static, tripod-mounted camera records an active braided lava flow advancing acro.mp4",16.0,3841,832,480,240.062
i2v,causvid,5s,"A completely fixed, static, macro-closeup tripod-mounted camera records heavy rainfall falling direc.mp4",16.0,97,832,480,6.062
i2v,causvid,5s,"A completely fixed, static, tripod-mounted camera records a burning indoor fireplace from a direct f.mp4",16.0,97,832,480,6.062
i2v,causvid,5s,"A completely fixed, static, tripod-mounted camera records a calm urban river at deep blue twilight f.mp4",16.0,97,832,480,6.062
i2v,causvid,5s,"A completely fixed, static, tripod-mounted camera records a catastrophic desert haboob sandstorm app.mp4",16.0,97,832,480,6.062
i2v,causvid,5s,"A completely fixed, static, tripod-mounted camera records a dense urban residential and commercial d.mp4",16.0,97,832,480,6.062
i2v,causvid,5s,"A completely fixed, static, tripod-mounted camera records a historic Kyoto canal lined with cherry b.mp4",16.0,97,832,480,6.062
i2v,causvid,5s,"A completely fixed, static, tripod-mounted camera records an active snowfall over the ornate Bow Bri.mp4",16.0,97,832,480,6.062
i2v,causvid,5s,"A completely fixed, static, tripod-mounted camera records an active volcanic lava flow field at blue.mp4",16.0,97,832,480,6.062
i2v,causvid,5s,"A completely fixed, static, tripod-mounted camera records an extremely heavy nighttime snowfall on a.mp4",16.0,97,832,480,6.062
i2v,causvid,5s,"A completely fixed, static, tripod-mounted camera records an urban intersection fire and explosion e.mp4",16.0,97,832,480,6.062
i2v,causvid,60s,"A completely fixed, static, macro tripod-mounted camera records heavy urban rainfall from an extreme.mp4",16.0,961,832,480,60.062
i2v,causvid,60s,"A completely fixed, static, macro-range tripod-mounted camera records a rain-streaked window pane wi.mp4",16.0,961,832,480,60.062
i2v,causvid,60s,"A completely fixed, static, tripod-mounted camera records a burning forest campfire at night from a .mp4",16.0,961,832,480,60.062
i2v,causvid,60s,"A completely fixed, static, tripod-mounted camera records a calm overcast coastal beach scene from a.mp4",16.0,961,832,480,60.062
i2v,causvid,60s,"A completely fixed, static, tripod-mounted camera records a calm winter river from a slightly elevat.mp4",16.0,961,832,480,60.062
i2v,causvid,60s,"A completely fixed, static, tripod-mounted camera records a clear summer forest stream with boulder .mp4",16.0,961,832,480,60.062
i2v,causvid,60s,"A completely fixed, static, tripod-mounted camera records a coastal tuff cone headland and the open .mp4",16.0,961,832,480,60.062
i2v,causvid,60s,"A completely fixed, static, tripod-mounted camera records a desert dust storm sweeping across a flat.mp4",16.0,961,832,480,60.062
i2v,causvid,60s,"A completely fixed, static, tripod-mounted camera records a fast mountain river cascading over a bou.mp4",16.0,961,832,480,60.062
i2v,causvid,60s,"A completely fixed, static, tripod-mounted camera records a gentle clear forest stream in a lush gre.mp4",16.0,961,832,480,60.062
i2v,causvid,60s,"A completely fixed, static, tripod-mounted camera records a heavy daytime snowstorm on a dense city .mp4",16.0,961,832,480,60.062
i2v,causvid,60s,"A completely fixed, static, tripod-mounted camera records a heavy nighttime snowfall on a quiet hist.mp4",16.0,961,832,480,60.062
i2v,causvid,60s,"A completely fixed, static, tripod-mounted camera records a lone windswept pine clinging to a bare r.mp4",16.0,961,832,480,60.062
i2v,causvid,60s,"A completely fixed, static, tripod-mounted camera records a multi-tiered cascading forest stream fro.mp4",16.0,961,832,480,60.062
i2v,causvid,60s,"A completely fixed, static, tripod-mounted camera records a quiet urban park river at night. The cam.mp4",16.0,961,832,480,60.062
i2v,causvid,60s,"A completely fixed, static, tripod-mounted camera records a rain-drenched forest path in late aftern.mp4",16.0,961,832,480,60.062
i2v,causvid,60s,"A completely fixed, static, tripod-mounted camera records a swollen muddy flood torrent surging thro.mp4",16.0,961,832,480,60.062
i2v,causvid,60s,"A completely fixed, static, tripod-mounted camera records a swollen winter flood river from a low ba.mp4",16.0,961,832,480,60.062
i2v,causvid,60s,"A completely fixed, static, tripod-mounted camera records a tranquil moonlit ocean seascape at night.mp4",16.0,961,832,480,60.062
i2v,causvid,60s,"A completely fixed, static, tripod-mounted camera records a tranquil street in a Japanese city durin.mp4",16.0,961,832,480,60.062
i2v,causvid,60s,"A completely fixed, static, tripod-mounted camera records a tropical beach with overhanging coconut .mp4",16.0,961,832,480,60.062
i2v,causvid,60s,"A completely fixed, static, tripod-mounted camera records a violent volcanic eruption at deep blue h.mp4",16.0,961,832,480,60.062
i2v,causvid,60s,"A completely fixed, static, tripod-mounted camera records an active snowfall in a dense mountain spr.mp4",16.0,961,832,480,60.062
i2v,causvid,60s,"A completely fixed, static, tripod-mounted camera records an active snowfall over a wide open alpine.mp4",16.0,961,832,480,60.062
i2v,causvid,60s,"A completely fixed, static, tripod-mounted camera records an active volcanic lava ocean entry event .mp4",16.0,961,832,480,60.062
i2v,causvid,60s,"A completely fixed, static, tripod-mounted camera records an erupting stratovolcano at golden sunset.mp4",16.0,961,832,480,60.062
i2v,causvid,60s,"A completely fixed, static, tripod-mounted camera records an extremely heavy nighttime snowfall on a.mp4",16.0,961,832,480,60.062
i2v,causvid,60s,"A completely fixed, static, tripod-mounted camera records moderate rainfall in a cultivated garden a.mp4",16.0,961,832,480,60.062
i2v,causvid,60s,"A completely fixed, static, tripod-mounted camera records the underside of a long concrete river bri.mp4",16.0,961,832,480,60.062
i2v,causvid,60s,"A completely fixed, static, tripod-mounted camera records two coconut palms thrashing in a violent t.mp4",16.0,961,832,480,60.062
i2v,cf++_1step,120s,"A completely fixed, static, aerial tripod-mounted camera records an active lava flow cutting through.mp4",16.0,1921,832,480,120.062
i2v,cf++_1step,120s,"A completely fixed, static, close-range tripod-mounted camera records a massive open-ocean wave pitc.mp4",16.0,1921,832,480,120.062
i2v,cf++_1step,120s,"A completely fixed, static, close-range tripod-mounted camera records a single large ocean wave curl.mp4",16.0,1921,832,480,120.062
i2v,cf++_1step,120s,"A completely fixed, static, close-range tripod-mounted camera records a small forest creek cascading.mp4",16.0,1921,832,480,120.062
i2v,cf++_1step,120s,"A completely fixed, static, low-water-level tripod-mounted camera records a calm mountain river flow.mp4",16.0,1921,832,480,120.062
i2v,cf++_1step,120s,"A completely fixed, static, tripod-mounted camera records a bright blue sky filled with drifting whi.mp4",16.0,1921,832,480,120.062
i2v,cf++_1step,120s,"A completely fixed, static, tripod-mounted camera records a channelized urban river running through .mp4",16.0,1921,832,480,120.062
i2v,cf++_1step,120s,"A completely fixed, static, tripod-mounted camera records a clear river flowing past a grassy bank a.mp4",16.0,1921,832,480,120.062
i2v,cf++_1step,120s,"A completely fixed, static, tripod-mounted camera records a dense city at dusk with a massive dark p.mp4",16.0,1921,832,480,120.062
i2v,cf++_1step,120s,"A completely fixed, static, tripod-mounted camera records a desert dust storm advancing across a fla.mp4",16.0,1921,832,480,120.062
i2v,cf++_1step,120s,"A completely fixed, static, tripod-mounted camera records a fast mountain river running through a ro.mp4",16.0,1921,832,480,120.062
i2v,cf++_1step,120s,"A completely fixed, static, tripod-mounted camera records a heavy snowfall over a snow-covered alpin.mp4",16.0,1921,832,480,120.062
i2v,cf++_1step,120s,"A completely fixed, static, tripod-mounted camera records a long row of tall palms thrashing in a tr.mp4",16.0,1921,832,480,120.062
i2v,cf++_1step,120s,"A completely fixed, static, tripod-mounted camera records a nighttime city skyline backed by a large.mp4",16.0,1921,832,480,120.062
i2v,cf++_1step,120s,"A completely fixed, static, tripod-mounted camera records a rainy narrow city alley at night in desa.mp4",16.0,1921,832,480,120.062
i2v,cf++_1step,120s,"A completely fixed, static, tripod-mounted camera records a swollen flood river spilling across subm.mp4",16.0,1921,832,480,120.062
i2v,cf++_1step,120s,"A completely fixed, static, tripod-mounted camera records a tree-lined city street in autumn with fa.mp4",16.0,1921,832,480,120.062
i2v,cf++_1step,120s,"A completely fixed, static, tripod-mounted camera records a tropical white-sand beach with a leaning.mp4",16.0,1921,832,480,120.062
i2v,cf++_1step,120s,"A completely fixed, static, tripod-mounted camera records an active grass-and-brush wildfire spreadi.mp4",16.0,1921,832,480,120.062
i2v,cf++_1step,120s,"A completely fixed, static, tripod-mounted camera records an extremely heavy daytime snowfall over a.mp4",16.0,1921,832,480,120.062
i2v,cf++_1step,240s,"A completely fixed, static, close-range tripod-mounted camera records heavy tropical rain pouring of.mp4",16.0,3841,832,480,240.062
i2v,cf++_1step,240s,"A completely fixed, static, tripod-mounted camera records a calm tropical bay framed by a large over.mp4",16.0,3841,832,480,240.062
i2v,cf++_1step,240s,"A completely fixed, static, tripod-mounted camera records a historic Kyoto canal lined with traditio.mp4",16.0,3841,832,480,240.062
i2v,cf++_1step,240s,"A completely fixed, static, tripod-mounted camera records a tranquil tropical beach with leaning pal.mp4",16.0,3841,832,480,240.062
i2v,cf++_1step,240s,"A completely fixed, static, tripod-mounted camera records an active braided lava flow advancing acro.mp4",16.0,3841,832,480,240.062
i2v,cf++_1step,5s,"A completely fixed, static, macro-closeup tripod-mounted camera records heavy rainfall falling direc.mp4",16.0,97,832,480,6.062
i2v,cf++_1step,5s,"A completely fixed, static, tripod-mounted camera records a burning indoor fireplace from a direct f.mp4",16.0,97,832,480,6.062
i2v,cf++_1step,5s,"A completely fixed, static, tripod-mounted camera records a calm urban river at deep blue twilight f.mp4",16.0,97,832,480,6.062
i2v,cf++_1step,5s,"A completely fixed, static, tripod-mounted camera records a catastrophic desert haboob sandstorm app.mp4",16.0,97,832,480,6.062
i2v,cf++_1step,5s,"A completely fixed, static, tripod-mounted camera records a dense urban residential and commercial d.mp4",16.0,97,832,480,6.062
i2v,cf++_1step,5s,"A completely fixed, static, tripod-mounted camera records a historic Kyoto canal lined with cherry b.mp4",16.0,97,832,480,6.062
i2v,cf++_1step,5s,"A completely fixed, static, tripod-mounted camera records an active snowfall over the ornate Bow Bri.mp4",16.0,97,832,480,6.062
i2v,cf++_1step,5s,"A completely fixed, static, tripod-mounted camera records an active volcanic lava flow field at blue.mp4",16.0,97,832,480,6.062
i2v,cf++_1step,5s,"A completely fixed, static, tripod-mounted camera records an extremely heavy nighttime snowfall on a.mp4",16.0,97,832,480,6.062
i2v,cf++_1step,5s,"A completely fixed, static, tripod-mounted camera records an urban intersection fire and explosion e.mp4",16.0,97,832,480,6.062
i2v,cf++_1step,60s,"A completely fixed, static, macro tripod-mounted camera records heavy urban rainfall from an extreme.mp4",16.0,961,832,480,60.062
i2v,cf++_1step,60s,"A completely fixed, static, macro-range tripod-mounted camera records a rain-streaked window pane wi.mp4",16.0,961,832,480,60.062
i2v,cf++_1step,60s,"A completely fixed, static, tripod-mounted camera records a burning forest campfire at night from a .mp4",16.0,961,832,480,60.062
i2v,cf++_1step,60s,"A completely fixed, static, tripod-mounted camera records a calm overcast coastal beach scene from a.mp4",16.0,961,832,480,60.062
i2v,cf++_1step,60s,"A completely fixed, static, tripod-mounted camera records a calm winter river from a slightly elevat.mp4",16.0,961,832,480,60.062
i2v,cf++_1step,60s,"A completely fixed, static, tripod-mounted camera records a clear summer forest stream with boulder .mp4",16.0,961,832,480,60.062
i2v,cf++_1step,60s,"A completely fixed, static, tripod-mounted camera records a coastal tuff cone headland and the open .mp4",16.0,961,832,480,60.062
i2v,cf++_1step,60s,"A completely fixed, static, tripod-mounted camera records a desert dust storm sweeping across a flat.mp4",16.0,961,832,480,60.062
i2v,cf++_1step,60s,"A completely fixed, static, tripod-mounted camera records a fast mountain river cascading over a bou.mp4",16.0,961,832,480,60.062
i2v,cf++_1step,60s,"A completely fixed, static, tripod-mounted camera records a gentle clear forest stream in a lush gre.mp4",16.0,961,832,480,60.062
i2v,cf++_1step,60s,"A completely fixed, static, tripod-mounted camera records a heavy daytime snowstorm on a dense city .mp4",16.0,961,832,480,60.062
i2v,cf++_1step,60s,"A completely fixed, static, tripod-mounted camera records a heavy nighttime snowfall on a quiet hist.mp4",16.0,961,832,480,60.062
i2v,cf++_1step,60s,"A completely fixed, static, tripod-mounted camera records a lone windswept pine clinging to a bare r.mp4",16.0,961,832,480,60.062
i2v,cf++_1step,60s,"A completely fixed, static, tripod-mounted camera records a multi-tiered cascading forest stream fro.mp4",16.0,961,832,480,60.062
i2v,cf++_1step,60s,"A completely fixed, static, tripod-mounted camera records a quiet urban park river at night. The cam.mp4",16.0,961,832,480,60.062
i2v,cf++_1step,60s,"A completely fixed, static, tripod-mounted camera records a rain-drenched forest path in late aftern.mp4",16.0,961,832,480,60.062
i2v,cf++_1step,60s,"A completely fixed, static, tripod-mounted camera records a swollen muddy flood torrent surging thro.mp4",16.0,961,832,480,60.062
i2v,cf++_1step,60s,"A completely fixed, static, tripod-mounted camera records a swollen winter flood river from a low ba.mp4",16.0,961,832,480,60.062
i2v,cf++_1step,60s,"A completely fixed, static, tripod-mounted camera records a tranquil moonlit ocean seascape at night.mp4",16.0,961,832,480,60.062
i2v,cf++_1step,60s,"A completely fixed, static, tripod-mounted camera records a tranquil street in a Japanese city durin.mp4",16.0,961,832,480,60.062
i2v,cf++_1step,60s,"A completely fixed, static, tripod-mounted camera records a tropical beach with overhanging coconut .mp4",16.0,961,832,480,60.062
i2v,cf++_1step,60s,"A completely fixed, static, tripod-mounted camera records a violent volcanic eruption at deep blue h.mp4",16.0,961,832,480,60.062
i2v,cf++_1step,60s,"A completely fixed, static, tripod-mounted camera records an active snowfall in a dense mountain spr.mp4",16.0,961,832,480,60.062
i2v,cf++_1step,60s,"A completely fixed, static, tripod-mounted camera records an active snowfall over a wide open alpine.mp4",16.0,961,832,480,60.062
i2v,cf++_1step,60s,"A completely fixed, static, tripod-mounted camera records an active volcanic lava ocean entry event .mp4",16.0,961,832,480,60.062
i2v,cf++_1step,60s,"A completely fixed, static, tripod-mounted camera records an erupting stratovolcano at golden sunset.mp4",16.0,961,832,480,60.062
i2v,cf++_1step,60s,"A completely fixed, static, tripod-mounted camera records an extremely heavy nighttime snowfall on a.mp4",16.0,961,832,480,60.062
i2v,cf++_1step,60s,"A completely fixed, static, tripod-mounted camera records moderate rainfall in a cultivated garden a.mp4",16.0,961,832,480,60.062
i2v,cf++_1step,60s,"A completely fixed, static, tripod-mounted camera records the underside of a long concrete river bri.mp4",16.0,961,832,480,60.062
i2v,cf++_1step,60s,"A completely fixed, static, tripod-mounted camera records two coconut palms thrashing in a violent t.mp4",16.0,961,832,480,60.062
i2v,cf_framewise,120s,"A completely fixed, static, aerial tripod-mounted camera records an active lava flow cutting through.mp4",16.0,1921,832,480,120.062
i2v,cf_framewise,120s,"A completely fixed, static, close-range tripod-mounted camera records a massive open-ocean wave pitc.mp4",16.0,1921,832,480,120.062
i2v,cf_framewise,120s,"A completely fixed, static, close-range tripod-mounted camera records a single large ocean wave curl.mp4",16.0,1921,832,480,120.062
i2v,cf_framewise,120s,"A completely fixed, static, close-range tripod-mounted camera records a small forest creek cascading.mp4",16.0,1921,832,480,120.062
i2v,cf_framewise,120s,"A completely fixed, static, low-water-level tripod-mounted camera records a calm mountain river flow.mp4",16.0,1921,832,480,120.062
i2v,cf_framewise,120s,"A completely fixed, static, tripod-mounted camera records a bright blue sky filled with drifting whi.mp4",16.0,1921,832,480,120.062
i2v,cf_framewise,120s,"A completely fixed, static, tripod-mounted camera records a channelized urban river running through .mp4",16.0,1921,832,480,120.062
i2v,cf_framewise,120s,"A completely fixed, static, tripod-mounted camera records a clear river flowing past a grassy bank a.mp4",16.0,1921,832,480,120.062
i2v,cf_framewise,120s,"A completely fixed, static, tripod-mounted camera records a dense city at dusk with a massive dark p.mp4",16.0,1921,832,480,120.062
i2v,cf_framewise,120s,"A completely fixed, static, tripod-mounted camera records a desert dust storm advancing across a fla.mp4",16.0,1921,832,480,120.062
i2v,cf_framewise,120s,"A completely fixed, static, tripod-mounted camera records a fast mountain river running through a ro.mp4",16.0,1921,832,480,120.062
i2v,cf_framewise,120s,"A completely fixed, static, tripod-mounted camera records a heavy snowfall over a snow-covered alpin.mp4",16.0,1921,832,480,120.062
i2v,cf_framewise,120s,"A completely fixed, static, tripod-mounted camera records a long row of tall palms thrashing in a tr.mp4",16.0,1921,832,480,120.062
i2v,cf_framewise,120s,"A completely fixed, static, tripod-mounted camera records a nighttime city skyline backed by a large.mp4",16.0,1921,832,480,120.062
i2v,cf_framewise,120s,"A completely fixed, static, tripod-mounted camera records a rainy narrow city alley at night in desa.mp4",16.0,1921,832,480,120.062
i2v,cf_framewise,120s,"A completely fixed, static, tripod-mounted camera records a swollen flood river spilling across subm.mp4",16.0,1921,832,480,120.062
i2v,cf_framewise,120s,"A completely fixed, static, tripod-mounted camera records a tree-lined city street in autumn with fa.mp4",16.0,1921,832,480,120.062
i2v,cf_framewise,120s,"A completely fixed, static, tripod-mounted camera records a tropical white-sand beach with a leaning.mp4",16.0,1921,832,480,120.062
i2v,cf_framewise,120s,"A completely fixed, static, tripod-mounted camera records an active grass-and-brush wildfire spreadi.mp4",16.0,1921,832,480,120.062
i2v,cf_framewise,120s,"A completely fixed, static, tripod-mounted camera records an extremely heavy daytime snowfall over a.mp4",16.0,1921,832,480,120.062
i2v,cf_framewise,240s,"A completely fixed, static, close-range tripod-mounted camera records heavy tropical rain pouring of.mp4",16.0,3841,832,480,240.062
i2v,cf_framewise,240s,"A completely fixed, static, tripod-mounted camera records a calm tropical bay framed by a large over.mp4",16.0,3841,832,480,240.062
i2v,cf_framewise,240s,"A completely fixed, static, tripod-mounted camera records a historic Kyoto canal lined with traditio.mp4",16.0,3841,832,480,240.062
i2v,cf_framewise,240s,"A completely fixed, static, tripod-mounted camera records a tranquil tropical beach with leaning pal.mp4",16.0,3841,832,480,240.062
i2v,cf_framewise,240s,"A completely fixed, static, tripod-mounted camera records an active braided lava flow advancing acro.mp4",16.0,3841,832,480,240.062
i2v,cf_framewise,5s,"A completely fixed, static, macro-closeup tripod-mounted camera records heavy rainfall falling direc.mp4",16.0,97,832,480,6.062
i2v,cf_framewise,5s,"A completely fixed, static, tripod-mounted camera records a burning indoor fireplace from a direct f.mp4",16.0,97,832,480,6.062
i2v,cf_framewise,5s,"A completely fixed, static, tripod-mounted camera records a calm urban river at deep blue twilight f.mp4",16.0,97,832,480,6.062
i2v,cf_framewise,5s,"A completely fixed, static, tripod-mounted camera records a catastrophic desert haboob sandstorm app.mp4",16.0,97,832,480,6.062
i2v,cf_framewise,5s,"A completely fixed, static, tripod-mounted camera records a dense urban residential and commercial d.mp4",16.0,97,832,480,6.062
i2v,cf_framewise,5s,"A completely fixed, static, tripod-mounted camera records a historic Kyoto canal lined with cherry b.mp4",16.0,97,832,480,6.062
i2v,cf_framewise,5s,"A completely fixed, static, tripod-mounted camera records an active snowfall over the ornate Bow Bri.mp4",16.0,97,832,480,6.062
i2v,cf_framewise,5s,"A completely fixed, static, tripod-mounted camera records an active volcanic lava flow field at blue.mp4",16.0,97,832,480,6.062
i2v,cf_framewise,5s,"A completely fixed, static, tripod-mounted camera records an extremely heavy nighttime snowfall on a.mp4",16.0,97,832,480,6.062
i2v,cf_framewise,5s,"A completely fixed, static, tripod-mounted camera records an urban intersection fire and explosion e.mp4",16.0,97,832,480,6.062
i2v,cf_framewise,60s,"A completely fixed, static, macro tripod-mounted camera records heavy urban rainfall from an extreme.mp4",16.0,961,832,480,60.062
i2v,cf_framewise,60s,"A completely fixed, static, macro-range tripod-mounted camera records a rain-streaked window pane wi.mp4",16.0,961,832,480,60.062
i2v,cf_framewise,60s,"A completely fixed, static, tripod-mounted camera records a burning forest campfire at night from a .mp4",16.0,961,832,480,60.062
i2v,cf_framewise,60s,"A completely fixed, static, tripod-mounted camera records a calm overcast coastal beach scene from a.mp4",16.0,961,832,480,60.062
i2v,cf_framewise,60s,"A completely fixed, static, tripod-mounted camera records a calm winter river from a slightly elevat.mp4",16.0,961,832,480,60.062
i2v,cf_framewise,60s,"A completely fixed, static, tripod-mounted camera records a clear summer forest stream with boulder .mp4",16.0,961,832,480,60.062
i2v,cf_framewise,60s,"A completely fixed, static, tripod-mounted camera records a coastal tuff cone headland and the open .mp4",16.0,961,832,480,60.062
i2v,cf_framewise,60s,"A completely fixed, static, tripod-mounted camera records a desert dust storm sweeping across a flat.mp4",16.0,961,832,480,60.062
i2v,cf_framewise,60s,"A completely fixed, static, tripod-mounted camera records a fast mountain river cascading over a bou.mp4",16.0,961,832,480,60.062
i2v,cf_framewise,60s,"A completely fixed, static, tripod-mounted camera records a gentle clear forest stream in a lush gre.mp4",16.0,961,832,480,60.062
i2v,cf_framewise,60s,"A completely fixed, static, tripod-mounted camera records a heavy daytime snowstorm on a dense city .mp4",16.0,961,832,480,60.062
i2v,cf_framewise,60s,"A completely fixed, static, tripod-mounted camera records a heavy nighttime snowfall on a quiet hist.mp4",16.0,961,832,480,60.062
i2v,cf_framewise,60s,"A completely fixed, static, tripod-mounted camera records a lone windswept pine clinging to a bare r.mp4",16.0,961,832,480,60.062
i2v,cf_framewise,60s,"A completely fixed, static, tripod-mounted camera records a multi-tiered cascading forest stream fro.mp4",16.0,961,832,480,60.062
i2v,cf_framewise,60s,"A completely fixed, static, tripod-mounted camera records a quiet urban park river at night. The cam.mp4",16.0,961,832,480,60.062
i2v,cf_framewise,60s,"A completely fixed, static, tripod-mounted camera records a rain-drenched forest path in late aftern.mp4",16.0,961,832,480,60.062
i2v,cf_framewise,60s,"A completely fixed, static, tripod-mounted camera records a swollen muddy flood torrent surging thro.mp4",16.0,961,832,480,60.062
i2v,cf_framewise,60s,"A completely fixed, static, tripod-mounted camera records a swollen winter flood river from a low ba.mp4",16.0,961,832,480,60.062
i2v,cf_framewise,60s,"A completely fixed, static, tripod-mounted camera records a tranquil moonlit ocean seascape at night.mp4",16.0,961,832,480,60.062
i2v,cf_framewise,60s,"A completely fixed, static, tripod-mounted camera records a tranquil street in a Japanese city durin.mp4",16.0,961,832,480,60.062
i2v,cf_framewise,60s,"A completely fixed, static, tripod-mounted camera records a tropical beach with overhanging coconut .mp4",16.0,961,832,480,60.062
i2v,cf_framewise,60s,"A completely fixed, static, tripod-mounted camera records a violent volcanic eruption at deep blue h.mp4",16.0,961,832,480,60.062
i2v,cf_framewise,60s,"A completely fixed, static, tripod-mounted camera records an active snowfall in a dense mountain spr.mp4",16.0,961,832,480,60.062
i2v,cf_framewise,60s,"A completely fixed, static, tripod-mounted camera records an active snowfall over a wide open alpine.mp4",16.0,961,832,480,60.062
i2v,cf_framewise,60s,"A completely fixed, static, tripod-mounted camera records an active volcanic lava ocean entry event .mp4",16.0,961,832,480,60.062
i2v,cf_framewise,60s,"A completely fixed, static, tripod-mounted camera records an erupting stratovolcano at golden sunset.mp4",16.0,961,832,480,60.062
i2v,cf_framewise,60s,"A completely fixed, static, tripod-mounted camera records an extremely heavy nighttime snowfall on a.mp4",16.0,961,832,480,60.062
i2v,cf_framewise,60s,"A completely fixed, static, tripod-mounted camera records moderate rainfall in a cultivated garden a.mp4",16.0,961,832,480,60.062
i2v,cf_framewise,60s,"A completely fixed, static, tripod-mounted camera records the underside of a long concrete river bri.mp4",16.0,961,832,480,60.062
i2v,cf_framewise,60s,"A completely fixed, static, tripod-mounted camera records two coconut palms thrashing in a violent t.mp4",16.0,961,832,480,60.062
i2v,chunk6,120s,"A completely fixed, static, aerial tripod-mounted camera records an active lava flow cutting through.mp4",16.0,1921,832,480,120.062
i2v,chunk6,120s,"A completely fixed, static, close-range tripod-mounted camera records a massive open-ocean wave pitc.mp4",16.0,1921,832,480,120.062
i2v,chunk6,120s,"A completely fixed, static, close-range tripod-mounted camera records a single large ocean wave curl.mp4",16.0,1921,832,480,120.062
i2v,chunk6,120s,"A completely fixed, static, close-range tripod-mounted camera records a small forest creek cascading.mp4",16.0,1921,832,480,120.062
i2v,chunk6,120s,"A completely fixed, static, low-water-level tripod-mounted camera records a calm mountain river flow.mp4",16.0,1921,832,480,120.062
i2v,chunk6,120s,"A completely fixed, static, tripod-mounted camera records a bright blue sky filled with drifting whi.mp4",16.0,1921,832,480,120.062
i2v,chunk6,120s,"A completely fixed, static, tripod-mounted camera records a channelized urban river running through .mp4",16.0,1921,832,480,120.062
i2v,chunk6,120s,"A completely fixed, static, tripod-mounted camera records a clear river flowing past a grassy bank a.mp4",16.0,1921,832,480,120.062
i2v,chunk6,120s,"A completely fixed, static, tripod-mounted camera records a dense city at dusk with a massive dark p.mp4",16.0,1921,832,480,120.062
i2v,chunk6,120s,"A completely fixed, static, tripod-mounted camera records a desert dust storm advancing across a fla.mp4",16.0,1921,832,480,120.062
i2v,chunk6,120s,"A completely fixed, static, tripod-mounted camera records a fast mountain river running through a ro.mp4",16.0,1921,832,480,120.062
i2v,chunk6,120s,"A completely fixed, static, tripod-mounted camera records a heavy snowfall over a snow-covered alpin.mp4",16.0,1921,832,480,120.062
i2v,chunk6,120s,"A completely fixed, static, tripod-mounted camera records a long row of tall palms thrashing in a tr.mp4",16.0,1921,832,480,120.062
i2v,chunk6,120s,"A completely fixed, static, tripod-mounted camera records a nighttime city skyline backed by a large.mp4",16.0,1921,832,480,120.062
i2v,chunk6,120s,"A completely fixed, static, tripod-mounted camera records a rainy narrow city alley at night in desa.mp4",16.0,1921,832,480,120.062
i2v,chunk6,120s,"A completely fixed, static, tripod-mounted camera records a swollen flood river spilling across subm.mp4",16.0,1921,832,480,120.062
i2v,chunk6,120s,"A completely fixed, static, tripod-mounted camera records a tree-lined city street in autumn with fa.mp4",16.0,1921,832,480,120.062
i2v,chunk6,120s,"A completely fixed, static, tripod-mounted camera records a tropical white-sand beach with a leaning.mp4",16.0,1921,832,480,120.062
i2v,chunk6,120s,"A completely fixed, static, tripod-mounted camera records an active grass-and-brush wildfire spreadi.mp4",16.0,1921,832,480,120.062
i2v,chunk6,120s,"A completely fixed, static, tripod-mounted camera records an extremely heavy daytime snowfall over a.mp4",16.0,1921,832,480,120.062
i2v,chunk6,240s,"A completely fixed, static, close-range tripod-mounted camera records heavy tropical rain pouring of.mp4",16.0,3841,832,480,240.062
i2v,chunk6,240s,"A completely fixed, static, tripod-mounted camera records a calm tropical bay framed by a large over.mp4",16.0,3841,832,480,240.062
i2v,chunk6,240s,"A completely fixed, static, tripod-mounted camera records a historic Kyoto canal lined with traditio.mp4",16.0,3841,832,480,240.062
i2v,chunk6,240s,"A completely fixed, static, tripod-mounted camera records a tranquil tropical beach with leaning pal.mp4",16.0,3841,832,480,240.062
i2v,chunk6,240s,"A completely fixed, static, tripod-mounted camera records an active braided lava flow advancing acro.mp4",16.0,3841,832,480,240.062
i2v,chunk6,5s,"A completely fixed, static, macro-closeup tripod-mounted camera records heavy rainfall falling direc.mp4",16.0,97,832,480,6.062
i2v,chunk6,5s,"A completely fixed, static, tripod-mounted camera records a burning indoor fireplace from a direct f.mp4",16.0,97,832,480,6.062
i2v,chunk6,5s,"A completely fixed, static, tripod-mounted camera records a calm urban river at deep blue twilight f.mp4",16.0,97,832,480,6.062
i2v,chunk6,5s,"A completely fixed, static, tripod-mounted camera records a catastrophic desert haboob sandstorm app.mp4",16.0,97,832,480,6.062
i2v,chunk6,5s,"A completely fixed, static, tripod-mounted camera records a dense urban residential and commercial d.mp4",16.0,97,832,480,6.062
i2v,chunk6,5s,"A completely fixed, static, tripod-mounted camera records a historic Kyoto canal lined with cherry b.mp4",16.0,97,832,480,6.062
i2v,chunk6,5s,"A completely fixed, static, tripod-mounted camera records an active snowfall over the ornate Bow Bri.mp4",16.0,97,832,480,6.062
i2v,chunk6,5s,"A completely fixed, static, tripod-mounted camera records an active volcanic lava flow field at blue.mp4",16.0,97,832,480,6.062
i2v,chunk6,5s,"A completely fixed, static, tripod-mounted camera records an extremely heavy nighttime snowfall on a.mp4",16.0,97,832,480,6.062
i2v,chunk6,5s,"A completely fixed, static, tripod-mounted camera records an urban intersection fire and explosion e.mp4",16.0,97,832,480,6.062
i2v,chunk6,60s,"A completely fixed, static, macro tripod-mounted camera records heavy urban rainfall from an extreme.mp4",16.0,961,832,480,60.062
i2v,chunk6,60s,"A completely fixed, static, macro-range tripod-mounted camera records a rain-streaked window pane wi.mp4",16.0,961,832,480,60.062
i2v,chunk6,60s,"A completely fixed, static, tripod-mounted camera records a burning forest campfire at night from a .mp4",16.0,961,832,480,60.062
i2v,chunk6,60s,"A completely fixed, static, tripod-mounted camera records a calm overcast coastal beach scene from a.mp4",16.0,961,832,480,60.062
i2v,chunk6,60s,"A completely fixed, static, tripod-mounted camera records a calm winter river from a slightly elevat.mp4",16.0,961,832,480,60.062
i2v,chunk6,60s,"A completely fixed, static, tripod-mounted camera records a clear summer forest stream with boulder .mp4",16.0,961,832,480,60.062
i2v,chunk6,60s,"A completely fixed, static, tripod-mounted camera records a coastal tuff cone headland and the open .mp4",16.0,961,832,480,60.062
i2v,chunk6,60s,"A completely fixed, static, tripod-mounted camera records a desert dust storm sweeping across a flat.mp4",16.0,961,832,480,60.062
i2v,chunk6,60s,"A completely fixed, static, tripod-mounted camera records a fast mountain river cascading over a bou.mp4",16.0,961,832,480,60.062
i2v,chunk6,60s,"A completely fixed, static, tripod-mounted camera records a gentle clear forest stream in a lush gre.mp4",16.0,961,832,480,60.062
i2v,chunk6,60s,"A completely fixed, static, tripod-mounted camera records a heavy daytime snowstorm on a dense city .mp4",16.0,961,832,480,60.062
i2v,chunk6,60s,"A completely fixed, static, tripod-mounted camera records a heavy nighttime snowfall on a quiet hist.mp4",16.0,961,832,480,60.062
i2v,chunk6,60s,"A completely fixed, static, tripod-mounted camera records a lone windswept pine clinging to a bare r.mp4",16.0,961,832,480,60.062
i2v,chunk6,60s,"A completely fixed, static, tripod-mounted camera records a multi-tiered cascading forest stream fro.mp4",16.0,961,832,480,60.062
i2v,chunk6,60s,"A completely fixed, static, tripod-mounted camera records a quiet urban park river at night. The cam.mp4",16.0,961,832,480,60.062
i2v,chunk6,60s,"A completely fixed, static, tripod-mounted camera records a rain-drenched forest path in late aftern.mp4",16.0,961,832,480,60.062
i2v,chunk6,60s,"A completely fixed, static, tripod-mounted camera records a swollen muddy flood torrent surging thro.mp4",16.0,961,832,480,60.062
i2v,chunk6,60s,"A completely fixed, static, tripod-mounted camera records a swollen winter flood river from a low ba.mp4",16.0,961,832,480,60.062
i2v,chunk6,60s,"A completely fixed, static, tripod-mounted camera records a tranquil moonlit ocean seascape at night.mp4",16.0,961,832,480,60.062
i2v,chunk6,60s,"A completely fixed, static, tripod-mounted camera records a tranquil street in a Japanese city durin.mp4",16.0,961,832,480,60.062
i2v,chunk6,60s,"A completely fixed, static, tripod-mounted camera records a tropical beach with overhanging coconut .mp4",16.0,961,832,480,60.062
i2v,chunk6,60s,"A completely fixed, static, tripod-mounted camera records a violent volcanic eruption at deep blue h.mp4",16.0,961,832,480,60.062
i2v,chunk6,60s,"A completely fixed, static, tripod-mounted camera records an active snowfall in a dense mountain spr.mp4",16.0,961,832,480,60.062
i2v,chunk6,60s,"A completely fixed, static, tripod-mounted camera records an active snowfall over a wide open alpine.mp4",16.0,961,832,480,60.062
i2v,chunk6,60s,"A completely fixed, static, tripod-mounted camera records an active volcanic lava ocean entry event .mp4",16.0,961,832,480,60.062
i2v,chunk6,60s,"A completely fixed, static, tripod-mounted camera records an erupting stratovolcano at golden sunset.mp4",16.0,961,832,480,60.062
i2v,chunk6,60s,"A completely fixed, static, tripod-mounted camera records an extremely heavy nighttime snowfall on a.mp4",16.0,961,832,480,60.062
i2v,chunk6,60s,"A completely fixed, static, tripod-mounted camera records moderate rainfall in a cultivated garden a.mp4",16.0,961,832,480,60.062
i2v,chunk6,60s,"A completely fixed, static, tripod-mounted camera records the underside of a long concrete river bri.mp4",16.0,961,832,480,60.062
i2v,chunk6,60s,"A completely fixed, static, tripod-mounted camera records two coconut palms thrashing in a violent t.mp4",16.0,961,832,480,60.062
i2v,chunk6_cm,120s,"A completely fixed, static, aerial tripod-mounted camera records an active lava flow cutting through.mp4",16.0,1921,832,480,120.062
i2v,chunk6_cm,120s,"A completely fixed, static, close-range tripod-mounted camera records a massive open-ocean wave pitc.mp4",16.0,1921,832,480,120.062
i2v,chunk6_cm,120s,"A completely fixed, static, close-range tripod-mounted camera records a single large ocean wave curl.mp4",16.0,1921,832,480,120.062
i2v,chunk6_cm,120s,"A completely fixed, static, close-range tripod-mounted camera records a small forest creek cascading.mp4",16.0,1921,832,480,120.062
i2v,chunk6_cm,120s,"A completely fixed, static, low-water-level tripod-mounted camera records a calm mountain river flow.mp4",16.0,1921,832,480,120.062
i2v,chunk6_cm,120s,"A completely fixed, static, tripod-mounted camera records a bright blue sky filled with drifting whi.mp4",16.0,1921,832,480,120.062
i2v,chunk6_cm,120s,"A completely fixed, static, tripod-mounted camera records a channelized urban river running through .mp4",16.0,1921,832,480,120.062
i2v,chunk6_cm,120s,"A completely fixed, static, tripod-mounted camera records a clear river flowing past a grassy bank a.mp4",16.0,1921,832,480,120.062
i2v,chunk6_cm,120s,"A completely fixed, static, tripod-mounted camera records a dense city at dusk with a massive dark p.mp4",16.0,1921,832,480,120.062
i2v,chunk6_cm,120s,"A completely fixed, static, tripod-mounted camera records a desert dust storm advancing across a fla.mp4",16.0,1921,832,480,120.062
i2v,chunk6_cm,120s,"A completely fixed, static, tripod-mounted camera records a fast mountain river running through a ro.mp4",16.0,1921,832,480,120.062
i2v,chunk6_cm,120s,"A completely fixed, static, tripod-mounted camera records a heavy snowfall over a snow-covered alpin.mp4",16.0,1921,832,480,120.062
i2v,chunk6_cm,120s,"A completely fixed, static, tripod-mounted camera records a long row of tall palms thrashing in a tr.mp4",16.0,1921,832,480,120.062
i2v,chunk6_cm,120s,"A completely fixed, static, tripod-mounted camera records a nighttime city skyline backed by a large.mp4",16.0,1921,832,480,120.062
i2v,chunk6_cm,120s,"A completely fixed, static, tripod-mounted camera records a rainy narrow city alley at night in desa.mp4",16.0,1921,832,480,120.062
i2v,chunk6_cm,120s,"A completely fixed, static, tripod-mounted camera records a swollen flood river spilling across subm.mp4",16.0,1921,832,480,120.062
i2v,chunk6_cm,120s,"A completely fixed, static, tripod-mounted camera records a tree-lined city street in autumn with fa.mp4",16.0,1921,832,480,120.062
i2v,chunk6_cm,120s,"A completely fixed, static, tripod-mounted camera records a tropical white-sand beach with a leaning.mp4",16.0,1921,832,480,120.062
i2v,chunk6_cm,120s,"A completely fixed, static, tripod-mounted camera records an active grass-and-brush wildfire spreadi.mp4",16.0,1921,832,480,120.062
i2v,chunk6_cm,120s,"A completely fixed, static, tripod-mounted camera records an extremely heavy daytime snowfall over a.mp4",16.0,1921,832,480,120.062
i2v,chunk6_cm,240s,"A completely fixed, static, close-range tripod-mounted camera records heavy tropical rain pouring of.mp4",16.0,3841,832,480,240.062
i2v,chunk6_cm,240s,"A completely fixed, static, tripod-mounted camera records a calm tropical bay framed by a large over.mp4",16.0,3841,832,480,240.062
i2v,chunk6_cm,240s,"A completely fixed, static, tripod-mounted camera records a historic Kyoto canal lined with traditio.mp4",16.0,3841,832,480,240.062
i2v,chunk6_cm,240s,"A completely fixed, static, tripod-mounted camera records a tranquil tropical beach with leaning pal.mp4",16.0,3841,832,480,240.062
i2v,chunk6_cm,240s,"A completely fixed, static, tripod-mounted camera records an active braided lava flow advancing acro.mp4",16.0,3841,832,480,240.062
i2v,chunk6_cm,5s,"A completely fixed, static, macro-closeup tripod-mounted camera records heavy rainfall falling direc.mp4",16.0,97,832,480,6.062
i2v,chunk6_cm,5s,"A completely fixed, static, tripod-mounted camera records a burning indoor fireplace from a direct f.mp4",16.0,97,832,480,6.062
i2v,chunk6_cm,5s,"A completely fixed, static, tripod-mounted camera records a calm urban river at deep blue twilight f.mp4",16.0,97,832,480,6.062
i2v,chunk6_cm,5s,"A completely fixed, static, tripod-mounted camera records a catastrophic desert haboob sandstorm app.mp4",16.0,97,832,480,6.062
i2v,chunk6_cm,5s,"A completely fixed, static, tripod-mounted camera records a dense urban residential and commercial d.mp4",16.0,97,832,480,6.062
i2v,chunk6_cm,5s,"A completely fixed, static, tripod-mounted camera records a historic Kyoto canal lined with cherry b.mp4",16.0,97,832,480,6.062
i2v,chunk6_cm,5s,"A completely fixed, static, tripod-mounted camera records an active snowfall over the ornate Bow Bri.mp4",16.0,97,832,480,6.062
i2v,chunk6_cm,5s,"A completely fixed, static, tripod-mounted camera records an active volcanic lava flow field at blue.mp4",16.0,97,832,480,6.062
i2v,chunk6_cm,5s,"A completely fixed, static, tripod-mounted camera records an extremely heavy nighttime snowfall on a.mp4",16.0,97,832,480,6.062
i2v,chunk6_cm,5s,"A completely fixed, static, tripod-mounted camera records an urban intersection fire and explosion e.mp4",16.0,97,832,480,6.062
i2v,chunk6_cm,60s,"A completely fixed, static, macro tripod-mounted camera records heavy urban rainfall from an extreme.mp4",16.0,961,832,480,60.062
i2v,chunk6_cm,60s,"A completely fixed, static, macro-range tripod-mounted camera records a rain-streaked window pane wi.mp4",16.0,961,832,480,60.062
i2v,chunk6_cm,60s,"A completely fixed, static, tripod-mounted camera records a burning forest campfire at night from a .mp4",16.0,961,832,480,60.062
i2v,chunk6_cm,60s,"A completely fixed, static, tripod-mounted camera records a calm overcast coastal beach scene from a.mp4",16.0,961,832,480,60.062
i2v,chunk6_cm,60s,"A completely fixed, static, tripod-mounted camera records a calm winter river from a slightly elevat.mp4",16.0,961,832,480,60.062
i2v,chunk6_cm,60s,"A completely fixed, static, tripod-mounted camera records a clear summer forest stream with boulder .mp4",16.0,961,832,480,60.062
i2v,chunk6_cm,60s,"A completely fixed, static, tripod-mounted camera records a coastal tuff cone headland and the open .mp4",16.0,961,832,480,60.062
i2v,chunk6_cm,60s,"A completely fixed, static, tripod-mounted camera records a desert dust storm sweeping across a flat.mp4",16.0,961,832,480,60.062
i2v,chunk6_cm,60s,"A completely fixed, static, tripod-mounted camera records a fast mountain river cascading over a bou.mp4",16.0,961,832,480,60.062
i2v,chunk6_cm,60s,"A completely fixed, static, tripod-mounted camera records a gentle clear forest stream in a lush gre.mp4",16.0,961,832,480,60.062
i2v,chunk6_cm,60s,"A completely fixed, static, tripod-mounted camera records a heavy daytime snowstorm on a dense city .mp4",16.0,961,832,480,60.062
i2v,chunk6_cm,60s,"A completely fixed, static, tripod-mounted camera records a heavy nighttime snowfall on a quiet hist.mp4",16.0,961,832,480,60.062
i2v,chunk6_cm,60s,"A completely fixed, static, tripod-mounted camera records a lone windswept pine clinging to a bare r.mp4",16.0,961,832,480,60.062
i2v,chunk6_cm,60s,"A completely fixed, static, tripod-mounted camera records a multi-tiered cascading forest stream fro.mp4",16.0,961,832,480,60.062
i2v,chunk6_cm,60s,"A completely fixed, static, tripod-mounted camera records a quiet urban park river at night. The cam.mp4",16.0,961,832,480,60.062
i2v,chunk6_cm,60s,"A completely fixed, static, tripod-mounted camera records a rain-drenched forest path in late aftern.mp4",16.0,961,832,480,60.062
i2v,chunk6_cm,60s,"A completely fixed, static, tripod-mounted camera records a swollen muddy flood torrent surging thro.mp4",16.0,961,832,480,60.062
i2v,chunk6_cm,60s,"A completely fixed, static, tripod-mounted camera records a swollen winter flood river from a low ba.mp4",16.0,961,832,480,60.062
i2v,chunk6_cm,60s,"A completely fixed, static, tripod-mounted camera records a tranquil moonlit ocean seascape at night.mp4",16.0,961,832,480,60.062
i2v,chunk6_cm,60s,"A completely fixed, static, tripod-mounted camera records a tranquil street in a Japanese city durin.mp4",16.0,961,832,480,60.062
i2v,chunk6_cm,60s,"A completely fixed, static, tripod-mounted camera records a tropical beach with overhanging coconut .mp4",16.0,961,832,480,60.062
i2v,chunk6_cm,60s,"A completely fixed, static, tripod-mounted camera records a violent volcanic eruption at deep blue h.mp4",16.0,961,832,480,60.062
i2v,chunk6_cm,60s,"A completely fixed, static, tripod-mounted camera records an active snowfall in a dense mountain spr.mp4",16.0,961,832,480,60.062
i2v,chunk6_cm,60s,"A completely fixed, static, tripod-mounted camera records an active snowfall over a wide open alpine.mp4",16.0,961,832,480,60.062
i2v,chunk6_cm,60s,"A completely fixed, static, tripod-mounted camera records an active volcanic lava ocean entry event .mp4",16.0,961,832,480,60.062
i2v,chunk6_cm,60s,"A completely fixed, static, tripod-mounted camera records an erupting stratovolcano at golden sunset.mp4",16.0,961,832,480,60.062
i2v,chunk6_cm,60s,"A completely fixed, static, tripod-mounted camera records an extremely heavy nighttime snowfall on a.mp4",16.0,961,832,480,60.062
i2v,chunk6_cm,60s,"A completely fixed, static, tripod-mounted camera records moderate rainfall in a cultivated garden a.mp4",16.0,961,832,480,60.062
i2v,chunk6_cm,60s,"A completely fixed, static, tripod-mounted camera records the underside of a long concrete river bri.mp4",16.0,961,832,480,60.062
i2v,chunk6_cm,60s,"A completely fixed, static, tripod-mounted camera records two coconut palms thrashing in a violent t.mp4",16.0,961,832,480,60.062
i2v,f1s_framewise,120s,"A completely fixed, static, aerial tripod-mounted camera records an active lava flow cutting through.mp4",16.0,1917,832,480,119.812
i2v,f1s_framewise,120s,"A completely fixed, static, close-range tripod-mounted camera records a massive open-ocean wave pitc.mp4",16.0,1917,832,480,119.812
i2v,f1s_framewise,120s,"A completely fixed, static, close-range tripod-mounted camera records a single large ocean wave curl.mp4",16.0,1917,832,480,119.812
i2v,f1s_framewise,120s,"A completely fixed, static, close-range tripod-mounted camera records a small forest creek cascading.mp4",16.0,1917,832,480,119.812
i2v,f1s_framewise,120s,"A completely fixed, static, low-water-level tripod-mounted camera records a calm mountain river flow.mp4",16.0,1917,832,480,119.812
i2v,f1s_framewise,120s,"A completely fixed, static, tripod-mounted camera records a bright blue sky filled with drifting whi.mp4",16.0,1917,832,480,119.812
i2v,f1s_framewise,120s,"A completely fixed, static, tripod-mounted camera records a channelized urban river running through .mp4",16.0,1917,832,480,119.812
i2v,f1s_framewise,120s,"A completely fixed, static, tripod-mounted camera records a clear river flowing past a grassy bank a.mp4",16.0,1917,832,480,119.812
i2v,f1s_framewise,120s,"A completely fixed, static, tripod-mounted camera records a dense city at dusk with a massive dark p.mp4",16.0,1917,832,480,119.812
i2v,f1s_framewise,120s,"A completely fixed, static, tripod-mounted camera records a desert dust storm advancing across a fla.mp4",16.0,1917,832,480,119.812
i2v,f1s_framewise,120s,"A completely fixed, static, tripod-mounted camera records a fast mountain river running through a ro.mp4",16.0,1917,832,480,119.812
i2v,f1s_framewise,120s,"A completely fixed, static, tripod-mounted camera records a heavy snowfall over a snow-covered alpin.mp4",16.0,1917,832,480,119.812
i2v,f1s_framewise,120s,"A completely fixed, static, tripod-mounted camera records a long row of tall palms thrashing in a tr.mp4",16.0,1917,832,480,119.812
i2v,f1s_framewise,120s,"A completely fixed, static, tripod-mounted camera records a nighttime city skyline backed by a large.mp4",16.0,1917,832,480,119.812
i2v,f1s_framewise,120s,"A completely fixed, static, tripod-mounted camera records a rainy narrow city alley at night in desa.mp4",16.0,1917,832,480,119.812
i2v,f1s_framewise,120s,"A completely fixed, static, tripod-mounted camera records a swollen flood river spilling across subm.mp4",16.0,1917,832,480,119.812
i2v,f1s_framewise,120s,"A completely fixed, static, tripod-mounted camera records a tree-lined city street in autumn with fa.mp4",16.0,1917,832,480,119.812
i2v,f1s_framewise,120s,"A completely fixed, static, tripod-mounted camera records a tropical white-sand beach with a leaning.mp4",16.0,1917,832,480,119.812
i2v,f1s_framewise,120s,"A completely fixed, static, tripod-mounted camera records an active grass-and-brush wildfire spreadi.mp4",16.0,1917,832,480,119.812
i2v,f1s_framewise,120s,"A completely fixed, static, tripod-mounted camera records an extremely heavy daytime snowfall over a.mp4",16.0,1917,832,480,119.812
i2v,f1s_framewise,60s,"A completely fixed, static, macro tripod-mounted camera records heavy urban rainfall from an extreme.mp4",16.0,957,832,480,59.812
i2v,f1s_framewise,60s,"A completely fixed, static, macro-range tripod-mounted camera records a rain-streaked window pane wi.mp4",16.0,957,832,480,59.812
i2v,f1s_framewise,60s,"A completely fixed, static, tripod-mounted camera records a burning forest campfire at night from a .mp4",16.0,957,832,480,59.812
i2v,f1s_framewise,60s,"A completely fixed, static, tripod-mounted camera records a calm overcast coastal beach scene from a.mp4",16.0,957,832,480,59.812
i2v,f1s_framewise,60s,"A completely fixed, static, tripod-mounted camera records a calm winter river from a slightly elevat.mp4",16.0,957,832,480,59.812
i2v,f1s_framewise,60s,"A completely fixed, static, tripod-mounted camera records a clear summer forest stream with boulder .mp4",16.0,957,832,480,59.812
i2v,f1s_framewise,60s,"A completely fixed, static, tripod-mounted camera records a coastal tuff cone headland and the open .mp4",16.0,957,832,480,59.812
i2v,f1s_framewise,60s,"A completely fixed, static, tripod-mounted camera records a desert dust storm sweeping across a flat.mp4",16.0,957,832,480,59.812
i2v,f1s_framewise,60s,"A completely fixed, static, tripod-mounted camera records a fast mountain river cascading over a bou.mp4",16.0,957,832,480,59.812
i2v,f1s_framewise,60s,"A completely fixed, static, tripod-mounted camera records a gentle clear forest stream in a lush gre.mp4",16.0,957,832,480,59.812
i2v,f1s_framewise,60s,"A completely fixed, static, tripod-mounted camera records a heavy daytime snowstorm on a dense city .mp4",16.0,957,832,480,59.812
i2v,f1s_framewise,60s,"A completely fixed, static, tripod-mounted camera records a heavy nighttime snowfall on a quiet hist.mp4",16.0,957,832,480,59.812
i2v,f1s_framewise,60s,"A completely fixed, static, tripod-mounted camera records a lone windswept pine clinging to a bare r.mp4",16.0,957,832,480,59.812
i2v,f1s_framewise,60s,"A completely fixed, static, tripod-mounted camera records a multi-tiered cascading forest stream fro.mp4",16.0,957,832,480,59.812
i2v,f1s_framewise,60s,"A completely fixed, static, tripod-mounted camera records a quiet urban park river at night. The cam.mp4",16.0,957,832,480,59.812
i2v,f1s_framewise,60s,"A completely fixed, static, tripod-mounted camera records a rain-drenched forest path in late aftern.mp4",16.0,957,832,480,59.812
i2v,f1s_framewise,60s,"A completely fixed, static, tripod-mounted camera records a swollen muddy flood torrent surging thro.mp4",16.0,957,832,480,59.812
i2v,f1s_framewise,60s,"A completely fixed, static, tripod-mounted camera records a swollen winter flood river from a low ba.mp4",16.0,957,832,480,59.812
i2v,f1s_framewise,60s,"A completely fixed, static, tripod-mounted camera records a tranquil moonlit ocean seascape at night.mp4",16.0,957,832,480,59.812
i2v,f1s_framewise,60s,"A completely fixed, static, tripod-mounted camera records a tranquil street in a Japanese city durin.mp4",16.0,957,832,480,59.812
i2v,f1s_framewise,60s,"A completely fixed, static, tripod-mounted camera records a tropical beach with overhanging coconut .mp4",16.0,957,832,480,59.812
i2v,f1s_framewise,60s,"A completely fixed, static, tripod-mounted camera records a violent volcanic eruption at deep blue h.mp4",16.0,957,832,480,59.812
i2v,f1s_framewise,60s,"A completely fixed, static, tripod-mounted camera records an active snowfall in a dense mountain spr.mp4",16.0,957,832,480,59.812
i2v,f1s_framewise,60s,"A completely fixed, static, tripod-mounted camera records an active snowfall over a wide open alpine.mp4",16.0,957,832,480,59.812
i2v,f1s_framewise,60s,"A completely fixed, static, tripod-mounted camera records an active volcanic lava ocean entry event .mp4",16.0,957,832,480,59.812
i2v,f1s_framewise,60s,"A completely fixed, static, tripod-mounted camera records an erupting stratovolcano at golden sunset.mp4",16.0,957,832,480,59.812
i2v,f1s_framewise,60s,"A completely fixed, static, tripod-mounted camera records an extremely heavy nighttime snowfall on a.mp4",16.0,957,832,480,59.812
i2v,f1s_framewise,60s,"A completely fixed, static, tripod-mounted camera records moderate rainfall in a cultivated garden a.mp4",16.0,957,832,480,59.812
i2v,f1s_framewise,60s,"A completely fixed, static, tripod-mounted camera records the underside of a long concrete river bri.mp4",16.0,957,832,480,59.812
i2v,f1s_framewise,60s,"A completely fixed, static, tripod-mounted camera records two coconut palms thrashing in a violent t.mp4",16.0,957,832,480,59.812
i2v,f2s_framewise,120s,"A completely fixed, static, aerial tripod-mounted camera records an active lava flow cutting through.mp4",16.0,1917,832,480,119.812
i2v,f2s_framewise,120s,"A completely fixed, static, close-range tripod-mounted camera records a massive open-ocean wave pitc.mp4",16.0,1917,832,480,119.812
i2v,f2s_framewise,120s,"A completely fixed, static, close-range tripod-mounted camera records a single large ocean wave curl.mp4",16.0,1917,832,480,119.812
i2v,f2s_framewise,120s,"A completely fixed, static, close-range tripod-mounted camera records a small forest creek cascading.mp4",16.0,1917,832,480,119.812
i2v,f2s_framewise,120s,"A completely fixed, static, low-water-level tripod-mounted camera records a calm mountain river flow.mp4",16.0,1917,832,480,119.812
i2v,f2s_framewise,120s,"A completely fixed, static, tripod-mounted camera records a bright blue sky filled with drifting whi.mp4",16.0,1917,832,480,119.812
i2v,f2s_framewise,120s,"A completely fixed, static, tripod-mounted camera records a channelized urban river running through .mp4",16.0,1917,832,480,119.812
i2v,f2s_framewise,120s,"A completely fixed, static, tripod-mounted camera records a clear river flowing past a grassy bank a.mp4",16.0,1917,832,480,119.812
i2v,f2s_framewise,120s,"A completely fixed, static, tripod-mounted camera records a dense city at dusk with a massive dark p.mp4",16.0,1917,832,480,119.812
i2v,f2s_framewise,120s,"A completely fixed, static, tripod-mounted camera records a desert dust storm advancing across a fla.mp4",16.0,1917,832,480,119.812
i2v,f2s_framewise,120s,"A completely fixed, static, tripod-mounted camera records a fast mountain river running through a ro.mp4",16.0,1917,832,480,119.812
i2v,f2s_framewise,120s,"A completely fixed, static, tripod-mounted camera records a heavy snowfall over a snow-covered alpin.mp4",16.0,1917,832,480,119.812
i2v,f2s_framewise,120s,"A completely fixed, static, tripod-mounted camera records a long row of tall palms thrashing in a tr.mp4",16.0,1917,832,480,119.812
i2v,f2s_framewise,120s,"A completely fixed, static, tripod-mounted camera records a nighttime city skyline backed by a large.mp4",16.0,1917,832,480,119.812
i2v,f2s_framewise,120s,"A completely fixed, static, tripod-mounted camera records a rainy narrow city alley at night in desa.mp4",16.0,1917,832,480,119.812
i2v,f2s_framewise,120s,"A completely fixed, static, tripod-mounted camera records a swollen flood river spilling across subm.mp4",16.0,1917,832,480,119.812
i2v,f2s_framewise,120s,"A completely fixed, static, tripod-mounted camera records a tree-lined city street in autumn with fa.mp4",16.0,1917,832,480,119.812
i2v,f2s_framewise,120s,"A completely fixed, static, tripod-mounted camera records a tropical white-sand beach with a leaning.mp4",16.0,1917,832,480,119.812
i2v,f2s_framewise,120s,"A completely fixed, static, tripod-mounted camera records an active grass-and-brush wildfire spreadi.mp4",16.0,1917,832,480,119.812
i2v,f2s_framewise,120s,"A completely fixed, static, tripod-mounted camera records an extremely heavy daytime snowfall over a.mp4",16.0,1917,832,480,119.812
i2v,f2s_framewise,240s,"A completely fixed, static, close-range tripod-mounted camera records heavy tropical rain pouring of.mp4",16.0,3837,832,480,239.812
i2v,f2s_framewise,240s,"A completely fixed, static, tripod-mounted camera records a calm tropical bay framed by a large over.mp4",16.0,3837,832,480,239.812
i2v,f2s_framewise,240s,"A completely fixed, static, tripod-mounted camera records a historic Kyoto canal lined with traditio.mp4",16.0,3837,832,480,239.812
i2v,f2s_framewise,240s,"A completely fixed, static, tripod-mounted camera records a tranquil tropical beach with leaning pal.mp4",16.0,3837,832,480,239.812
i2v,f2s_framewise,240s,"A completely fixed, static, tripod-mounted camera records an active braided lava flow advancing acro.mp4",16.0,3837,832,480,239.812
i2v,f2s_framewise,5s,"A completely fixed, static, macro-closeup tripod-mounted camera records heavy rainfall falling direc.mp4",16.0,77,832,480,4.812
i2v,f2s_framewise,5s,"A completely fixed, static, tripod-mounted camera records a burning indoor fireplace from a direct f.mp4",16.0,77,832,480,4.812
i2v,f2s_framewise,5s,"A completely fixed, static, tripod-mounted camera records a calm urban river at deep blue twilight f.mp4",16.0,77,832,480,4.812
i2v,f2s_framewise,5s,"A completely fixed, static, tripod-mounted camera records a catastrophic desert haboob sandstorm app.mp4",16.0,77,832,480,4.812
i2v,f2s_framewise,5s,"A completely fixed, static, tripod-mounted camera records a dense urban residential and commercial d.mp4",16.0,77,832,480,4.812
i2v,f2s_framewise,5s,"A completely fixed, static, tripod-mounted camera records a historic Kyoto canal lined with cherry b.mp4",16.0,77,832,480,4.812
i2v,f2s_framewise,5s,"A completely fixed, static, tripod-mounted camera records an active snowfall over the ornate Bow Bri.mp4",16.0,77,832,480,4.812
i2v,f2s_framewise,5s,"A completely fixed, static, tripod-mounted camera records an active volcanic lava flow field at blue.mp4",16.0,77,832,480,4.812
i2v,f2s_framewise,5s,"A completely fixed, static, tripod-mounted camera records an extremely heavy nighttime snowfall on a.mp4",16.0,77,832,480,4.812
i2v,f2s_framewise,5s,"A completely fixed, static, tripod-mounted camera records an urban intersection fire and explosion e.mp4",16.0,77,832,480,4.812
i2v,f2s_framewise,60s,"A completely fixed, static, macro tripod-mounted camera records heavy urban rainfall from an extreme.mp4",16.0,957,832,480,59.812
i2v,f2s_framewise,60s,"A completely fixed, static, macro-range tripod-mounted camera records a rain-streaked window pane wi.mp4",16.0,957,832,480,59.812
i2v,f2s_framewise,60s,"A completely fixed, static, tripod-mounted camera records a burning forest campfire at night from a .mp4",16.0,957,832,480,59.812
i2v,f2s_framewise,60s,"A completely fixed, static, tripod-mounted camera records a calm overcast coastal beach scene from a.mp4",16.0,957,832,480,59.812
i2v,f2s_framewise,60s,"A completely fixed, static, tripod-mounted camera records a calm winter river from a slightly elevat.mp4",16.0,957,832,480,59.812
i2v,f2s_framewise,60s,"A completely fixed, static, tripod-mounted camera records a clear summer forest stream with boulder .mp4",16.0,957,832,480,59.812
i2v,f2s_framewise,60s,"A completely fixed, static, tripod-mounted camera records a coastal tuff cone headland and the open .mp4",16.0,957,832,480,59.812
i2v,f2s_framewise,60s,"A completely fixed, static, tripod-mounted camera records a desert dust storm sweeping across a flat.mp4",16.0,957,832,480,59.812
i2v,f2s_framewise,60s,"A completely fixed, static, tripod-mounted camera records a fast mountain river cascading over a bou.mp4",16.0,957,832,480,59.812
i2v,f2s_framewise,60s,"A completely fixed, static, tripod-mounted camera records a gentle clear forest stream in a lush gre.mp4",16.0,957,832,480,59.812
i2v,f2s_framewise,60s,"A completely fixed, static, tripod-mounted camera records a heavy daytime snowstorm on a dense city .mp4",16.0,957,832,480,59.812
i2v,f2s_framewise,60s,"A completely fixed, static, tripod-mounted camera records a heavy nighttime snowfall on a quiet hist.mp4",16.0,957,832,480,59.812
i2v,f2s_framewise,60s,"A completely fixed, static, tripod-mounted camera records a lone windswept pine clinging to a bare r.mp4",16.0,957,832,480,59.812
i2v,f2s_framewise,60s,"A completely fixed, static, tripod-mounted camera records a multi-tiered cascading forest stream fro.mp4",16.0,957,832,480,59.812
i2v,f2s_framewise,60s,"A completely fixed, static, tripod-mounted camera records a quiet urban park river at night. The cam.mp4",16.0,957,832,480,59.812
i2v,f2s_framewise,60s,"A completely fixed, static, tripod-mounted camera records a rain-drenched forest path in late aftern.mp4",16.0,957,832,480,59.812
i2v,f2s_framewise,60s,"A completely fixed, static, tripod-mounted camera records a swollen muddy flood torrent surging thro.mp4",16.0,957,832,480,59.812
i2v,f2s_framewise,60s,"A completely fixed, static, tripod-mounted camera records a swollen winter flood river from a low ba.mp4",16.0,957,832,480,59.812
i2v,f2s_framewise,60s,"A completely fixed, static, tripod-mounted camera records a tranquil moonlit ocean seascape at night.mp4",16.0,957,832,480,59.812
i2v,f2s_framewise,60s,"A completely fixed, static, tripod-mounted camera records a tranquil street in a Japanese city durin.mp4",16.0,957,832,480,59.812
i2v,f2s_framewise,60s,"A completely fixed, static, tripod-mounted camera records a tropical beach with overhanging coconut .mp4",16.0,957,832,480,59.812
i2v,f2s_framewise,60s,"A completely fixed, static, tripod-mounted camera records a violent volcanic eruption at deep blue h.mp4",16.0,957,832,480,59.812
i2v,f2s_framewise,60s,"A completely fixed, static, tripod-mounted camera records an active snowfall in a dense mountain spr.mp4",16.0,957,832,480,59.812
i2v,f2s_framewise,60s,"A completely fixed, static, tripod-mounted camera records an active snowfall over a wide open alpine.mp4",16.0,957,832,480,59.812
i2v,f2s_framewise,60s,"A completely fixed, static, tripod-mounted camera records an active volcanic lava ocean entry event .mp4",16.0,957,832,480,59.812
i2v,f2s_framewise,60s,"A completely fixed, static, tripod-mounted camera records an erupting stratovolcano at golden sunset.mp4",16.0,957,832,480,59.812
i2v,f2s_framewise,60s,"A completely fixed, static, tripod-mounted camera records an extremely heavy nighttime snowfall on a.mp4",16.0,957,832,480,59.812
i2v,f2s_framewise,60s,"A completely fixed, static, tripod-mounted camera records moderate rainfall in a cultivated garden a.mp4",16.0,957,832,480,59.812
i2v,f2s_framewise,60s,"A completely fixed, static, tripod-mounted camera records the underside of a long concrete river bri.mp4",16.0,957,832,480,59.812
i2v,f2s_framewise,60s,"A completely fixed, static, tripod-mounted camera records two coconut palms thrashing in a violent t.mp4",16.0,957,832,480,59.812
i2v,ltx_i2v,5s,"A completely fixed, static, macro-closeup tripod-mounted camera records heavy rainfall falling direc.mp4",24.0,121,832,480,5.042
i2v,ltx_i2v,5s,"A completely fixed, static, tripod-mounted camera records a burning indoor fireplace from a direct f.mp4",24.0,121,832,480,5.042
i2v,ltx_i2v,5s,"A completely fixed, static, tripod-mounted camera records a calm urban river at deep blue twilight f.mp4",24.0,121,832,480,5.042
i2v,ltx_i2v,5s,"A completely fixed, static, tripod-mounted camera records a catastrophic desert haboob sandstorm app.mp4",24.0,121,832,480,5.042
i2v,ltx_i2v,5s,"A completely fixed, static, tripod-mounted camera records a dense urban residential and commercial d.mp4",24.0,121,832,480,5.042
i2v,ltx_i2v,5s,"A completely fixed, static, tripod-mounted camera records a historic Kyoto canal lined with cherry b.mp4",24.0,121,832,480,5.042
i2v,ltx_i2v,5s,"A completely fixed, static, tripod-mounted camera records an active snowfall over the ornate Bow Bri.mp4",24.0,121,832,480,5.042
i2v,ltx_i2v,5s,"A completely fixed, static, tripod-mounted camera records an active volcanic lava flow field at blue.mp4",24.0,121,832,480,5.042
i2v,ltx_i2v,5s,"A completely fixed, static, tripod-mounted camera records an extremely heavy nighttime snowfall on a.mp4",24.0,121,832,480,5.042
i2v,ltx_i2v,5s,"A completely fixed, static, tripod-mounted camera records an urban intersection fire and explosion e.mp4",24.0,121,832,480,5.042
i2v,nfpb1_control,120s,"A completely fixed, static, aerial tripod-mounted camera records an active lava flow cutting through.mp4",16.0,1921,832,480,120.062
i2v,nfpb1_control,120s,"A completely fixed, static, close-range tripod-mounted camera records a massive open-ocean wave pitc.mp4",16.0,1921,832,480,120.062
i2v,nfpb1_control,120s,"A completely fixed, static, close-range tripod-mounted camera records a single large ocean wave curl.mp4",16.0,1921,832,480,120.062
i2v,nfpb1_control,120s,"A completely fixed, static, close-range tripod-mounted camera records a small forest creek cascading.mp4",16.0,1921,832,480,120.062
i2v,nfpb1_control,120s,"A completely fixed, static, low-water-level tripod-mounted camera records a calm mountain river flow.mp4",16.0,1921,832,480,120.062
i2v,nfpb1_control,120s,"A completely fixed, static, tripod-mounted camera records a bright blue sky filled with drifting whi.mp4",16.0,1921,832,480,120.062
i2v,nfpb1_control,120s,"A completely fixed, static, tripod-mounted camera records a channelized urban river running through .mp4",16.0,1921,832,480,120.062
i2v,nfpb1_control,120s,"A completely fixed, static, tripod-mounted camera records a clear river flowing past a grassy bank a.mp4",16.0,1921,832,480,120.062
i2v,nfpb1_control,120s,"A completely fixed, static, tripod-mounted camera records a dense city at dusk with a massive dark p.mp4",16.0,1921,832,480,120.062
i2v,nfpb1_control,120s,"A completely fixed, static, tripod-mounted camera records a desert dust storm advancing across a fla.mp4",16.0,1921,832,480,120.062
i2v,nfpb1_control,120s,"A completely fixed, static, tripod-mounted camera records a fast mountain river running through a ro.mp4",16.0,1921,832,480,120.062
i2v,nfpb1_control,120s,"A completely fixed, static, tripod-mounted camera records a heavy snowfall over a snow-covered alpin.mp4",16.0,1921,832,480,120.062
i2v,nfpb1_control,120s,"A completely fixed, static, tripod-mounted camera records a long row of tall palms thrashing in a tr.mp4",16.0,1921,832,480,120.062
i2v,nfpb1_control,120s,"A completely fixed, static, tripod-mounted camera records a nighttime city skyline backed by a large.mp4",16.0,1921,832,480,120.062
i2v,nfpb1_control,120s,"A completely fixed, static, tripod-mounted camera records a rainy narrow city alley at night in desa.mp4",16.0,1921,832,480,120.062
i2v,nfpb1_control,120s,"A completely fixed, static, tripod-mounted camera records a swollen flood river spilling across subm.mp4",16.0,1921,832,480,120.062
i2v,nfpb1_control,120s,"A completely fixed, static, tripod-mounted camera records a tree-lined city street in autumn with fa.mp4",16.0,1921,832,480,120.062
i2v,nfpb1_control,120s,"A completely fixed, static, tripod-mounted camera records a tropical white-sand beach with a leaning.mp4",16.0,1921,832,480,120.062
i2v,nfpb1_control,120s,"A completely fixed, static, tripod-mounted camera records an active grass-and-brush wildfire spreadi.mp4",16.0,1921,832,480,120.062
i2v,nfpb1_control,120s,"A completely fixed, static, tripod-mounted camera records an extremely heavy daytime snowfall over a.mp4",16.0,1921,832,480,120.062
i2v,nfpb1_control,5s,"A completely fixed, static, macro-closeup tripod-mounted camera records heavy rainfall falling direc.mp4",16.0,97,832,480,6.062
i2v,nfpb1_control,5s,"A completely fixed, static, tripod-mounted camera records a burning indoor fireplace from a direct f.mp4",16.0,97,832,480,6.062
i2v,nfpb1_control,5s,"A completely fixed, static, tripod-mounted camera records a calm urban river at deep blue twilight f.mp4",16.0,97,832,480,6.062
i2v,nfpb1_control,5s,"A completely fixed, static, tripod-mounted camera records a catastrophic desert haboob sandstorm app.mp4",16.0,97,832,480,6.062
i2v,nfpb1_control,5s,"A completely fixed, static, tripod-mounted camera records a dense urban residential and commercial d.mp4",16.0,97,832,480,6.062
i2v,nfpb1_control,5s,"A completely fixed, static, tripod-mounted camera records a historic Kyoto canal lined with cherry b.mp4",16.0,97,832,480,6.062
i2v,nfpb1_control,5s,"A completely fixed, static, tripod-mounted camera records an active snowfall over the ornate Bow Bri.mp4",16.0,97,832,480,6.062
i2v,nfpb1_control,5s,"A completely fixed, static, tripod-mounted camera records an active volcanic lava flow field at blue.mp4",16.0,97,832,480,6.062
i2v,nfpb1_control,5s,"A completely fixed, static, tripod-mounted camera records an extremely heavy nighttime snowfall on a.mp4",16.0,97,832,480,6.062
i2v,nfpb1_control,5s,"A completely fixed, static, tripod-mounted camera records an urban intersection fire and explosion e.mp4",16.0,97,832,480,6.062
i2v,nfpb1_control,60s,"A completely fixed, static, macro tripod-mounted camera records heavy urban rainfall from an extreme.mp4",16.0,961,832,480,60.062
i2v,nfpb1_control,60s,"A completely fixed, static, macro-range tripod-mounted camera records a rain-streaked window pane wi.mp4",16.0,961,832,480,60.062
i2v,nfpb1_control,60s,"A completely fixed, static, tripod-mounted camera records a burning forest campfire at night from a .mp4",16.0,961,832,480,60.062
i2v,nfpb1_control,60s,"A completely fixed, static, tripod-mounted camera records a calm overcast coastal beach scene from a.mp4",16.0,961,832,480,60.062
i2v,nfpb1_control,60s,"A completely fixed, static, tripod-mounted camera records a calm winter river from a slightly elevat.mp4",16.0,961,832,480,60.062
i2v,nfpb1_control,60s,"A completely fixed, static, tripod-mounted camera records a clear summer forest stream with boulder .mp4",16.0,961,832,480,60.062
i2v,nfpb1_control,60s,"A completely fixed, static, tripod-mounted camera records a coastal tuff cone headland and the open .mp4",16.0,961,832,480,60.062
i2v,nfpb1_control,60s,"A completely fixed, static, tripod-mounted camera records a desert dust storm sweeping across a flat.mp4",16.0,961,832,480,60.062
i2v,nfpb1_control,60s,"A completely fixed, static, tripod-mounted camera records a fast mountain river cascading over a bou.mp4",16.0,961,832,480,60.062
i2v,nfpb1_control,60s,"A completely fixed, static, tripod-mounted camera records a gentle clear forest stream in a lush gre.mp4",16.0,961,832,480,60.062
i2v,nfpb1_control,60s,"A completely fixed, static, tripod-mounted camera records a heavy daytime snowstorm on a dense city .mp4",16.0,961,832,480,60.062
i2v,nfpb1_control,60s,"A completely fixed, static, tripod-mounted camera records a heavy nighttime snowfall on a quiet hist.mp4",16.0,961,832,480,60.062
i2v,nfpb1_control,60s,"A completely fixed, static, tripod-mounted camera records a lone windswept pine clinging to a bare r.mp4",16.0,961,832,480,60.062
i2v,nfpb1_control,60s,"A completely fixed, static, tripod-mounted camera records a multi-tiered cascading forest stream fro.mp4",16.0,961,832,480,60.062
i2v,nfpb1_control,60s,"A completely fixed, static, tripod-mounted camera records a quiet urban park river at night. The cam.mp4",16.0,961,832,480,60.062
i2v,nfpb1_control,60s,"A completely fixed, static, tripod-mounted camera records a rain-drenched forest path in late aftern.mp4",16.0,961,832,480,60.062
i2v,nfpb1_control,60s,"A completely fixed, static, tripod-mounted camera records a swollen muddy flood torrent surging thro.mp4",16.0,961,832,480,60.062
i2v,nfpb1_control,60s,"A completely fixed, static, tripod-mounted camera records a swollen winter flood river from a low ba.mp4",16.0,961,832,480,60.062
i2v,nfpb1_control,60s,"A completely fixed, static, tripod-mounted camera records a tranquil moonlit ocean seascape at night.mp4",16.0,961,832,480,60.062
i2v,nfpb1_control,60s,"A completely fixed, static, tripod-mounted camera records a tranquil street in a Japanese city durin.mp4",16.0,961,832,480,60.062
i2v,nfpb1_control,60s,"A completely fixed, static, tripod-mounted camera records a tropical beach with overhanging coconut .mp4",16.0,961,832,480,60.062
i2v,nfpb1_control,60s,"A completely fixed, static, tripod-mounted camera records a violent volcanic eruption at deep blue h.mp4",16.0,961,832,480,60.062
i2v,nfpb1_control,60s,"A completely fixed, static, tripod-mounted camera records an active snowfall in a dense mountain spr.mp4",16.0,961,832,480,60.062
i2v,nfpb1_control,60s,"A completely fixed, static, tripod-mounted camera records an active snowfall over a wide open alpine.mp4",16.0,961,832,480,60.062
i2v,nfpb1_control,60s,"A completely fixed, static, tripod-mounted camera records an active volcanic lava ocean entry event .mp4",16.0,961,832,480,60.062
i2v,nfpb1_control,60s,"A completely fixed, static, tripod-mounted camera records an erupting stratovolcano at golden sunset.mp4",16.0,961,832,480,60.062
i2v,nfpb1_control,60s,"A completely fixed, static, tripod-mounted camera records an extremely heavy nighttime snowfall on a.mp4",16.0,961,832,480,60.062
i2v,nfpb1_control,60s,"A completely fixed, static, tripod-mounted camera records moderate rainfall in a cultivated garden a.mp4",16.0,961,832,480,60.062
i2v,nfpb1_control,60s,"A completely fixed, static, tripod-mounted camera records the underside of a long concrete river bri.mp4",16.0,961,832,480,60.062
i2v,nfpb1_control,60s,"A completely fixed, static, tripod-mounted camera records two coconut palms thrashing in a violent t.mp4",16.0,961,832,480,60.062
i2v,nfpb1_control_at_nfpb1,60s,"A completely fixed, static, macro tripod-mounted camera records heavy urban rainfall from an extreme.mp4",16.0,957,832,480,59.812
i2v,nfpb1_control_at_nfpb1,60s,"A completely fixed, static, macro-range tripod-mounted camera records a rain-streaked window pane wi.mp4",16.0,957,832,480,59.812
i2v,nfpb1_control_at_nfpb1,60s,"A completely fixed, static, tripod-mounted camera records a burning forest campfire at night from a .mp4",16.0,957,832,480,59.812
i2v,nfpb1_control_at_nfpb1,60s,"A completely fixed, static, tripod-mounted camera records a calm overcast coastal beach scene from a.mp4",16.0,957,832,480,59.812
i2v,nfpb1_control_at_nfpb1,60s,"A completely fixed, static, tripod-mounted camera records a calm winter river from a slightly elevat.mp4",16.0,957,832,480,59.812
i2v,nfpb1_control_at_nfpb1,60s,"A completely fixed, static, tripod-mounted camera records a clear summer forest stream with boulder .mp4",16.0,957,832,480,59.812
i2v,nfpb1_control_at_nfpb1,60s,"A completely fixed, static, tripod-mounted camera records a coastal tuff cone headland and the open .mp4",16.0,957,832,480,59.812
i2v,nfpb1_control_at_nfpb1,60s,"A completely fixed, static, tripod-mounted camera records a desert dust storm sweeping across a flat.mp4",16.0,957,832,480,59.812
i2v,nfpb1_control_at_nfpb1,60s,"A completely fixed, static, tripod-mounted camera records a fast mountain river cascading over a bou.mp4",16.0,957,832,480,59.812
i2v,nfpb1_control_at_nfpb1,60s,"A completely fixed, static, tripod-mounted camera records a gentle clear forest stream in a lush gre.mp4",16.0,957,832,480,59.812
i2v,nfpb1_control_at_nfpb1,60s,"A completely fixed, static, tripod-mounted camera records a heavy daytime snowstorm on a dense city .mp4",16.0,957,832,480,59.812
i2v,nfpb1_control_at_nfpb1,60s,"A completely fixed, static, tripod-mounted camera records a heavy nighttime snowfall on a quiet hist.mp4",16.0,957,832,480,59.812
i2v,nfpb1_control_at_nfpb1,60s,"A completely fixed, static, tripod-mounted camera records a lone windswept pine clinging to a bare r.mp4",16.0,957,832,480,59.812
i2v,nfpb1_control_at_nfpb1,60s,"A completely fixed, static, tripod-mounted camera records a multi-tiered cascading forest stream fro.mp4",16.0,957,832,480,59.812
i2v,nfpb1_control_at_nfpb1,60s,"A completely fixed, static, tripod-mounted camera records a quiet urban park river at night. The cam.mp4",16.0,957,832,480,59.812
i2v,nfpb1_control_at_nfpb1,60s,"A completely fixed, static, tripod-mounted camera records a rain-drenched forest path in late aftern.mp4",16.0,957,832,480,59.812
i2v,nfpb1_control_at_nfpb1,60s,"A completely fixed, static, tripod-mounted camera records a swollen muddy flood torrent surging thro.mp4",16.0,957,832,480,59.812
i2v,nfpb1_control_at_nfpb1,60s,"A completely fixed, static, tripod-mounted camera records a swollen winter flood river from a low ba.mp4",16.0,957,832,480,59.812
i2v,nfpb1_control_at_nfpb1,60s,"A completely fixed, static, tripod-mounted camera records a tranquil moonlit ocean seascape at night.mp4",16.0,957,832,480,59.812
i2v,nfpb1_control_at_nfpb1,60s,"A completely fixed, static, tripod-mounted camera records a tranquil street in a Japanese city durin.mp4",16.0,957,832,480,59.812
i2v,nfpb1_control_at_nfpb1,60s,"A completely fixed, static, tripod-mounted camera records a tropical beach with overhanging coconut .mp4",16.0,957,832,480,59.812
i2v,nfpb1_control_at_nfpb1,60s,"A completely fixed, static, tripod-mounted camera records a violent volcanic eruption at deep blue h.mp4",16.0,957,832,480,59.812
i2v,nfpb1_control_at_nfpb1,60s,"A completely fixed, static, tripod-mounted camera records an active snowfall in a dense mountain spr.mp4",16.0,957,832,480,59.812
i2v,nfpb1_control_at_nfpb1,60s,"A completely fixed, static, tripod-mounted camera records an active snowfall over a wide open alpine.mp4",16.0,957,832,480,59.812
i2v,nfpb1_control_at_nfpb1,60s,"A completely fixed, static, tripod-mounted camera records an active volcanic lava ocean entry event .mp4",16.0,957,832,480,59.812
i2v,nfpb1_control_at_nfpb1,60s,"A completely fixed, static, tripod-mounted camera records an erupting stratovolcano at golden sunset.mp4",16.0,957,832,480,59.812
i2v,nfpb1_control_at_nfpb1,60s,"A completely fixed, static, tripod-mounted camera records an extremely heavy nighttime snowfall on a.mp4",16.0,957,832,480,59.812
i2v,nfpb1_control_at_nfpb1,60s,"A completely fixed, static, tripod-mounted camera records moderate rainfall in a cultivated garden a.mp4",16.0,957,832,480,59.812
i2v,nfpb1_control_at_nfpb1,60s,"A completely fixed, static, tripod-mounted camera records the underside of a long concrete river bri.mp4",16.0,957,832,480,59.812
i2v,nfpb1_control_at_nfpb1,60s,"A completely fixed, static, tripod-mounted camera records two coconut palms thrashing in a violent t.mp4",16.0,957,832,480,59.812
i2v,nfpb1_control_cm,120s,"A completely fixed, static, aerial tripod-mounted camera records an active lava flow cutting through.mp4",16.0,1921,832,480,120.062
i2v,nfpb1_control_cm,120s,"A completely fixed, static, close-range tripod-mounted camera records a massive open-ocean wave pitc.mp4",16.0,1921,832,480,120.062
i2v,nfpb1_control_cm,120s,"A completely fixed, static, close-range tripod-mounted camera records a single large ocean wave curl.mp4",16.0,1921,832,480,120.062
i2v,nfpb1_control_cm,120s,"A completely fixed, static, close-range tripod-mounted camera records a small forest creek cascading.mp4",16.0,1921,832,480,120.062
i2v,nfpb1_control_cm,120s,"A completely fixed, static, low-water-level tripod-mounted camera records a calm mountain river flow.mp4",16.0,1921,832,480,120.062
i2v,nfpb1_control_cm,120s,"A completely fixed, static, tripod-mounted camera records a bright blue sky filled with drifting whi.mp4",16.0,1921,832,480,120.062
i2v,nfpb1_control_cm,120s,"A completely fixed, static, tripod-mounted camera records a channelized urban river running through .mp4",16.0,1921,832,480,120.062
i2v,nfpb1_control_cm,120s,"A completely fixed, static, tripod-mounted camera records a clear river flowing past a grassy bank a.mp4",16.0,1921,832,480,120.062
i2v,nfpb1_control_cm,120s,"A completely fixed, static, tripod-mounted camera records a dense city at dusk with a massive dark p.mp4",16.0,1921,832,480,120.062
i2v,nfpb1_control_cm,120s,"A completely fixed, static, tripod-mounted camera records a desert dust storm advancing across a fla.mp4",16.0,1921,832,480,120.062
i2v,nfpb1_control_cm,120s,"A completely fixed, static, tripod-mounted camera records a fast mountain river running through a ro.mp4",16.0,1921,832,480,120.062
i2v,nfpb1_control_cm,120s,"A completely fixed, static, tripod-mounted camera records a heavy snowfall over a snow-covered alpin.mp4",16.0,1921,832,480,120.062
i2v,nfpb1_control_cm,120s,"A completely fixed, static, tripod-mounted camera records a long row of tall palms thrashing in a tr.mp4",16.0,1921,832,480,120.062
i2v,nfpb1_control_cm,120s,"A completely fixed, static, tripod-mounted camera records a nighttime city skyline backed by a large.mp4",16.0,1921,832,480,120.062
i2v,nfpb1_control_cm,120s,"A completely fixed, static, tripod-mounted camera records a rainy narrow city alley at night in desa.mp4",16.0,1921,832,480,120.062
i2v,nfpb1_control_cm,120s,"A completely fixed, static, tripod-mounted camera records a swollen flood river spilling across subm.mp4",16.0,1921,832,480,120.062
i2v,nfpb1_control_cm,120s,"A completely fixed, static, tripod-mounted camera records a tree-lined city street in autumn with fa.mp4",16.0,1921,832,480,120.062
i2v,nfpb1_control_cm,120s,"A completely fixed, static, tripod-mounted camera records a tropical white-sand beach with a leaning.mp4",16.0,1921,832,480,120.062
i2v,nfpb1_control_cm,120s,"A completely fixed, static, tripod-mounted camera records an active grass-and-brush wildfire spreadi.mp4",16.0,1921,832,480,120.062
i2v,nfpb1_control_cm,120s,"A completely fixed, static, tripod-mounted camera records an extremely heavy daytime snowfall over a.mp4",16.0,1921,832,480,120.062
i2v,nfpb1_control_cm,60s,"A completely fixed, static, macro tripod-mounted camera records heavy urban rainfall from an extreme.mp4",16.0,961,832,480,60.062
i2v,nfpb1_control_cm,60s,"A completely fixed, static, macro-range tripod-mounted camera records a rain-streaked window pane wi.mp4",16.0,961,832,480,60.062
i2v,nfpb1_control_cm,60s,"A completely fixed, static, tripod-mounted camera records a burning forest campfire at night from a .mp4",16.0,961,832,480,60.062
i2v,nfpb1_control_cm,60s,"A completely fixed, static, tripod-mounted camera records a calm overcast coastal beach scene from a.mp4",16.0,961,832,480,60.062
i2v,nfpb1_control_cm,60s,"A completely fixed, static, tripod-mounted camera records a calm winter river from a slightly elevat.mp4",16.0,961,832,480,60.062
i2v,nfpb1_control_cm,60s,"A completely fixed, static, tripod-mounted camera records a clear summer forest stream with boulder .mp4",16.0,961,832,480,60.062
i2v,nfpb1_control_cm,60s,"A completely fixed, static, tripod-mounted camera records a coastal tuff cone headland and the open .mp4",16.0,961,832,480,60.062
i2v,nfpb1_control_cm,60s,"A completely fixed, static, tripod-mounted camera records a desert dust storm sweeping across a flat.mp4",16.0,961,832,480,60.062
i2v,nfpb1_control_cm,60s,"A completely fixed, static, tripod-mounted camera records a fast mountain river cascading over a bou.mp4",16.0,961,832,480,60.062
i2v,nfpb1_control_cm,60s,"A completely fixed, static, tripod-mounted camera records a gentle clear forest stream in a lush gre.mp4",16.0,961,832,480,60.062
i2v,nfpb1_control_cm,60s,"A completely fixed, static, tripod-mounted camera records a heavy daytime snowstorm on a dense city .mp4",16.0,961,832,480,60.062
i2v,nfpb1_control_cm,60s,"A completely fixed, static, tripod-mounted camera records a heavy nighttime snowfall on a quiet hist.mp4",16.0,961,832,480,60.062
i2v,nfpb1_control_cm,60s,"A completely fixed, static, tripod-mounted camera records a lone windswept pine clinging to a bare r.mp4",16.0,961,832,480,60.062
i2v,nfpb1_control_cm,60s,"A completely fixed, static, tripod-mounted camera records a multi-tiered cascading forest stream fro.mp4",16.0,961,832,480,60.062
i2v,nfpb1_control_cm,60s,"A completely fixed, static, tripod-mounted camera records a quiet urban park river at night. The cam.mp4",16.0,961,832,480,60.062
i2v,nfpb1_control_cm,60s,"A completely fixed, static, tripod-mounted camera records a rain-drenched forest path in late aftern.mp4",16.0,961,832,480,60.062
i2v,nfpb1_control_cm,60s,"A completely fixed, static, tripod-mounted camera records a swollen muddy flood torrent surging thro.mp4",16.0,961,832,480,60.062
i2v,nfpb1_control_cm,60s,"A completely fixed, static, tripod-mounted camera records a swollen winter flood river from a low ba.mp4",16.0,961,832,480,60.062
i2v,nfpb1_control_cm,60s,"A completely fixed, static, tripod-mounted camera records a tranquil moonlit ocean seascape at night.mp4",16.0,961,832,480,60.062
i2v,nfpb1_control_cm,60s,"A completely fixed, static, tripod-mounted camera records a tranquil street in a Japanese city durin.mp4",16.0,961,832,480,60.062
i2v,nfpb1_control_cm,60s,"A completely fixed, static, tripod-mounted camera records a tropical beach with overhanging coconut .mp4",16.0,961,832,480,60.062
i2v,nfpb1_control_cm,60s,"A completely fixed, static, tripod-mounted camera records a violent volcanic eruption at deep blue h.mp4",16.0,961,832,480,60.062
i2v,nfpb1_control_cm,60s,"A completely fixed, static, tripod-mounted camera records an active snowfall in a dense mountain spr.mp4",16.0,961,832,480,60.062
i2v,nfpb1_control_cm,60s,"A completely fixed, static, tripod-mounted camera records an active snowfall over a wide open alpine.mp4",16.0,961,832,480,60.062
i2v,nfpb1_control_cm,60s,"A completely fixed, static, tripod-mounted camera records an active volcanic lava ocean entry event .mp4",16.0,961,832,480,60.062
i2v,nfpb1_control_cm,60s,"A completely fixed, static, tripod-mounted camera records an erupting stratovolcano at golden sunset.mp4",16.0,961,832,480,60.062
i2v,nfpb1_control_cm,60s,"A completely fixed, static, tripod-mounted camera records an extremely heavy nighttime snowfall on a.mp4",16.0,961,832,480,60.062
i2v,nfpb1_control_cm,60s,"A completely fixed, static, tripod-mounted camera records moderate rainfall in a cultivated garden a.mp4",16.0,961,832,480,60.062
i2v,nfpb1_control_cm,60s,"A completely fixed, static, tripod-mounted camera records the underside of a long concrete river bri.mp4",16.0,961,832,480,60.062
i2v,nfpb1_control_cm,60s,"A completely fixed, static, tripod-mounted camera records two coconut palms thrashing in a violent t.mp4",16.0,961,832,480,60.062
i2v,phase7_000100,120s,"A completely fixed, static, aerial tripod-mounted camera records an active lava flow cutting through.mp4",16.0,1921,832,480,120.062
i2v,phase7_000100,120s,"A completely fixed, static, close-range tripod-mounted camera records a massive open-ocean wave pitc.mp4",16.0,1921,832,480,120.062
i2v,phase7_000100,120s,"A completely fixed, static, close-range tripod-mounted camera records a single large ocean wave curl.mp4",16.0,1921,832,480,120.062
i2v,phase7_000100,120s,"A completely fixed, static, close-range tripod-mounted camera records a small forest creek cascading.mp4",16.0,1921,832,480,120.062
i2v,phase7_000100,120s,"A completely fixed, static, low-water-level tripod-mounted camera records a calm mountain river flow.mp4",16.0,1921,832,480,120.062
i2v,phase7_000100,120s,"A completely fixed, static, tripod-mounted camera records a bright blue sky filled with drifting whi.mp4",16.0,1921,832,480,120.062
i2v,phase7_000100,120s,"A completely fixed, static, tripod-mounted camera records a channelized urban river running through .mp4",16.0,1921,832,480,120.062
i2v,phase7_000100,120s,"A completely fixed, static, tripod-mounted camera records a clear river flowing past a grassy bank a.mp4",16.0,1921,832,480,120.062
i2v,phase7_000100,120s,"A completely fixed, static, tripod-mounted camera records a dense city at dusk with a massive dark p.mp4",16.0,1921,832,480,120.062
i2v,phase7_000100,120s,"A completely fixed, static, tripod-mounted camera records a desert dust storm advancing across a fla.mp4",16.0,1921,832,480,120.062
i2v,phase7_000100,120s,"A completely fixed, static, tripod-mounted camera records a fast mountain river running through a ro.mp4",16.0,1921,832,480,120.062
i2v,phase7_000100,120s,"A completely fixed, static, tripod-mounted camera records a heavy snowfall over a snow-covered alpin.mp4",16.0,1921,832,480,120.062
i2v,phase7_000100,120s,"A completely fixed, static, tripod-mounted camera records a long row of tall palms thrashing in a tr.mp4",16.0,1921,832,480,120.062
i2v,phase7_000100,120s,"A completely fixed, static, tripod-mounted camera records a nighttime city skyline backed by a large.mp4",16.0,1921,832,480,120.062
i2v,phase7_000100,120s,"A completely fixed, static, tripod-mounted camera records a rainy narrow city alley at night in desa.mp4",16.0,1921,832,480,120.062
i2v,phase7_000100,120s,"A completely fixed, static, tripod-mounted camera records a swollen flood river spilling across subm.mp4",16.0,1921,832,480,120.062
i2v,phase7_000100,120s,"A completely fixed, static, tripod-mounted camera records a tree-lined city street in autumn with fa.mp4",16.0,1921,832,480,120.062
i2v,phase7_000100,120s,"A completely fixed, static, tripod-mounted camera records a tropical white-sand beach with a leaning.mp4",16.0,1921,832,480,120.062
i2v,phase7_000100,120s,"A completely fixed, static, tripod-mounted camera records an active grass-and-brush wildfire spreadi.mp4",16.0,1921,832,480,120.062
i2v,phase7_000100,120s,"A completely fixed, static, tripod-mounted camera records an extremely heavy daytime snowfall over a.mp4",16.0,1921,832,480,120.062
i2v,phase7_000100,60s,"A completely fixed, static, macro tripod-mounted camera records heavy urban rainfall from an extreme.mp4",16.0,961,832,480,60.062
i2v,phase7_000100,60s,"A completely fixed, static, macro-range tripod-mounted camera records a rain-streaked window pane wi.mp4",16.0,961,832,480,60.062
i2v,phase7_000100,60s,"A completely fixed, static, tripod-mounted camera records a burning forest campfire at night from a .mp4",16.0,961,832,480,60.062
i2v,phase7_000100,60s,"A completely fixed, static, tripod-mounted camera records a calm overcast coastal beach scene from a.mp4",16.0,961,832,480,60.062
i2v,phase7_000100,60s,"A completely fixed, static, tripod-mounted camera records a calm winter river from a slightly elevat.mp4",16.0,961,832,480,60.062
i2v,phase7_000100,60s,"A completely fixed, static, tripod-mounted camera records a clear summer forest stream with boulder .mp4",16.0,961,832,480,60.062
i2v,phase7_000100,60s,"A completely fixed, static, tripod-mounted camera records a coastal tuff cone headland and the open .mp4",16.0,961,832,480,60.062
i2v,phase7_000100,60s,"A completely fixed, static, tripod-mounted camera records a desert dust storm sweeping across a flat.mp4",16.0,961,832,480,60.062
i2v,phase7_000100,60s,"A completely fixed, static, tripod-mounted camera records a fast mountain river cascading over a bou.mp4",16.0,961,832,480,60.062
i2v,phase7_000100,60s,"A completely fixed, static, tripod-mounted camera records a gentle clear forest stream in a lush gre.mp4",16.0,961,832,480,60.062
i2v,phase7_000100,60s,"A completely fixed, static, tripod-mounted camera records a heavy daytime snowstorm on a dense city .mp4",16.0,961,832,480,60.062
i2v,phase7_000100,60s,"A completely fixed, static, tripod-mounted camera records a heavy nighttime snowfall on a quiet hist.mp4",16.0,961,832,480,60.062
i2v,phase7_000100,60s,"A completely fixed, static, tripod-mounted camera records a lone windswept pine clinging to a bare r.mp4",16.0,961,832,480,60.062
i2v,phase7_000100,60s,"A completely fixed, static, tripod-mounted camera records a multi-tiered cascading forest stream fro.mp4",16.0,961,832,480,60.062
i2v,phase7_000100,60s,"A completely fixed, static, tripod-mounted camera records a quiet urban park river at night. The cam.mp4",16.0,961,832,480,60.062
i2v,phase7_000100,60s,"A completely fixed, static, tripod-mounted camera records a rain-drenched forest path in late aftern.mp4",16.0,961,832,480,60.062
i2v,phase7_000100,60s,"A completely fixed, static, tripod-mounted camera records a swollen muddy flood torrent surging thro.mp4",16.0,961,832,480,60.062
i2v,phase7_000100,60s,"A completely fixed, static, tripod-mounted camera records a swollen winter flood river from a low ba.mp4",16.0,961,832,480,60.062
i2v,phase7_000100,60s,"A completely fixed, static, tripod-mounted camera records a tranquil moonlit ocean seascape at night.mp4",16.0,961,832,480,60.062
i2v,phase7_000100,60s,"A completely fixed, static, tripod-mounted camera records a tranquil street in a Japanese city durin.mp4",16.0,961,832,480,60.062
i2v,phase7_000100,60s,"A completely fixed, static, tripod-mounted camera records a tropical beach with overhanging coconut .mp4",16.0,961,832,480,60.062
i2v,phase7_000100,60s,"A completely fixed, static, tripod-mounted camera records a violent volcanic eruption at deep blue h.mp4",16.0,961,832,480,60.062
i2v,phase7_000100,60s,"A completely fixed, static, tripod-mounted camera records an active snowfall in a dense mountain spr.mp4",16.0,961,832,480,60.062
i2v,phase7_000100,60s,"A completely fixed, static, tripod-mounted camera records an active snowfall over a wide open alpine.mp4",16.0,961,832,480,60.062
i2v,phase7_000100,60s,"A completely fixed, static, tripod-mounted camera records an active volcanic lava ocean entry event .mp4",16.0,961,832,480,60.062
i2v,phase7_000100,60s,"A completely fixed, static, tripod-mounted camera records an erupting stratovolcano at golden sunset.mp4",16.0,961,832,480,60.062
i2v,phase7_000100,60s,"A completely fixed, static, tripod-mounted camera records an extremely heavy nighttime snowfall on a.mp4",16.0,961,832,480,60.062
i2v,phase7_000100,60s,"A completely fixed, static, tripod-mounted camera records moderate rainfall in a cultivated garden a.mp4",16.0,961,832,480,60.062
i2v,phase7_000100,60s,"A completely fixed, static, tripod-mounted camera records the underside of a long concrete river bri.mp4",16.0,961,832,480,60.062
i2v,phase7_000100,60s,"A completely fixed, static, tripod-mounted camera records two coconut palms thrashing in a violent t.mp4",16.0,961,832,480,60.062
i2v,phase7_000200,120s,"A completely fixed, static, aerial tripod-mounted camera records an active lava flow cutting through.mp4",16.0,1921,832,480,120.062
i2v,phase7_000200,120s,"A completely fixed, static, close-range tripod-mounted camera records a massive open-ocean wave pitc.mp4",16.0,1921,832,480,120.062
i2v,phase7_000200,120s,"A completely fixed, static, close-range tripod-mounted camera records a single large ocean wave curl.mp4",16.0,1921,832,480,120.062
i2v,phase7_000200,120s,"A completely fixed, static, close-range tripod-mounted camera records a small forest creek cascading.mp4",16.0,1921,832,480,120.062
i2v,phase7_000200,120s,"A completely fixed, static, low-water-level tripod-mounted camera records a calm mountain river flow.mp4",16.0,1921,832,480,120.062
i2v,phase7_000200,120s,"A completely fixed, static, tripod-mounted camera records a bright blue sky filled with drifting whi.mp4",16.0,1921,832,480,120.062
i2v,phase7_000200,120s,"A completely fixed, static, tripod-mounted camera records a channelized urban river running through .mp4",16.0,1921,832,480,120.062
i2v,phase7_000200,120s,"A completely fixed, static, tripod-mounted camera records a clear river flowing past a grassy bank a.mp4",16.0,1921,832,480,120.062
i2v,phase7_000200,120s,"A completely fixed, static, tripod-mounted camera records a dense city at dusk with a massive dark p.mp4",16.0,1921,832,480,120.062
i2v,phase7_000200,120s,"A completely fixed, static, tripod-mounted camera records a desert dust storm advancing across a fla.mp4",16.0,1921,832,480,120.062
i2v,phase7_000200,120s,"A completely fixed, static, tripod-mounted camera records a fast mountain river running through a ro.mp4",16.0,1921,832,480,120.062
i2v,phase7_000200,120s,"A completely fixed, static, tripod-mounted camera records a heavy snowfall over a snow-covered alpin.mp4",16.0,1921,832,480,120.062
i2v,phase7_000200,120s,"A completely fixed, static, tripod-mounted camera records a long row of tall palms thrashing in a tr.mp4",16.0,1921,832,480,120.062
i2v,phase7_000200,120s,"A completely fixed, static, tripod-mounted camera records a nighttime city skyline backed by a large.mp4",16.0,1921,832,480,120.062
i2v,phase7_000200,120s,"A completely fixed, static, tripod-mounted camera records a rainy narrow city alley at night in desa.mp4",16.0,1921,832,480,120.062
i2v,phase7_000200,120s,"A completely fixed, static, tripod-mounted camera records a swollen flood river spilling across subm.mp4",16.0,1921,832,480,120.062
i2v,phase7_000200,120s,"A completely fixed, static, tripod-mounted camera records a tree-lined city street in autumn with fa.mp4",16.0,1921,832,480,120.062
i2v,phase7_000200,120s,"A completely fixed, static, tripod-mounted camera records a tropical white-sand beach with a leaning.mp4",16.0,1921,832,480,120.062
i2v,phase7_000200,120s,"A completely fixed, static, tripod-mounted camera records an active grass-and-brush wildfire spreadi.mp4",16.0,1921,832,480,120.062
i2v,phase7_000200,120s,"A completely fixed, static, tripod-mounted camera records an extremely heavy daytime snowfall over a.mp4",16.0,1921,832,480,120.062
i2v,phase7_000200,60s,"A completely fixed, static, macro tripod-mounted camera records heavy urban rainfall from an extreme.mp4",16.0,961,832,480,60.062
i2v,phase7_000200,60s,"A completely fixed, static, macro-range tripod-mounted camera records a rain-streaked window pane wi.mp4",16.0,961,832,480,60.062
i2v,phase7_000200,60s,"A completely fixed, static, tripod-mounted camera records a burning forest campfire at night from a .mp4",16.0,961,832,480,60.062
i2v,phase7_000200,60s,"A completely fixed, static, tripod-mounted camera records a calm overcast coastal beach scene from a.mp4",16.0,961,832,480,60.062
i2v,phase7_000200,60s,"A completely fixed, static, tripod-mounted camera records a calm winter river from a slightly elevat.mp4",16.0,961,832,480,60.062
i2v,phase7_000200,60s,"A completely fixed, static, tripod-mounted camera records a clear summer forest stream with boulder .mp4",16.0,961,832,480,60.062
i2v,phase7_000200,60s,"A completely fixed, static, tripod-mounted camera records a coastal tuff cone headland and the open .mp4",16.0,961,832,480,60.062
i2v,phase7_000200,60s,"A completely fixed, static, tripod-mounted camera records a desert dust storm sweeping across a flat.mp4",16.0,961,832,480,60.062
i2v,phase7_000200,60s,"A completely fixed, static, tripod-mounted camera records a fast mountain river cascading over a bou.mp4",16.0,961,832,480,60.062
i2v,phase7_000200,60s,"A completely fixed, static, tripod-mounted camera records a gentle clear forest stream in a lush gre.mp4",16.0,961,832,480,60.062
i2v,phase7_000200,60s,"A completely fixed, static, tripod-mounted camera records a heavy daytime snowstorm on a dense city .mp4",16.0,961,832,480,60.062
i2v,phase7_000200,60s,"A completely fixed, static, tripod-mounted camera records a heavy nighttime snowfall on a quiet hist.mp4",16.0,961,832,480,60.062
i2v,phase7_000200,60s,"A completely fixed, static, tripod-mounted camera records a lone windswept pine clinging to a bare r.mp4",16.0,961,832,480,60.062
i2v,phase7_000200,60s,"A completely fixed, static, tripod-mounted camera records a multi-tiered cascading forest stream fro.mp4",16.0,961,832,480,60.062
i2v,phase7_000200,60s,"A completely fixed, static, tripod-mounted camera records a quiet urban park river at night. The cam.mp4",16.0,961,832,480,60.062
i2v,phase7_000200,60s,"A completely fixed, static, tripod-mounted camera records a rain-drenched forest path in late aftern.mp4",16.0,961,832,480,60.062
i2v,phase7_000200,60s,"A completely fixed, static, tripod-mounted camera records a swollen muddy flood torrent surging thro.mp4",16.0,961,832,480,60.062
i2v,phase7_000200,60s,"A completely fixed, static, tripod-mounted camera records a swollen winter flood river from a low ba.mp4",16.0,961,832,480,60.062
i2v,phase7_000200,60s,"A completely fixed, static, tripod-mounted camera records a tranquil moonlit ocean seascape at night.mp4",16.0,961,832,480,60.062
i2v,phase7_000200,60s,"A completely fixed, static, tripod-mounted camera records a tranquil street in a Japanese city durin.mp4",16.0,961,832,480,60.062
i2v,phase7_000200,60s,"A completely fixed, static, tripod-mounted camera records a tropical beach with overhanging coconut .mp4",16.0,961,832,480,60.062
i2v,phase7_000200,60s,"A completely fixed, static, tripod-mounted camera records a violent volcanic eruption at deep blue h.mp4",16.0,961,832,480,60.062
i2v,phase7_000200,60s,"A completely fixed, static, tripod-mounted camera records an active snowfall in a dense mountain spr.mp4",16.0,961,832,480,60.062
i2v,phase7_000200,60s,"A completely fixed, static, tripod-mounted camera records an active snowfall over a wide open alpine.mp4",16.0,961,832,480,60.062
i2v,phase7_000200,60s,"A completely fixed, static, tripod-mounted camera records an active volcanic lava ocean entry event .mp4",16.0,961,832,480,60.062
i2v,phase7_000200,60s,"A completely fixed, static, tripod-mounted camera records an erupting stratovolcano at golden sunset.mp4",16.0,961,832,480,60.062
i2v,phase7_000200,60s,"A completely fixed, static, tripod-mounted camera records an extremely heavy nighttime snowfall on a.mp4",16.0,961,832,480,60.062
i2v,phase7_000200,60s,"A completely fixed, static, tripod-mounted camera records moderate rainfall in a cultivated garden a.mp4",16.0,961,832,480,60.062
i2v,phase7_000200,60s,"A completely fixed, static, tripod-mounted camera records the underside of a long concrete river bri.mp4",16.0,961,832,480,60.062
i2v,phase7_000200,60s,"A completely fixed, static, tripod-mounted camera records two coconut palms thrashing in a violent t.mp4",16.0,961,832,480,60.062
i2v,phase7_000300,120s,"A completely fixed, static, aerial tripod-mounted camera records an active lava flow cutting through.mp4",16.0,1921,832,480,120.062
i2v,phase7_000300,120s,"A completely fixed, static, close-range tripod-mounted camera records a massive open-ocean wave pitc.mp4",16.0,1921,832,480,120.062
i2v,phase7_000300,120s,"A completely fixed, static, close-range tripod-mounted camera records a single large ocean wave curl.mp4",16.0,1921,832,480,120.062
i2v,phase7_000300,120s,"A completely fixed, static, close-range tripod-mounted camera records a small forest creek cascading.mp4",16.0,1921,832,480,120.062
i2v,phase7_000300,120s,"A completely fixed, static, low-water-level tripod-mounted camera records a calm mountain river flow.mp4",16.0,1921,832,480,120.062
i2v,phase7_000300,120s,"A completely fixed, static, tripod-mounted camera records a bright blue sky filled with drifting whi.mp4",16.0,1921,832,480,120.062
i2v,phase7_000300,120s,"A completely fixed, static, tripod-mounted camera records a channelized urban river running through .mp4",16.0,1921,832,480,120.062
i2v,phase7_000300,120s,"A completely fixed, static, tripod-mounted camera records a clear river flowing past a grassy bank a.mp4",16.0,1921,832,480,120.062
i2v,phase7_000300,120s,"A completely fixed, static, tripod-mounted camera records a dense city at dusk with a massive dark p.mp4",16.0,1921,832,480,120.062
i2v,phase7_000300,120s,"A completely fixed, static, tripod-mounted camera records a desert dust storm advancing across a fla.mp4",16.0,1921,832,480,120.062
i2v,phase7_000300,120s,"A completely fixed, static, tripod-mounted camera records a fast mountain river running through a ro.mp4",16.0,1921,832,480,120.062
i2v,phase7_000300,120s,"A completely fixed, static, tripod-mounted camera records a heavy snowfall over a snow-covered alpin.mp4",16.0,1921,832,480,120.062
i2v,phase7_000300,120s,"A completely fixed, static, tripod-mounted camera records a long row of tall palms thrashing in a tr.mp4",16.0,1921,832,480,120.062
i2v,phase7_000300,120s,"A completely fixed, static, tripod-mounted camera records a nighttime city skyline backed by a large.mp4",16.0,1921,832,480,120.062
i2v,phase7_000300,120s,"A completely fixed, static, tripod-mounted camera records a rainy narrow city alley at night in desa.mp4",16.0,1921,832,480,120.062
i2v,phase7_000300,120s,"A completely fixed, static, tripod-mounted camera records a swollen flood river spilling across subm.mp4",16.0,1921,832,480,120.062
i2v,phase7_000300,120s,"A completely fixed, static, tripod-mounted camera records a tree-lined city street in autumn with fa.mp4",16.0,1921,832,480,120.062
i2v,phase7_000300,120s,"A completely fixed, static, tripod-mounted camera records a tropical white-sand beach with a leaning.mp4",16.0,1921,832,480,120.062
i2v,phase7_000300,120s,"A completely fixed, static, tripod-mounted camera records an active grass-and-brush wildfire spreadi.mp4",16.0,1921,832,480,120.062
i2v,phase7_000300,120s,"A completely fixed, static, tripod-mounted camera records an extremely heavy daytime snowfall over a.mp4",16.0,1921,832,480,120.062
i2v,phase7_000300,60s,"A completely fixed, static, macro tripod-mounted camera records heavy urban rainfall from an extreme.mp4",16.0,961,832,480,60.062
i2v,phase7_000300,60s,"A completely fixed, static, macro-range tripod-mounted camera records a rain-streaked window pane wi.mp4",16.0,961,832,480,60.062
i2v,phase7_000300,60s,"A completely fixed, static, tripod-mounted camera records a burning forest campfire at night from a .mp4",16.0,961,832,480,60.062
i2v,phase7_000300,60s,"A completely fixed, static, tripod-mounted camera records a calm overcast coastal beach scene from a.mp4",16.0,961,832,480,60.062
i2v,phase7_000300,60s,"A completely fixed, static, tripod-mounted camera records a calm winter river from a slightly elevat.mp4",16.0,961,832,480,60.062
i2v,phase7_000300,60s,"A completely fixed, static, tripod-mounted camera records a clear summer forest stream with boulder .mp4",16.0,961,832,480,60.062
i2v,phase7_000300,60s,"A completely fixed, static, tripod-mounted camera records a coastal tuff cone headland and the open .mp4",16.0,961,832,480,60.062
i2v,phase7_000300,60s,"A completely fixed, static, tripod-mounted camera records a desert dust storm sweeping across a flat.mp4",16.0,961,832,480,60.062
i2v,phase7_000300,60s,"A completely fixed, static, tripod-mounted camera records a fast mountain river cascading over a bou.mp4",16.0,961,832,480,60.062
i2v,phase7_000300,60s,"A completely fixed, static, tripod-mounted camera records a gentle clear forest stream in a lush gre.mp4",16.0,961,832,480,60.062
i2v,phase7_000300,60s,"A completely fixed, static, tripod-mounted camera records a heavy daytime snowstorm on a dense city .mp4",16.0,961,832,480,60.062
i2v,phase7_000300,60s,"A completely fixed, static, tripod-mounted camera records a heavy nighttime snowfall on a quiet hist.mp4",16.0,961,832,480,60.062
i2v,phase7_000300,60s,"A completely fixed, static, tripod-mounted camera records a lone windswept pine clinging to a bare r.mp4",16.0,961,832,480,60.062
i2v,phase7_000300,60s,"A completely fixed, static, tripod-mounted camera records a multi-tiered cascading forest stream fro.mp4",16.0,961,832,480,60.062
i2v,phase7_000300,60s,"A completely fixed, static, tripod-mounted camera records a quiet urban park river at night. The cam.mp4",16.0,961,832,480,60.062
i2v,phase7_000300,60s,"A completely fixed, static, tripod-mounted camera records a rain-drenched forest path in late aftern.mp4",16.0,961,832,480,60.062
i2v,phase7_000300,60s,"A completely fixed, static, tripod-mounted camera records a swollen muddy flood torrent surging thro.mp4",16.0,961,832,480,60.062
i2v,phase7_000300,60s,"A completely fixed, static, tripod-mounted camera records a swollen winter flood river from a low ba.mp4",16.0,961,832,480,60.062
i2v,phase7_000300,60s,"A completely fixed, static, tripod-mounted camera records a tranquil moonlit ocean seascape at night.mp4",16.0,961,832,480,60.062
i2v,phase7_000300,60s,"A completely fixed, static, tripod-mounted camera records a tranquil street in a Japanese city durin.mp4",16.0,961,832,480,60.062
i2v,phase7_000300,60s,"A completely fixed, static, tripod-mounted camera records a tropical beach with overhanging coconut .mp4",16.0,961,832,480,60.062
i2v,phase7_000300,60s,"A completely fixed, static, tripod-mounted camera records a violent volcanic eruption at deep blue h.mp4",16.0,961,832,480,60.062
i2v,phase7_000300,60s,"A completely fixed, static, tripod-mounted camera records an active snowfall in a dense mountain spr.mp4",16.0,961,832,480,60.062
i2v,phase7_000300,60s,"A completely fixed, static, tripod-mounted camera records an active snowfall over a wide open alpine.mp4",16.0,961,832,480,60.062
i2v,phase7_000300,60s,"A completely fixed, static, tripod-mounted camera records an active volcanic lava ocean entry event .mp4",16.0,961,832,480,60.062
i2v,phase7_000300,60s,"A completely fixed, static, tripod-mounted camera records an erupting stratovolcano at golden sunset.mp4",16.0,961,832,480,60.062
i2v,phase7_000300,60s,"A completely fixed, static, tripod-mounted camera records an extremely heavy nighttime snowfall on a.mp4",16.0,961,832,480,60.062
i2v,phase7_000300,60s,"A completely fixed, static, tripod-mounted camera records moderate rainfall in a cultivated garden a.mp4",16.0,961,832,480,60.062
i2v,phase7_000300,60s,"A completely fixed, static, tripod-mounted camera records the underside of a long concrete river bri.mp4",16.0,961,832,480,60.062
i2v,phase7_000300,60s,"A completely fixed, static, tripod-mounted camera records two coconut palms thrashing in a violent t.mp4",16.0,961,832,480,60.062
i2v,phase7_000400,120s,"A completely fixed, static, aerial tripod-mounted camera records an active lava flow cutting through.mp4",16.0,1921,832,480,120.062
i2v,phase7_000400,120s,"A completely fixed, static, close-range tripod-mounted camera records a massive open-ocean wave pitc.mp4",16.0,1921,832,480,120.062
i2v,phase7_000400,120s,"A completely fixed, static, close-range tripod-mounted camera records a single large ocean wave curl.mp4",16.0,1921,832,480,120.062
i2v,phase7_000400,120s,"A completely fixed, static, close-range tripod-mounted camera records a small forest creek cascading.mp4",16.0,1921,832,480,120.062
i2v,phase7_000400,120s,"A completely fixed, static, low-water-level tripod-mounted camera records a calm mountain river flow.mp4",16.0,1921,832,480,120.062
i2v,phase7_000400,120s,"A completely fixed, static, tripod-mounted camera records a bright blue sky filled with drifting whi.mp4",16.0,1921,832,480,120.062
i2v,phase7_000400,120s,"A completely fixed, static, tripod-mounted camera records a channelized urban river running through .mp4",16.0,1921,832,480,120.062
i2v,phase7_000400,120s,"A completely fixed, static, tripod-mounted camera records a clear river flowing past a grassy bank a.mp4",16.0,1921,832,480,120.062
i2v,phase7_000400,120s,"A completely fixed, static, tripod-mounted camera records a dense city at dusk with a massive dark p.mp4",16.0,1921,832,480,120.062
i2v,phase7_000400,120s,"A completely fixed, static, tripod-mounted camera records a desert dust storm advancing across a fla.mp4",16.0,1921,832,480,120.062
i2v,phase7_000400,120s,"A completely fixed, static, tripod-mounted camera records a fast mountain river running through a ro.mp4",16.0,1921,832,480,120.062
i2v,phase7_000400,120s,"A completely fixed, static, tripod-mounted camera records a heavy snowfall over a snow-covered alpin.mp4",16.0,1921,832,480,120.062
i2v,phase7_000400,120s,"A completely fixed, static, tripod-mounted camera records a long row of tall palms thrashing in a tr.mp4",16.0,1921,832,480,120.062
i2v,phase7_000400,120s,"A completely fixed, static, tripod-mounted camera records a nighttime city skyline backed by a large.mp4",16.0,1921,832,480,120.062
i2v,phase7_000400,120s,"A completely fixed, static, tripod-mounted camera records a rainy narrow city alley at night in desa.mp4",16.0,1921,832,480,120.062
i2v,phase7_000400,120s,"A completely fixed, static, tripod-mounted camera records a swollen flood river spilling across subm.mp4",16.0,1921,832,480,120.062
i2v,phase7_000400,120s,"A completely fixed, static, tripod-mounted camera records a tree-lined city street in autumn with fa.mp4",16.0,1921,832,480,120.062
i2v,phase7_000400,120s,"A completely fixed, static, tripod-mounted camera records a tropical white-sand beach with a leaning.mp4",16.0,1921,832,480,120.062
i2v,phase7_000400,120s,"A completely fixed, static, tripod-mounted camera records an active grass-and-brush wildfire spreadi.mp4",16.0,1921,832,480,120.062
i2v,phase7_000400,120s,"A completely fixed, static, tripod-mounted camera records an extremely heavy daytime snowfall over a.mp4",16.0,1921,832,480,120.062
i2v,phase7_000400,60s,"A completely fixed, static, macro tripod-mounted camera records heavy urban rainfall from an extreme.mp4",16.0,961,832,480,60.062
i2v,phase7_000400,60s,"A completely fixed, static, macro-range tripod-mounted camera records a rain-streaked window pane wi.mp4",16.0,961,832,480,60.062
i2v,phase7_000400,60s,"A completely fixed, static, tripod-mounted camera records a burning forest campfire at night from a .mp4",16.0,961,832,480,60.062
i2v,phase7_000400,60s,"A completely fixed, static, tripod-mounted camera records a calm overcast coastal beach scene from a.mp4",16.0,961,832,480,60.062
i2v,phase7_000400,60s,"A completely fixed, static, tripod-mounted camera records a calm winter river from a slightly elevat.mp4",16.0,961,832,480,60.062
i2v,phase7_000400,60s,"A completely fixed, static, tripod-mounted camera records a clear summer forest stream with boulder .mp4",16.0,961,832,480,60.062
i2v,phase7_000400,60s,"A completely fixed, static, tripod-mounted camera records a coastal tuff cone headland and the open .mp4",16.0,961,832,480,60.062
i2v,phase7_000400,60s,"A completely fixed, static, tripod-mounted camera records a desert dust storm sweeping across a flat.mp4",16.0,961,832,480,60.062
i2v,phase7_000400,60s,"A completely fixed, static, tripod-mounted camera records a fast mountain river cascading over a bou.mp4",16.0,961,832,480,60.062
i2v,phase7_000400,60s,"A completely fixed, static, tripod-mounted camera records a gentle clear forest stream in a lush gre.mp4",16.0,961,832,480,60.062
i2v,phase7_000400,60s,"A completely fixed, static, tripod-mounted camera records a heavy daytime snowstorm on a dense city .mp4",16.0,961,832,480,60.062
i2v,phase7_000400,60s,"A completely fixed, static, tripod-mounted camera records a heavy nighttime snowfall on a quiet hist.mp4",16.0,961,832,480,60.062
i2v,phase7_000400,60s,"A completely fixed, static, tripod-mounted camera records a lone windswept pine clinging to a bare r.mp4",16.0,961,832,480,60.062
i2v,phase7_000400,60s,"A completely fixed, static, tripod-mounted camera records a multi-tiered cascading forest stream fro.mp4",16.0,961,832,480,60.062
i2v,phase7_000400,60s,"A completely fixed, static, tripod-mounted camera records a quiet urban park river at night. The cam.mp4",16.0,961,832,480,60.062
i2v,phase7_000400,60s,"A completely fixed, static, tripod-mounted camera records a rain-drenched forest path in late aftern.mp4",16.0,961,832,480,60.062
i2v,phase7_000400,60s,"A completely fixed, static, tripod-mounted camera records a swollen muddy flood torrent surging thro.mp4",16.0,961,832,480,60.062
i2v,phase7_000400,60s,"A completely fixed, static, tripod-mounted camera records a swollen winter flood river from a low ba.mp4",16.0,961,832,480,60.062
i2v,phase7_000400,60s,"A completely fixed, static, tripod-mounted camera records a tranquil moonlit ocean seascape at night.mp4",16.0,961,832,480,60.062
i2v,phase7_000400,60s,"A completely fixed, static, tripod-mounted camera records a tranquil street in a Japanese city durin.mp4",16.0,961,832,480,60.062
i2v,phase7_000400,60s,"A completely fixed, static, tripod-mounted camera records a tropical beach with overhanging coconut .mp4",16.0,961,832,480,60.062
i2v,phase7_000400,60s,"A completely fixed, static, tripod-mounted camera records a violent volcanic eruption at deep blue h.mp4",16.0,961,832,480,60.062
i2v,phase7_000400,60s,"A completely fixed, static, tripod-mounted camera records an active snowfall in a dense mountain spr.mp4",16.0,961,832,480,60.062
i2v,phase7_000400,60s,"A completely fixed, static, tripod-mounted camera records an active snowfall over a wide open alpine.mp4",16.0,961,832,480,60.062
i2v,phase7_000400,60s,"A completely fixed, static, tripod-mounted camera records an active volcanic lava ocean entry event .mp4",16.0,961,832,480,60.062
i2v,phase7_000400,60s,"A completely fixed, static, tripod-mounted camera records an erupting stratovolcano at golden sunset.mp4",16.0,961,832,480,60.062
i2v,phase7_000400,60s,"A completely fixed, static, tripod-mounted camera records an extremely heavy nighttime snowfall on a.mp4",16.0,961,832,480,60.062
i2v,phase7_000400,60s,"A completely fixed, static, tripod-mounted camera records moderate rainfall in a cultivated garden a.mp4",16.0,961,832,480,60.062
i2v,phase7_000400,60s,"A completely fixed, static, tripod-mounted camera records the underside of a long concrete river bri.mp4",16.0,961,832,480,60.062
i2v,phase7_000400,60s,"A completely fixed, static, tripod-mounted camera records two coconut palms thrashing in a violent t.mp4",16.0,961,832,480,60.062
i2v,phase7_500,120s,"A completely fixed, static, aerial tripod-mounted camera records an active lava flow cutting through.mp4",16.0,1921,832,480,120.062
i2v,phase7_500,120s,"A completely fixed, static, close-range tripod-mounted camera records a massive open-ocean wave pitc.mp4",16.0,1921,832,480,120.062
i2v,phase7_500,120s,"A completely fixed, static, close-range tripod-mounted camera records a single large ocean wave curl.mp4",16.0,1921,832,480,120.062
i2v,phase7_500,120s,"A completely fixed, static, close-range tripod-mounted camera records a small forest creek cascading.mp4",16.0,1921,832,480,120.062
i2v,phase7_500,120s,"A completely fixed, static, low-water-level tripod-mounted camera records a calm mountain river flow.mp4",16.0,1921,832,480,120.062
i2v,phase7_500,120s,"A completely fixed, static, tripod-mounted camera records a bright blue sky filled with drifting whi.mp4",16.0,1921,832,480,120.062
i2v,phase7_500,120s,"A completely fixed, static, tripod-mounted camera records a channelized urban river running through .mp4",16.0,1921,832,480,120.062
i2v,phase7_500,120s,"A completely fixed, static, tripod-mounted camera records a clear river flowing past a grassy bank a.mp4",16.0,1921,832,480,120.062
i2v,phase7_500,120s,"A completely fixed, static, tripod-mounted camera records a dense city at dusk with a massive dark p.mp4",16.0,1921,832,480,120.062
i2v,phase7_500,120s,"A completely fixed, static, tripod-mounted camera records a desert dust storm advancing across a fla.mp4",16.0,1921,832,480,120.062
i2v,phase7_500,120s,"A completely fixed, static, tripod-mounted camera records a fast mountain river running through a ro.mp4",16.0,1921,832,480,120.062
i2v,phase7_500,120s,"A completely fixed, static, tripod-mounted camera records a heavy snowfall over a snow-covered alpin.mp4",16.0,1921,832,480,120.062
i2v,phase7_500,120s,"A completely fixed, static, tripod-mounted camera records a long row of tall palms thrashing in a tr.mp4",16.0,1921,832,480,120.062
i2v,phase7_500,120s,"A completely fixed, static, tripod-mounted camera records a nighttime city skyline backed by a large.mp4",16.0,1921,832,480,120.062
i2v,phase7_500,120s,"A completely fixed, static, tripod-mounted camera records a rainy narrow city alley at night in desa.mp4",16.0,1921,832,480,120.062
i2v,phase7_500,120s,"A completely fixed, static, tripod-mounted camera records a swollen flood river spilling across subm.mp4",16.0,1921,832,480,120.062
i2v,phase7_500,120s,"A completely fixed, static, tripod-mounted camera records a tree-lined city street in autumn with fa.mp4",16.0,1921,832,480,120.062
i2v,phase7_500,120s,"A completely fixed, static, tripod-mounted camera records a tropical white-sand beach with a leaning.mp4",16.0,1921,832,480,120.062
i2v,phase7_500,120s,"A completely fixed, static, tripod-mounted camera records an active grass-and-brush wildfire spreadi.mp4",16.0,1921,832,480,120.062
i2v,phase7_500,120s,"A completely fixed, static, tripod-mounted camera records an extremely heavy daytime snowfall over a.mp4",16.0,1921,832,480,120.062
i2v,phase7_500,240s,"A completely fixed, static, close-range tripod-mounted camera records heavy tropical rain pouring of.mp4",16.0,3841,832,480,240.062
i2v,phase7_500,240s,"A completely fixed, static, tripod-mounted camera records a calm tropical bay framed by a large over.mp4",16.0,3841,832,480,240.062
i2v,phase7_500,240s,"A completely fixed, static, tripod-mounted camera records a historic Kyoto canal lined with traditio.mp4",16.0,3841,832,480,240.062
i2v,phase7_500,240s,"A completely fixed, static, tripod-mounted camera records a tranquil tropical beach with leaning pal.mp4",16.0,3841,832,480,240.062
i2v,phase7_500,240s,"A completely fixed, static, tripod-mounted camera records an active braided lava flow advancing acro.mp4",16.0,3841,832,480,240.062
i2v,phase7_500,5s,"A completely fixed, static, macro-closeup tripod-mounted camera records heavy rainfall falling direc.mp4",16.0,97,832,480,6.062
i2v,phase7_500,5s,"A completely fixed, static, tripod-mounted camera records a burning indoor fireplace from a direct f.mp4",16.0,97,832,480,6.062
i2v,phase7_500,5s,"A completely fixed, static, tripod-mounted camera records a calm urban river at deep blue twilight f.mp4",16.0,97,832,480,6.062
i2v,phase7_500,5s,"A completely fixed, static, tripod-mounted camera records a catastrophic desert haboob sandstorm app.mp4",16.0,97,832,480,6.062
i2v,phase7_500,5s,"A completely fixed, static, tripod-mounted camera records a dense urban residential and commercial d.mp4",16.0,97,832,480,6.062
i2v,phase7_500,5s,"A completely fixed, static, tripod-mounted camera records a historic Kyoto canal lined with cherry b.mp4",16.0,97,832,480,6.062
i2v,phase7_500,5s,"A completely fixed, static, tripod-mounted camera records an active snowfall over the ornate Bow Bri.mp4",16.0,97,832,480,6.062
i2v,phase7_500,5s,"A completely fixed, static, tripod-mounted camera records an active volcanic lava flow field at blue.mp4",16.0,97,832,480,6.062
i2v,phase7_500,5s,"A completely fixed, static, tripod-mounted camera records an extremely heavy nighttime snowfall on a.mp4",16.0,97,832,480,6.062
i2v,phase7_500,5s,"A completely fixed, static, tripod-mounted camera records an urban intersection fire and explosion e.mp4",16.0,97,832,480,6.062
i2v,phase7_500,60s,"A completely fixed, static, macro tripod-mounted camera records heavy urban rainfall from an extreme.mp4",16.0,961,832,480,60.062
i2v,phase7_500,60s,"A completely fixed, static, macro-range tripod-mounted camera records a rain-streaked window pane wi.mp4",16.0,961,832,480,60.062
i2v,phase7_500,60s,"A completely fixed, static, tripod-mounted camera records a burning forest campfire at night from a .mp4",16.0,961,832,480,60.062
i2v,phase7_500,60s,"A completely fixed, static, tripod-mounted camera records a calm overcast coastal beach scene from a.mp4",16.0,961,832,480,60.062
i2v,phase7_500,60s,"A completely fixed, static, tripod-mounted camera records a calm winter river from a slightly elevat.mp4",16.0,961,832,480,60.062
i2v,phase7_500,60s,"A completely fixed, static, tripod-mounted camera records a clear summer forest stream with boulder .mp4",16.0,961,832,480,60.062
i2v,phase7_500,60s,"A completely fixed, static, tripod-mounted camera records a coastal tuff cone headland and the open .mp4",16.0,961,832,480,60.062
i2v,phase7_500,60s,"A completely fixed, static, tripod-mounted camera records a desert dust storm sweeping across a flat.mp4",16.0,961,832,480,60.062
i2v,phase7_500,60s,"A completely fixed, static, tripod-mounted camera records a fast mountain river cascading over a bou.mp4",16.0,961,832,480,60.062
i2v,phase7_500,60s,"A completely fixed, static, tripod-mounted camera records a gentle clear forest stream in a lush gre.mp4",16.0,961,832,480,60.062
i2v,phase7_500,60s,"A completely fixed, static, tripod-mounted camera records a heavy daytime snowstorm on a dense city .mp4",16.0,961,832,480,60.062
i2v,phase7_500,60s,"A completely fixed, static, tripod-mounted camera records a heavy nighttime snowfall on a quiet hist.mp4",16.0,961,832,480,60.062
i2v,phase7_500,60s,"A completely fixed, static, tripod-mounted camera records a lone windswept pine clinging to a bare r.mp4",16.0,961,832,480,60.062
i2v,phase7_500,60s,"A completely fixed, static, tripod-mounted camera records a multi-tiered cascading forest stream fro.mp4",16.0,961,832,480,60.062
i2v,phase7_500,60s,"A completely fixed, static, tripod-mounted camera records a quiet urban park river at night. The cam.mp4",16.0,961,832,480,60.062
i2v,phase7_500,60s,"A completely fixed, static, tripod-mounted camera records a rain-drenched forest path in late aftern.mp4",16.0,961,832,480,60.062
i2v,phase7_500,60s,"A completely fixed, static, tripod-mounted camera records a swollen muddy flood torrent surging thro.mp4",16.0,961,832,480,60.062
i2v,phase7_500,60s,"A completely fixed, static, tripod-mounted camera records a swollen winter flood river from a low ba.mp4",16.0,961,832,480,60.062
i2v,phase7_500,60s,"A completely fixed, static, tripod-mounted camera records a tranquil moonlit ocean seascape at night.mp4",16.0,961,832,480,60.062
i2v,phase7_500,60s,"A completely fixed, static, tripod-mounted camera records a tranquil street in a Japanese city durin.mp4",16.0,961,832,480,60.062
i2v,phase7_500,60s,"A completely fixed, static, tripod-mounted camera records a tropical beach with overhanging coconut .mp4",16.0,961,832,480,60.062
i2v,phase7_500,60s,"A completely fixed, static, tripod-mounted camera records a violent volcanic eruption at deep blue h.mp4",16.0,961,832,480,60.062
i2v,phase7_500,60s,"A completely fixed, static, tripod-mounted camera records an active snowfall in a dense mountain spr.mp4",16.0,961,832,480,60.062
i2v,phase7_500,60s,"A completely fixed, static, tripod-mounted camera records an active snowfall over a wide open alpine.mp4",16.0,961,832,480,60.062
i2v,phase7_500,60s,"A completely fixed, static, tripod-mounted camera records an active volcanic lava ocean entry event .mp4",16.0,961,832,480,60.062
i2v,phase7_500,60s,"A completely fixed, static, tripod-mounted camera records an erupting stratovolcano at golden sunset.mp4",16.0,961,832,480,60.062
i2v,phase7_500,60s,"A completely fixed, static, tripod-mounted camera records an extremely heavy nighttime snowfall on a.mp4",16.0,961,832,480,60.062
i2v,phase7_500,60s,"A completely fixed, static, tripod-mounted camera records moderate rainfall in a cultivated garden a.mp4",16.0,961,832,480,60.062
i2v,phase7_500,60s,"A completely fixed, static, tripod-mounted camera records the underside of a long concrete river bri.mp4",16.0,961,832,480,60.062
i2v,phase7_500,60s,"A completely fixed, static, tripod-mounted camera records two coconut palms thrashing in a violent t.mp4",16.0,961,832,480,60.062
i2v,phase7_500_cm,120s,"A completely fixed, static, aerial tripod-mounted camera records an active lava flow cutting through.mp4",16.0,1921,832,480,120.062
i2v,phase7_500_cm,120s,"A completely fixed, static, close-range tripod-mounted camera records a massive open-ocean wave pitc.mp4",16.0,1921,832,480,120.062
i2v,phase7_500_cm,120s,"A completely fixed, static, close-range tripod-mounted camera records a single large ocean wave curl.mp4",16.0,1921,832,480,120.062
i2v,phase7_500_cm,120s,"A completely fixed, static, close-range tripod-mounted camera records a small forest creek cascading.mp4",16.0,1921,832,480,120.062
i2v,phase7_500_cm,120s,"A completely fixed, static, low-water-level tripod-mounted camera records a calm mountain river flow.mp4",16.0,1921,832,480,120.062
i2v,phase7_500_cm,120s,"A completely fixed, static, tripod-mounted camera records a bright blue sky filled with drifting whi.mp4",16.0,1921,832,480,120.062
i2v,phase7_500_cm,120s,"A completely fixed, static, tripod-mounted camera records a channelized urban river running through .mp4",16.0,1921,832,480,120.062
i2v,phase7_500_cm,120s,"A completely fixed, static, tripod-mounted camera records a clear river flowing past a grassy bank a.mp4",16.0,1921,832,480,120.062
i2v,phase7_500_cm,120s,"A completely fixed, static, tripod-mounted camera records a dense city at dusk with a massive dark p.mp4",16.0,1921,832,480,120.062
i2v,phase7_500_cm,120s,"A completely fixed, static, tripod-mounted camera records a desert dust storm advancing across a fla.mp4",16.0,1921,832,480,120.062
i2v,phase7_500_cm,120s,"A completely fixed, static, tripod-mounted camera records a fast mountain river running through a ro.mp4",16.0,1921,832,480,120.062
i2v,phase7_500_cm,120s,"A completely fixed, static, tripod-mounted camera records a heavy snowfall over a snow-covered alpin.mp4",16.0,1921,832,480,120.062
i2v,phase7_500_cm,120s,"A completely fixed, static, tripod-mounted camera records a long row of tall palms thrashing in a tr.mp4",16.0,1921,832,480,120.062
i2v,phase7_500_cm,120s,"A completely fixed, static, tripod-mounted camera records a nighttime city skyline backed by a large.mp4",16.0,1921,832,480,120.062
i2v,phase7_500_cm,120s,"A completely fixed, static, tripod-mounted camera records a rainy narrow city alley at night in desa.mp4",16.0,1921,832,480,120.062
i2v,phase7_500_cm,120s,"A completely fixed, static, tripod-mounted camera records a swollen flood river spilling across subm.mp4",16.0,1921,832,480,120.062
i2v,phase7_500_cm,120s,"A completely fixed, static, tripod-mounted camera records a tree-lined city street in autumn with fa.mp4",16.0,1921,832,480,120.062
i2v,phase7_500_cm,120s,"A completely fixed, static, tripod-mounted camera records a tropical white-sand beach with a leaning.mp4",16.0,1921,832,480,120.062
i2v,phase7_500_cm,120s,"A completely fixed, static, tripod-mounted camera records an active grass-and-brush wildfire spreadi.mp4",16.0,1921,832,480,120.062
i2v,phase7_500_cm,120s,"A completely fixed, static, tripod-mounted camera records an extremely heavy daytime snowfall over a.mp4",16.0,1921,832,480,120.062
i2v,phase7_500_cm,240s,"A completely fixed, static, close-range tripod-mounted camera records heavy tropical rain pouring of.mp4",16.0,3841,832,480,240.062
i2v,phase7_500_cm,240s,"A completely fixed, static, tripod-mounted camera records a calm tropical bay framed by a large over.mp4",16.0,3841,832,480,240.062
i2v,phase7_500_cm,240s,"A completely fixed, static, tripod-mounted camera records a historic Kyoto canal lined with traditio.mp4",16.0,3841,832,480,240.062
i2v,phase7_500_cm,240s,"A completely fixed, static, tripod-mounted camera records a tranquil tropical beach with leaning pal.mp4",16.0,3841,832,480,240.062
i2v,phase7_500_cm,240s,"A completely fixed, static, tripod-mounted camera records an active braided lava flow advancing acro.mp4",16.0,3841,832,480,240.062
i2v,phase7_500_cm,5s,"A completely fixed, static, macro-closeup tripod-mounted camera records heavy rainfall falling direc.mp4",16.0,97,832,480,6.062
i2v,phase7_500_cm,5s,"A completely fixed, static, tripod-mounted camera records a burning indoor fireplace from a direct f.mp4",16.0,97,832,480,6.062
i2v,phase7_500_cm,5s,"A completely fixed, static, tripod-mounted camera records a calm urban river at deep blue twilight f.mp4",16.0,97,832,480,6.062
i2v,phase7_500_cm,5s,"A completely fixed, static, tripod-mounted camera records a catastrophic desert haboob sandstorm app.mp4",16.0,97,832,480,6.062
i2v,phase7_500_cm,5s,"A completely fixed, static, tripod-mounted camera records a dense urban residential and commercial d.mp4",16.0,97,832,480,6.062
i2v,phase7_500_cm,5s,"A completely fixed, static, tripod-mounted camera records a historic Kyoto canal lined with cherry b.mp4",16.0,97,832,480,6.062
i2v,phase7_500_cm,5s,"A completely fixed, static, tripod-mounted camera records an active snowfall over the ornate Bow Bri.mp4",16.0,97,832,480,6.062
i2v,phase7_500_cm,5s,"A completely fixed, static, tripod-mounted camera records an active volcanic lava flow field at blue.mp4",16.0,97,832,480,6.062
i2v,phase7_500_cm,5s,"A completely fixed, static, tripod-mounted camera records an extremely heavy nighttime snowfall on a.mp4",16.0,97,832,480,6.062
i2v,phase7_500_cm,5s,"A completely fixed, static, tripod-mounted camera records an urban intersection fire and explosion e.mp4",16.0,97,832,480,6.062
i2v,phase7_500_cm,60s,"A completely fixed, static, macro tripod-mounted camera records heavy urban rainfall from an extreme.mp4",16.0,961,832,480,60.062
i2v,phase7_500_cm,60s,"A completely fixed, static, macro-range tripod-mounted camera records a rain-streaked window pane wi.mp4",16.0,961,832,480,60.062
i2v,phase7_500_cm,60s,"A completely fixed, static, tripod-mounted camera records a burning forest campfire at night from a .mp4",16.0,961,832,480,60.062
i2v,phase7_500_cm,60s,"A completely fixed, static, tripod-mounted camera records a calm overcast coastal beach scene from a.mp4",16.0,961,832,480,60.062
i2v,phase7_500_cm,60s,"A completely fixed, static, tripod-mounted camera records a calm winter river from a slightly elevat.mp4",16.0,961,832,480,60.062
i2v,phase7_500_cm,60s,"A completely fixed, static, tripod-mounted camera records a clear summer forest stream with boulder .mp4",16.0,961,832,480,60.062
i2v,phase7_500_cm,60s,"A completely fixed, static, tripod-mounted camera records a coastal tuff cone headland and the open .mp4",16.0,961,832,480,60.062
i2v,phase7_500_cm,60s,"A completely fixed, static, tripod-mounted camera records a desert dust storm sweeping across a flat.mp4",16.0,961,832,480,60.062
i2v,phase7_500_cm,60s,"A completely fixed, static, tripod-mounted camera records a fast mountain river cascading over a bou.mp4",16.0,961,832,480,60.062
i2v,phase7_500_cm,60s,"A completely fixed, static, tripod-mounted camera records a gentle clear forest stream in a lush gre.mp4",16.0,961,832,480,60.062
i2v,phase7_500_cm,60s,"A completely fixed, static, tripod-mounted camera records a heavy daytime snowstorm on a dense city .mp4",16.0,961,832,480,60.062
i2v,phase7_500_cm,60s,"A completely fixed, static, tripod-mounted camera records a heavy nighttime snowfall on a quiet hist.mp4",16.0,961,832,480,60.062
i2v,phase7_500_cm,60s,"A completely fixed, static, tripod-mounted camera records a lone windswept pine clinging to a bare r.mp4",16.0,961,832,480,60.062
i2v,phase7_500_cm,60s,"A completely fixed, static, tripod-mounted camera records a multi-tiered cascading forest stream fro.mp4",16.0,961,832,480,60.062
i2v,phase7_500_cm,60s,"A completely fixed, static, tripod-mounted camera records a quiet urban park river at night. The cam.mp4",16.0,961,832,480,60.062
i2v,phase7_500_cm,60s,"A completely fixed, static, tripod-mounted camera records a rain-drenched forest path in late aftern.mp4",16.0,961,832,480,60.062
i2v,phase7_500_cm,60s,"A completely fixed, static, tripod-mounted camera records a swollen muddy flood torrent surging thro.mp4",16.0,961,832,480,60.062
i2v,phase7_500_cm,60s,"A completely fixed, static, tripod-mounted camera records a swollen winter flood river from a low ba.mp4",16.0,961,832,480,60.062
i2v,phase7_500_cm,60s,"A completely fixed, static, tripod-mounted camera records a tranquil moonlit ocean seascape at night.mp4",16.0,961,832,480,60.062
i2v,phase7_500_cm,60s,"A completely fixed, static, tripod-mounted camera records a tranquil street in a Japanese city durin.mp4",16.0,961,832,480,60.062
i2v,phase7_500_cm,60s,"A completely fixed, static, tripod-mounted camera records a tropical beach with overhanging coconut .mp4",16.0,961,832,480,60.062
i2v,phase7_500_cm,60s,"A completely fixed, static, tripod-mounted camera records a violent volcanic eruption at deep blue h.mp4",16.0,961,832,480,60.062
i2v,phase7_500_cm,60s,"A completely fixed, static, tripod-mounted camera records an active snowfall in a dense mountain spr.mp4",16.0,961,832,480,60.062
i2v,phase7_500_cm,60s,"A completely fixed, static, tripod-mounted camera records an active snowfall over a wide open alpine.mp4",16.0,961,832,480,60.062
i2v,phase7_500_cm,60s,"A completely fixed, static, tripod-mounted camera records an active volcanic lava ocean entry event .mp4",16.0,961,832,480,60.062
i2v,phase7_500_cm,60s,"A completely fixed, static, tripod-mounted camera records an erupting stratovolcano at golden sunset.mp4",16.0,961,832,480,60.062
i2v,phase7_500_cm,60s,"A completely fixed, static, tripod-mounted camera records an extremely heavy nighttime snowfall on a.mp4",16.0,961,832,480,60.062
i2v,phase7_500_cm,60s,"A completely fixed, static, tripod-mounted camera records moderate rainfall in a cultivated garden a.mp4",16.0,961,832,480,60.062
i2v,phase7_500_cm,60s,"A completely fixed, static, tripod-mounted camera records the underside of a long concrete river bri.mp4",16.0,961,832,480,60.062
i2v,phase7_500_cm,60s,"A completely fixed, static, tripod-mounted camera records two coconut palms thrashing in a violent t.mp4",16.0,961,832,480,60.062
i2v,phase7_at_nfpb1,120s,"A completely fixed, static, aerial tripod-mounted camera records an active lava flow cutting through.mp4",16.0,1917,832,480,119.812
i2v,phase7_at_nfpb1,120s,"A completely fixed, static, close-range tripod-mounted camera records a massive open-ocean wave pitc.mp4",16.0,1917,832,480,119.812
i2v,phase7_at_nfpb1,120s,"A completely fixed, static, close-range tripod-mounted camera records a single large ocean wave curl.mp4",16.0,1917,832,480,119.812
i2v,phase7_at_nfpb1,120s,"A completely fixed, static, close-range tripod-mounted camera records a small forest creek cascading.mp4",16.0,1917,832,480,119.812
i2v,phase7_at_nfpb1,120s,"A completely fixed, static, low-water-level tripod-mounted camera records a calm mountain river flow.mp4",16.0,1917,832,480,119.812
i2v,phase7_at_nfpb1,120s,"A completely fixed, static, tripod-mounted camera records a bright blue sky filled with drifting whi.mp4",16.0,1917,832,480,119.812
i2v,phase7_at_nfpb1,120s,"A completely fixed, static, tripod-mounted camera records a channelized urban river running through .mp4",16.0,1917,832,480,119.812
i2v,phase7_at_nfpb1,120s,"A completely fixed, static, tripod-mounted camera records a clear river flowing past a grassy bank a.mp4",16.0,1917,832,480,119.812
i2v,phase7_at_nfpb1,120s,"A completely fixed, static, tripod-mounted camera records a dense city at dusk with a massive dark p.mp4",16.0,1917,832,480,119.812
i2v,phase7_at_nfpb1,120s,"A completely fixed, static, tripod-mounted camera records a desert dust storm advancing across a fla.mp4",16.0,1917,832,480,119.812
i2v,phase7_at_nfpb1,120s,"A completely fixed, static, tripod-mounted camera records a fast mountain river running through a ro.mp4",16.0,1917,832,480,119.812
i2v,phase7_at_nfpb1,120s,"A completely fixed, static, tripod-mounted camera records a heavy snowfall over a snow-covered alpin.mp4",16.0,1917,832,480,119.812
i2v,phase7_at_nfpb1,120s,"A completely fixed, static, tripod-mounted camera records a long row of tall palms thrashing in a tr.mp4",16.0,1917,832,480,119.812
i2v,phase7_at_nfpb1,120s,"A completely fixed, static, tripod-mounted camera records a nighttime city skyline backed by a large.mp4",16.0,1917,832,480,119.812
i2v,phase7_at_nfpb1,120s,"A completely fixed, static, tripod-mounted camera records a rainy narrow city alley at night in desa.mp4",16.0,1917,832,480,119.812
i2v,phase7_at_nfpb1,120s,"A completely fixed, static, tripod-mounted camera records a swollen flood river spilling across subm.mp4",16.0,1917,832,480,119.812
i2v,phase7_at_nfpb1,120s,"A completely fixed, static, tripod-mounted camera records a tree-lined city street in autumn with fa.mp4",16.0,1917,832,480,119.812
i2v,phase7_at_nfpb1,120s,"A completely fixed, static, tripod-mounted camera records a tropical white-sand beach with a leaning.mp4",16.0,1917,832,480,119.812
i2v,phase7_at_nfpb1,120s,"A completely fixed, static, tripod-mounted camera records an active grass-and-brush wildfire spreadi.mp4",16.0,1917,832,480,119.812
i2v,phase7_at_nfpb1,120s,"A completely fixed, static, tripod-mounted camera records an extremely heavy daytime snowfall over a.mp4",16.0,1917,832,480,119.812
i2v,phase7_at_nfpb1,5s,"A completely fixed, static, macro-closeup tripod-mounted camera records heavy rainfall falling direc.mp4",16.0,77,832,480,4.812
i2v,phase7_at_nfpb1,5s,"A completely fixed, static, tripod-mounted camera records a burning indoor fireplace from a direct f.mp4",16.0,77,832,480,4.812
i2v,phase7_at_nfpb1,5s,"A completely fixed, static, tripod-mounted camera records a calm urban river at deep blue twilight f.mp4",16.0,77,832,480,4.812
i2v,phase7_at_nfpb1,5s,"A completely fixed, static, tripod-mounted camera records a catastrophic desert haboob sandstorm app.mp4",16.0,77,832,480,4.812
i2v,phase7_at_nfpb1,5s,"A completely fixed, static, tripod-mounted camera records a dense urban residential and commercial d.mp4",16.0,77,832,480,4.812
i2v,phase7_at_nfpb1,5s,"A completely fixed, static, tripod-mounted camera records a historic Kyoto canal lined with cherry b.mp4",16.0,77,832,480,4.812
i2v,phase7_at_nfpb1,5s,"A completely fixed, static, tripod-mounted camera records an active snowfall over the ornate Bow Bri.mp4",16.0,77,832,480,4.812
i2v,phase7_at_nfpb1,5s,"A completely fixed, static, tripod-mounted camera records an active volcanic lava flow field at blue.mp4",16.0,77,832,480,4.812
i2v,phase7_at_nfpb1,5s,"A completely fixed, static, tripod-mounted camera records an extremely heavy nighttime snowfall on a.mp4",16.0,77,832,480,4.812
i2v,phase7_at_nfpb1,5s,"A completely fixed, static, tripod-mounted camera records an urban intersection fire and explosion e.mp4",16.0,77,832,480,4.812
i2v,phase7_at_nfpb1,60s,"A completely fixed, static, macro tripod-mounted camera records heavy urban rainfall from an extreme.mp4",16.0,957,832,480,59.812
i2v,phase7_at_nfpb1,60s,"A completely fixed, static, macro-range tripod-mounted camera records a rain-streaked window pane wi.mp4",16.0,957,832,480,59.812
i2v,phase7_at_nfpb1,60s,"A completely fixed, static, tripod-mounted camera records a burning forest campfire at night from a .mp4",16.0,957,832,480,59.812
i2v,phase7_at_nfpb1,60s,"A completely fixed, static, tripod-mounted camera records a calm overcast coastal beach scene from a.mp4",16.0,957,832,480,59.812
i2v,phase7_at_nfpb1,60s,"A completely fixed, static, tripod-mounted camera records a calm winter river from a slightly elevat.mp4",16.0,957,832,480,59.812
i2v,phase7_at_nfpb1,60s,"A completely fixed, static, tripod-mounted camera records a clear summer forest stream with boulder .mp4",16.0,957,832,480,59.812
i2v,phase7_at_nfpb1,60s,"A completely fixed, static, tripod-mounted camera records a coastal tuff cone headland and the open .mp4",16.0,957,832,480,59.812
i2v,phase7_at_nfpb1,60s,"A completely fixed, static, tripod-mounted camera records a desert dust storm sweeping across a flat.mp4",16.0,957,832,480,59.812
i2v,phase7_at_nfpb1,60s,"A completely fixed, static, tripod-mounted camera records a fast mountain river cascading over a bou.mp4",16.0,957,832,480,59.812
i2v,phase7_at_nfpb1,60s,"A completely fixed, static, tripod-mounted camera records a gentle clear forest stream in a lush gre.mp4",16.0,957,832,480,59.812
i2v,phase7_at_nfpb1,60s,"A completely fixed, static, tripod-mounted camera records a heavy daytime snowstorm on a dense city .mp4",16.0,957,832,480,59.812
i2v,phase7_at_nfpb1,60s,"A completely fixed, static, tripod-mounted camera records a heavy nighttime snowfall on a quiet hist.mp4",16.0,957,832,480,59.812
i2v,phase7_at_nfpb1,60s,"A completely fixed, static, tripod-mounted camera records a lone windswept pine clinging to a bare r.mp4",16.0,957,832,480,59.812
i2v,phase7_at_nfpb1,60s,"A completely fixed, static, tripod-mounted camera records a multi-tiered cascading forest stream fro.mp4",16.0,957,832,480,59.812
i2v,phase7_at_nfpb1,60s,"A completely fixed, static, tripod-mounted camera records a quiet urban park river at night. The cam.mp4",16.0,957,832,480,59.812
i2v,phase7_at_nfpb1,60s,"A completely fixed, static, tripod-mounted camera records a rain-drenched forest path in late aftern.mp4",16.0,957,832,480,59.812
i2v,phase7_at_nfpb1,60s,"A completely fixed, static, tripod-mounted camera records a swollen muddy flood torrent surging thro.mp4",16.0,957,832,480,59.812
i2v,phase7_at_nfpb1,60s,"A completely fixed, static, tripod-mounted camera records a swollen winter flood river from a low ba.mp4",16.0,957,832,480,59.812
i2v,phase7_at_nfpb1,60s,"A completely fixed, static, tripod-mounted camera records a tranquil moonlit ocean seascape at night.mp4",16.0,957,832,480,59.812
i2v,phase7_at_nfpb1,60s,"A completely fixed, static, tripod-mounted camera records a tranquil street in a Japanese city durin.mp4",16.0,957,832,480,59.812
i2v,phase7_at_nfpb1,60s,"A completely fixed, static, tripod-mounted camera records a tropical beach with overhanging coconut .mp4",16.0,957,832,480,59.812
i2v,phase7_at_nfpb1,60s,"A completely fixed, static, tripod-mounted camera records a violent volcanic eruption at deep blue h.mp4",16.0,957,832,480,59.812
i2v,phase7_at_nfpb1,60s,"A completely fixed, static, tripod-mounted camera records an active snowfall in a dense mountain spr.mp4",16.0,957,832,480,59.812
i2v,phase7_at_nfpb1,60s,"A completely fixed, static, tripod-mounted camera records an active snowfall over a wide open alpine.mp4",16.0,957,832,480,59.812
i2v,phase7_at_nfpb1,60s,"A completely fixed, static, tripod-mounted camera records an active volcanic lava ocean entry event .mp4",16.0,957,832,480,59.812
i2v,phase7_at_nfpb1,60s,"A completely fixed, static, tripod-mounted camera records an erupting stratovolcano at golden sunset.mp4",16.0,957,832,480,59.812
i2v,phase7_at_nfpb1,60s,"A completely fixed, static, tripod-mounted camera records an extremely heavy nighttime snowfall on a.mp4",16.0,957,832,480,59.812
i2v,phase7_at_nfpb1,60s,"A completely fixed, static, tripod-mounted camera records moderate rainfall in a cultivated garden a.mp4",16.0,957,832,480,59.812
i2v,phase7_at_nfpb1,60s,"A completely fixed, static, tripod-mounted camera records the underside of a long concrete river bri.mp4",16.0,957,832,480,59.812
i2v,phase7_at_nfpb1,60s,"A completely fixed, static, tripod-mounted camera records two coconut palms thrashing in a violent t.mp4",16.0,957,832,480,59.812
i2v,rt500,120s,"A completely fixed, static, aerial tripod-mounted camera records an active lava flow cutting through.mp4",16.0,1921,832,480,120.062
i2v,rt500,120s,"A completely fixed, static, close-range tripod-mounted camera records a massive open-ocean wave pitc.mp4",16.0,1921,832,480,120.062
i2v,rt500,120s,"A completely fixed, static, close-range tripod-mounted camera records a single large ocean wave curl.mp4",16.0,1921,832,480,120.062
i2v,rt500,120s,"A completely fixed, static, close-range tripod-mounted camera records a small forest creek cascading.mp4",16.0,1921,832,480,120.062
i2v,rt500,120s,"A completely fixed, static, low-water-level tripod-mounted camera records a calm mountain river flow.mp4",16.0,1921,832,480,120.062
i2v,rt500,120s,"A completely fixed, static, tripod-mounted camera records a bright blue sky filled with drifting whi.mp4",16.0,1921,832,480,120.062
i2v,rt500,120s,"A completely fixed, static, tripod-mounted camera records a channelized urban river running through .mp4",16.0,1921,832,480,120.062
i2v,rt500,120s,"A completely fixed, static, tripod-mounted camera records a clear river flowing past a grassy bank a.mp4",16.0,1921,832,480,120.062
i2v,rt500,120s,"A completely fixed, static, tripod-mounted camera records a dense city at dusk with a massive dark p.mp4",16.0,1921,832,480,120.062
i2v,rt500,120s,"A completely fixed, static, tripod-mounted camera records a desert dust storm advancing across a fla.mp4",16.0,1921,832,480,120.062
i2v,rt500,120s,"A completely fixed, static, tripod-mounted camera records a fast mountain river running through a ro.mp4",16.0,1921,832,480,120.062
i2v,rt500,120s,"A completely fixed, static, tripod-mounted camera records a heavy snowfall over a snow-covered alpin.mp4",16.0,1921,832,480,120.062
i2v,rt500,120s,"A completely fixed, static, tripod-mounted camera records a long row of tall palms thrashing in a tr.mp4",16.0,1921,832,480,120.062
i2v,rt500,120s,"A completely fixed, static, tripod-mounted camera records a nighttime city skyline backed by a large.mp4",16.0,1921,832,480,120.062
i2v,rt500,120s,"A completely fixed, static, tripod-mounted camera records a rainy narrow city alley at night in desa.mp4",16.0,1921,832,480,120.062
i2v,rt500,120s,"A completely fixed, static, tripod-mounted camera records a swollen flood river spilling across subm.mp4",16.0,1921,832,480,120.062
i2v,rt500,120s,"A completely fixed, static, tripod-mounted camera records a tree-lined city street in autumn with fa.mp4",16.0,1921,832,480,120.062
i2v,rt500,120s,"A completely fixed, static, tripod-mounted camera records a tropical white-sand beach with a leaning.mp4",16.0,1921,832,480,120.062
i2v,rt500,120s,"A completely fixed, static, tripod-mounted camera records an active grass-and-brush wildfire spreadi.mp4",16.0,1921,832,480,120.062
i2v,rt500,120s,"A completely fixed, static, tripod-mounted camera records an extremely heavy daytime snowfall over a.mp4",16.0,1921,832,480,120.062
i2v,rt500,240s,"A completely fixed, static, close-range tripod-mounted camera records heavy tropical rain pouring of.mp4",16.0,3841,832,480,240.062
i2v,rt500,240s,"A completely fixed, static, tripod-mounted camera records a calm tropical bay framed by a large over.mp4",16.0,3841,832,480,240.062
i2v,rt500,240s,"A completely fixed, static, tripod-mounted camera records a historic Kyoto canal lined with traditio.mp4",16.0,3841,832,480,240.062
i2v,rt500,240s,"A completely fixed, static, tripod-mounted camera records a tranquil tropical beach with leaning pal.mp4",16.0,3841,832,480,240.062
i2v,rt500,240s,"A completely fixed, static, tripod-mounted camera records an active braided lava flow advancing acro.mp4",16.0,3841,832,480,240.062
i2v,rt500,5s,"A completely fixed, static, macro-closeup tripod-mounted camera records heavy rainfall falling direc.mp4",16.0,97,832,480,6.062
i2v,rt500,5s,"A completely fixed, static, tripod-mounted camera records a burning indoor fireplace from a direct f.mp4",16.0,97,832,480,6.062
i2v,rt500,5s,"A completely fixed, static, tripod-mounted camera records a calm urban river at deep blue twilight f.mp4",16.0,97,832,480,6.062
i2v,rt500,5s,"A completely fixed, static, tripod-mounted camera records a catastrophic desert haboob sandstorm app.mp4",16.0,97,832,480,6.062
i2v,rt500,5s,"A completely fixed, static, tripod-mounted camera records a dense urban residential and commercial d.mp4",16.0,97,832,480,6.062
i2v,rt500,5s,"A completely fixed, static, tripod-mounted camera records a historic Kyoto canal lined with cherry b.mp4",16.0,97,832,480,6.062
i2v,rt500,5s,"A completely fixed, static, tripod-mounted camera records an active snowfall over the ornate Bow Bri.mp4",16.0,97,832,480,6.062
i2v,rt500,5s,"A completely fixed, static, tripod-mounted camera records an active volcanic lava flow field at blue.mp4",16.0,97,832,480,6.062
i2v,rt500,5s,"A completely fixed, static, tripod-mounted camera records an extremely heavy nighttime snowfall on a.mp4",16.0,97,832,480,6.062
i2v,rt500,5s,"A completely fixed, static, tripod-mounted camera records an urban intersection fire and explosion e.mp4",16.0,97,832,480,6.062
i2v,rt500,60s,"A completely fixed, static, macro tripod-mounted camera records heavy urban rainfall from an extreme.mp4",16.0,961,832,480,60.062
i2v,rt500,60s,"A completely fixed, static, macro-range tripod-mounted camera records a rain-streaked window pane wi.mp4",16.0,961,832,480,60.062
i2v,rt500,60s,"A completely fixed, static, tripod-mounted camera records a burning forest campfire at night from a .mp4",16.0,961,832,480,60.062
i2v,rt500,60s,"A completely fixed, static, tripod-mounted camera records a calm overcast coastal beach scene from a.mp4",16.0,961,832,480,60.062
i2v,rt500,60s,"A completely fixed, static, tripod-mounted camera records a calm winter river from a slightly elevat.mp4",16.0,961,832,480,60.062
i2v,rt500,60s,"A completely fixed, static, tripod-mounted camera records a clear summer forest stream with boulder .mp4",16.0,961,832,480,60.062
i2v,rt500,60s,"A completely fixed, static, tripod-mounted camera records a coastal tuff cone headland and the open .mp4",16.0,961,832,480,60.062
i2v,rt500,60s,"A completely fixed, static, tripod-mounted camera records a desert dust storm sweeping across a flat.mp4",16.0,961,832,480,60.062
i2v,rt500,60s,"A completely fixed, static, tripod-mounted camera records a fast mountain river cascading over a bou.mp4",16.0,961,832,480,60.062
i2v,rt500,60s,"A completely fixed, static, tripod-mounted camera records a gentle clear forest stream in a lush gre.mp4",16.0,961,832,480,60.062
i2v,rt500,60s,"A completely fixed, static, tripod-mounted camera records a heavy daytime snowstorm on a dense city .mp4",16.0,961,832,480,60.062
i2v,rt500,60s,"A completely fixed, static, tripod-mounted camera records a heavy nighttime snowfall on a quiet hist.mp4",16.0,961,832,480,60.062
i2v,rt500,60s,"A completely fixed, static, tripod-mounted camera records a lone windswept pine clinging to a bare r.mp4",16.0,961,832,480,60.062
i2v,rt500,60s,"A completely fixed, static, tripod-mounted camera records a multi-tiered cascading forest stream fro.mp4",16.0,961,832,480,60.062
i2v,rt500,60s,"A completely fixed, static, tripod-mounted camera records a quiet urban park river at night. The cam.mp4",16.0,961,832,480,60.062
i2v,rt500,60s,"A completely fixed, static, tripod-mounted camera records a rain-drenched forest path in late aftern.mp4",16.0,961,832,480,60.062
i2v,rt500,60s,"A completely fixed, static, tripod-mounted camera records a swollen muddy flood torrent surging thro.mp4",16.0,961,832,480,60.062
i2v,rt500,60s,"A completely fixed, static, tripod-mounted camera records a swollen winter flood river from a low ba.mp4",16.0,961,832,480,60.062
i2v,rt500,60s,"A completely fixed, static, tripod-mounted camera records a tranquil moonlit ocean seascape at night.mp4",16.0,961,832,480,60.062
i2v,rt500,60s,"A completely fixed, static, tripod-mounted camera records a tranquil street in a Japanese city durin.mp4",16.0,961,832,480,60.062
i2v,rt500,60s,"A completely fixed, static, tripod-mounted camera records a tropical beach with overhanging coconut .mp4",16.0,961,832,480,60.062
i2v,rt500,60s,"A completely fixed, static, tripod-mounted camera records a violent volcanic eruption at deep blue h.mp4",16.0,961,832,480,60.062
i2v,rt500,60s,"A completely fixed, static, tripod-mounted camera records an active snowfall in a dense mountain spr.mp4",16.0,961,832,480,60.062
i2v,rt500,60s,"A completely fixed, static, tripod-mounted camera records an active snowfall over a wide open alpine.mp4",16.0,961,832,480,60.062
i2v,rt500,60s,"A completely fixed, static, tripod-mounted camera records an active volcanic lava ocean entry event .mp4",16.0,961,832,480,60.062
i2v,rt500,60s,"A completely fixed, static, tripod-mounted camera records an erupting stratovolcano at golden sunset.mp4",16.0,961,832,480,60.062
i2v,rt500,60s,"A completely fixed, static, tripod-mounted camera records an extremely heavy nighttime snowfall on a.mp4",16.0,961,832,480,60.062
i2v,rt500,60s,"A completely fixed, static, tripod-mounted camera records moderate rainfall in a cultivated garden a.mp4",16.0,961,832,480,60.062
i2v,rt500,60s,"A completely fixed, static, tripod-mounted camera records the underside of a long concrete river bri.mp4",16.0,961,832,480,60.062
i2v,rt500,60s,"A completely fixed, static, tripod-mounted camera records two coconut palms thrashing in a violent t.mp4",16.0,961,832,480,60.062
i2v,rt500_cm,120s,"A completely fixed, static, aerial tripod-mounted camera records an active lava flow cutting through.mp4",16.0,1921,832,480,120.062
i2v,rt500_cm,120s,"A completely fixed, static, close-range tripod-mounted camera records a massive open-ocean wave pitc.mp4",16.0,1921,832,480,120.062
i2v,rt500_cm,120s,"A completely fixed, static, close-range tripod-mounted camera records a single large ocean wave curl.mp4",16.0,1921,832,480,120.062
i2v,rt500_cm,120s,"A completely fixed, static, close-range tripod-mounted camera records a small forest creek cascading.mp4",16.0,1921,832,480,120.062
i2v,rt500_cm,120s,"A completely fixed, static, low-water-level tripod-mounted camera records a calm mountain river flow.mp4",16.0,1921,832,480,120.062
i2v,rt500_cm,120s,"A completely fixed, static, tripod-mounted camera records a bright blue sky filled with drifting whi.mp4",16.0,1921,832,480,120.062
i2v,rt500_cm,120s,"A completely fixed, static, tripod-mounted camera records a channelized urban river running through .mp4",16.0,1921,832,480,120.062
i2v,rt500_cm,120s,"A completely fixed, static, tripod-mounted camera records a clear river flowing past a grassy bank a.mp4",16.0,1921,832,480,120.062
i2v,rt500_cm,120s,"A completely fixed, static, tripod-mounted camera records a dense city at dusk with a massive dark p.mp4",16.0,1921,832,480,120.062
i2v,rt500_cm,120s,"A completely fixed, static, tripod-mounted camera records a desert dust storm advancing across a fla.mp4",16.0,1921,832,480,120.062
i2v,rt500_cm,120s,"A completely fixed, static, tripod-mounted camera records a fast mountain river running through a ro.mp4",16.0,1921,832,480,120.062
i2v,rt500_cm,120s,"A completely fixed, static, tripod-mounted camera records a heavy snowfall over a snow-covered alpin.mp4",16.0,1921,832,480,120.062
i2v,rt500_cm,120s,"A completely fixed, static, tripod-mounted camera records a long row of tall palms thrashing in a tr.mp4",16.0,1921,832,480,120.062
i2v,rt500_cm,120s,"A completely fixed, static, tripod-mounted camera records a nighttime city skyline backed by a large.mp4",16.0,1921,832,480,120.062
i2v,rt500_cm,120s,"A completely fixed, static, tripod-mounted camera records a rainy narrow city alley at night in desa.mp4",16.0,1921,832,480,120.062
i2v,rt500_cm,120s,"A completely fixed, static, tripod-mounted camera records a swollen flood river spilling across subm.mp4",16.0,1921,832,480,120.062
i2v,rt500_cm,120s,"A completely fixed, static, tripod-mounted camera records a tree-lined city street in autumn with fa.mp4",16.0,1921,832,480,120.062
i2v,rt500_cm,120s,"A completely fixed, static, tripod-mounted camera records a tropical white-sand beach with a leaning.mp4",16.0,1921,832,480,120.062
i2v,rt500_cm,120s,"A completely fixed, static, tripod-mounted camera records an active grass-and-brush wildfire spreadi.mp4",16.0,1921,832,480,120.062
i2v,rt500_cm,120s,"A completely fixed, static, tripod-mounted camera records an extremely heavy daytime snowfall over a.mp4",16.0,1921,832,480,120.062
i2v,rt500_cm,240s,"A completely fixed, static, close-range tripod-mounted camera records heavy tropical rain pouring of.mp4",16.0,3841,832,480,240.062
i2v,rt500_cm,240s,"A completely fixed, static, tripod-mounted camera records a calm tropical bay framed by a large over.mp4",16.0,3841,832,480,240.062
i2v,rt500_cm,240s,"A completely fixed, static, tripod-mounted camera records a historic Kyoto canal lined with traditio.mp4",16.0,3841,832,480,240.062
i2v,rt500_cm,240s,"A completely fixed, static, tripod-mounted camera records a tranquil tropical beach with leaning pal.mp4",16.0,3841,832,480,240.062
i2v,rt500_cm,240s,"A completely fixed, static, tripod-mounted camera records an active braided lava flow advancing acro.mp4",16.0,3841,832,480,240.062
i2v,rt500_cm,5s,"A completely fixed, static, macro-closeup tripod-mounted camera records heavy rainfall falling direc.mp4",16.0,97,832,480,6.062
i2v,rt500_cm,5s,"A completely fixed, static, tripod-mounted camera records a burning indoor fireplace from a direct f.mp4",16.0,97,832,480,6.062
i2v,rt500_cm,5s,"A completely fixed, static, tripod-mounted camera records a calm urban river at deep blue twilight f.mp4",16.0,97,832,480,6.062
i2v,rt500_cm,5s,"A completely fixed, static, tripod-mounted camera records a catastrophic desert haboob sandstorm app.mp4",16.0,97,832,480,6.062
i2v,rt500_cm,5s,"A completely fixed, static, tripod-mounted camera records a dense urban residential and commercial d.mp4",16.0,97,832,480,6.062
i2v,rt500_cm,5s,"A completely fixed, static, tripod-mounted camera records a historic Kyoto canal lined with cherry b.mp4",16.0,97,832,480,6.062
i2v,rt500_cm,5s,"A completely fixed, static, tripod-mounted camera records an active snowfall over the ornate Bow Bri.mp4",16.0,97,832,480,6.062
i2v,rt500_cm,5s,"A completely fixed, static, tripod-mounted camera records an active volcanic lava flow field at blue.mp4",16.0,97,832,480,6.062
i2v,rt500_cm,5s,"A completely fixed, static, tripod-mounted camera records an extremely heavy nighttime snowfall on a.mp4",16.0,97,832,480,6.062
i2v,rt500_cm,5s,"A completely fixed, static, tripod-mounted camera records an urban intersection fire and explosion e.mp4",16.0,97,832,480,6.062
i2v,rt500_cm,60s,"A completely fixed, static, macro tripod-mounted camera records heavy urban rainfall from an extreme.mp4",16.0,961,832,480,60.062
i2v,rt500_cm,60s,"A completely fixed, static, macro-range tripod-mounted camera records a rain-streaked window pane wi.mp4",16.0,961,832,480,60.062
i2v,rt500_cm,60s,"A completely fixed, static, tripod-mounted camera records a burning forest campfire at night from a .mp4",16.0,961,832,480,60.062
i2v,rt500_cm,60s,"A completely fixed, static, tripod-mounted camera records a calm overcast coastal beach scene from a.mp4",16.0,961,832,480,60.062
i2v,rt500_cm,60s,"A completely fixed, static, tripod-mounted camera records a calm winter river from a slightly elevat.mp4",16.0,961,832,480,60.062
i2v,rt500_cm,60s,"A completely fixed, static, tripod-mounted camera records a clear summer forest stream with boulder .mp4",16.0,961,832,480,60.062
i2v,rt500_cm,60s,"A completely fixed, static, tripod-mounted camera records a coastal tuff cone headland and the open .mp4",16.0,961,832,480,60.062
i2v,rt500_cm,60s,"A completely fixed, static, tripod-mounted camera records a desert dust storm sweeping across a flat.mp4",16.0,961,832,480,60.062
i2v,rt500_cm,60s,"A completely fixed, static, tripod-mounted camera records a fast mountain river cascading over a bou.mp4",16.0,961,832,480,60.062
i2v,rt500_cm,60s,"A completely fixed, static, tripod-mounted camera records a gentle clear forest stream in a lush gre.mp4",16.0,961,832,480,60.062
i2v,rt500_cm,60s,"A completely fixed, static, tripod-mounted camera records a heavy daytime snowstorm on a dense city .mp4",16.0,961,832,480,60.062
i2v,rt500_cm,60s,"A completely fixed, static, tripod-mounted camera records a heavy nighttime snowfall on a quiet hist.mp4",16.0,961,832,480,60.062
i2v,rt500_cm,60s,"A completely fixed, static, tripod-mounted camera records a lone windswept pine clinging to a bare r.mp4",16.0,961,832,480,60.062
i2v,rt500_cm,60s,"A completely fixed, static, tripod-mounted camera records a multi-tiered cascading forest stream fro.mp4",16.0,961,832,480,60.062
i2v,rt500_cm,60s,"A completely fixed, static, tripod-mounted camera records a quiet urban park river at night. The cam.mp4",16.0,961,832,480,60.062
i2v,rt500_cm,60s,"A completely fixed, static, tripod-mounted camera records a rain-drenched forest path in late aftern.mp4",16.0,961,832,480,60.062
i2v,rt500_cm,60s,"A completely fixed, static, tripod-mounted camera records a swollen muddy flood torrent surging thro.mp4",16.0,961,832,480,60.062
i2v,rt500_cm,60s,"A completely fixed, static, tripod-mounted camera records a swollen winter flood river from a low ba.mp4",16.0,961,832,480,60.062
i2v,rt500_cm,60s,"A completely fixed, static, tripod-mounted camera records a tranquil moonlit ocean seascape at night.mp4",16.0,961,832,480,60.062
i2v,rt500_cm,60s,"A completely fixed, static, tripod-mounted camera records a tranquil street in a Japanese city durin.mp4",16.0,961,832,480,60.062
i2v,rt500_cm,60s,"A completely fixed, static, tripod-mounted camera records a tropical beach with overhanging coconut .mp4",16.0,961,832,480,60.062
i2v,rt500_cm,60s,"A completely fixed, static, tripod-mounted camera records a violent volcanic eruption at deep blue h.mp4",16.0,961,832,480,60.062
i2v,rt500_cm,60s,"A completely fixed, static, tripod-mounted camera records an active snowfall in a dense mountain spr.mp4",16.0,961,832,480,60.062
i2v,rt500_cm,60s,"A completely fixed, static, tripod-mounted camera records an active snowfall over a wide open alpine.mp4",16.0,961,832,480,60.062
i2v,rt500_cm,60s,"A completely fixed, static, tripod-mounted camera records an active volcanic lava ocean entry event .mp4",16.0,961,832,480,60.062
i2v,rt500_cm,60s,"A completely fixed, static, tripod-mounted camera records an erupting stratovolcano at golden sunset.mp4",16.0,961,832,480,60.062
i2v,rt500_cm,60s,"A completely fixed, static, tripod-mounted camera records an extremely heavy nighttime snowfall on a.mp4",16.0,961,832,480,60.062
i2v,rt500_cm,60s,"A completely fixed, static, tripod-mounted camera records moderate rainfall in a cultivated garden a.mp4",16.0,961,832,480,60.062
i2v,rt500_cm,60s,"A completely fixed, static, tripod-mounted camera records the underside of a long concrete river bri.mp4",16.0,961,832,480,60.062
i2v,rt500_cm,60s,"A completely fixed, static, tripod-mounted camera records two coconut palms thrashing in a violent t.mp4",16.0,961,832,480,60.062
i2v,self_forcing,120s,"A completely fixed, static, aerial tripod-mounted camera records an active lava flow cutting through.mp4",16.0,1921,832,480,120.062
i2v,self_forcing,120s,"A completely fixed, static, close-range tripod-mounted camera records a massive open-ocean wave pitc.mp4",16.0,1921,832,480,120.062
i2v,self_forcing,120s,"A completely fixed, static, close-range tripod-mounted camera records a single large ocean wave curl.mp4",16.0,1921,832,480,120.062
i2v,self_forcing,120s,"A completely fixed, static, close-range tripod-mounted camera records a small forest creek cascading.mp4",16.0,1921,832,480,120.062
i2v,self_forcing,120s,"A completely fixed, static, low-water-level tripod-mounted camera records a calm mountain river flow.mp4",16.0,1921,832,480,120.062
i2v,self_forcing,120s,"A completely fixed, static, tripod-mounted camera records a bright blue sky filled with drifting whi.mp4",16.0,1921,832,480,120.062
i2v,self_forcing,120s,"A completely fixed, static, tripod-mounted camera records a channelized urban river running through .mp4",16.0,1921,832,480,120.062
i2v,self_forcing,120s,"A completely fixed, static, tripod-mounted camera records a clear river flowing past a grassy bank a.mp4",16.0,1921,832,480,120.062
i2v,self_forcing,120s,"A completely fixed, static, tripod-mounted camera records a dense city at dusk with a massive dark p.mp4",16.0,1921,832,480,120.062
i2v,self_forcing,120s,"A completely fixed, static, tripod-mounted camera records a desert dust storm advancing across a fla.mp4",16.0,1921,832,480,120.062
i2v,self_forcing,120s,"A completely fixed, static, tripod-mounted camera records a fast mountain river running through a ro.mp4",16.0,1921,832,480,120.062
i2v,self_forcing,120s,"A completely fixed, static, tripod-mounted camera records a heavy snowfall over a snow-covered alpin.mp4",16.0,1921,832,480,120.062
i2v,self_forcing,120s,"A completely fixed, static, tripod-mounted camera records a long row of tall palms thrashing in a tr.mp4",16.0,1921,832,480,120.062
i2v,self_forcing,120s,"A completely fixed, static, tripod-mounted camera records a nighttime city skyline backed by a large.mp4",16.0,1921,832,480,120.062
i2v,self_forcing,120s,"A completely fixed, static, tripod-mounted camera records a rainy narrow city alley at night in desa.mp4",16.0,1921,832,480,120.062
i2v,self_forcing,120s,"A completely fixed, static, tripod-mounted camera records a swollen flood river spilling across subm.mp4",16.0,1921,832,480,120.062
i2v,self_forcing,120s,"A completely fixed, static, tripod-mounted camera records a tree-lined city street in autumn with fa.mp4",16.0,1921,832,480,120.062
i2v,self_forcing,120s,"A completely fixed, static, tripod-mounted camera records a tropical white-sand beach with a leaning.mp4",16.0,1921,832,480,120.062
i2v,self_forcing,120s,"A completely fixed, static, tripod-mounted camera records an active grass-and-brush wildfire spreadi.mp4",16.0,1921,832,480,120.062
i2v,self_forcing,120s,"A completely fixed, static, tripod-mounted camera records an extremely heavy daytime snowfall over a.mp4",16.0,1921,832,480,120.062
i2v,self_forcing,240s,"A completely fixed, static, close-range tripod-mounted camera records heavy tropical rain pouring of.mp4",16.0,3841,832,480,240.062
i2v,self_forcing,240s,"A completely fixed, static, tripod-mounted camera records a calm tropical bay framed by a large over.mp4",16.0,3841,832,480,240.062
i2v,self_forcing,240s,"A completely fixed, static, tripod-mounted camera records a historic Kyoto canal lined with traditio.mp4",16.0,3841,832,480,240.062
i2v,self_forcing,240s,"A completely fixed, static, tripod-mounted camera records a tranquil tropical beach with leaning pal.mp4",16.0,3841,832,480,240.062
i2v,self_forcing,240s,"A completely fixed, static, tripod-mounted camera records an active braided lava flow advancing acro.mp4",16.0,3841,832,480,240.062
i2v,self_forcing,5s,"A completely fixed, static, macro-closeup tripod-mounted camera records heavy rainfall falling direc.mp4",16.0,97,832,480,6.062
i2v,self_forcing,5s,"A completely fixed, static, tripod-mounted camera records a burning indoor fireplace from a direct f.mp4",16.0,97,832,480,6.062
i2v,self_forcing,5s,"A completely fixed, static, tripod-mounted camera records a calm urban river at deep blue twilight f.mp4",16.0,97,832,480,6.062
i2v,self_forcing,5s,"A completely fixed, static, tripod-mounted camera records a catastrophic desert haboob sandstorm app.mp4",16.0,97,832,480,6.062
i2v,self_forcing,5s,"A completely fixed, static, tripod-mounted camera records a dense urban residential and commercial d.mp4",16.0,97,832,480,6.062
i2v,self_forcing,5s,"A completely fixed, static, tripod-mounted camera records a historic Kyoto canal lined with cherry b.mp4",16.0,97,832,480,6.062
i2v,self_forcing,5s,"A completely fixed, static, tripod-mounted camera records an active snowfall over the ornate Bow Bri.mp4",16.0,97,832,480,6.062
i2v,self_forcing,5s,"A completely fixed, static, tripod-mounted camera records an active volcanic lava flow field at blue.mp4",16.0,97,832,480,6.062
i2v,self_forcing,5s,"A completely fixed, static, tripod-mounted camera records an extremely heavy nighttime snowfall on a.mp4",16.0,97,832,480,6.062
i2v,self_forcing,5s,"A completely fixed, static, tripod-mounted camera records an urban intersection fire and explosion e.mp4",16.0,97,832,480,6.062
i2v,self_forcing,60s,"A completely fixed, static, macro tripod-mounted camera records heavy urban rainfall from an extreme.mp4",16.0,961,832,480,60.062
i2v,self_forcing,60s,"A completely fixed, static, macro-range tripod-mounted camera records a rain-streaked window pane wi.mp4",16.0,961,832,480,60.062
i2v,self_forcing,60s,"A completely fixed, static, tripod-mounted camera records a burning forest campfire at night from a .mp4",16.0,961,832,480,60.062
i2v,self_forcing,60s,"A completely fixed, static, tripod-mounted camera records a calm overcast coastal beach scene from a.mp4",16.0,961,832,480,60.062
i2v,self_forcing,60s,"A completely fixed, static, tripod-mounted camera records a calm winter river from a slightly elevat.mp4",16.0,961,832,480,60.062
i2v,self_forcing,60s,"A completely fixed, static, tripod-mounted camera records a clear summer forest stream with boulder .mp4",16.0,961,832,480,60.062
i2v,self_forcing,60s,"A completely fixed, static, tripod-mounted camera records a coastal tuff cone headland and the open .mp4",16.0,961,832,480,60.062
i2v,self_forcing,60s,"A completely fixed, static, tripod-mounted camera records a desert dust storm sweeping across a flat.mp4",16.0,961,832,480,60.062
i2v,self_forcing,60s,"A completely fixed, static, tripod-mounted camera records a fast mountain river cascading over a bou.mp4",16.0,961,832,480,60.062
i2v,self_forcing,60s,"A completely fixed, static, tripod-mounted camera records a gentle clear forest stream in a lush gre.mp4",16.0,961,832,480,60.062
i2v,self_forcing,60s,"A completely fixed, static, tripod-mounted camera records a heavy daytime snowstorm on a dense city .mp4",16.0,961,832,480,60.062
i2v,self_forcing,60s,"A completely fixed, static, tripod-mounted camera records a heavy nighttime snowfall on a quiet hist.mp4",16.0,961,832,480,60.062
i2v,self_forcing,60s,"A completely fixed, static, tripod-mounted camera records a lone windswept pine clinging to a bare r.mp4",16.0,961,832,480,60.062
i2v,self_forcing,60s,"A completely fixed, static, tripod-mounted camera records a multi-tiered cascading forest stream fro.mp4",16.0,961,832,480,60.062
i2v,self_forcing,60s,"A completely fixed, static, tripod-mounted camera records a quiet urban park river at night. The cam.mp4",16.0,961,832,480,60.062
i2v,self_forcing,60s,"A completely fixed, static, tripod-mounted camera records a rain-drenched forest path in late aftern.mp4",16.0,961,832,480,60.062
i2v,self_forcing,60s,"A completely fixed, static, tripod-mounted camera records a swollen muddy flood torrent surging thro.mp4",16.0,961,832,480,60.062
i2v,self_forcing,60s,"A completely fixed, static, tripod-mounted camera records a swollen winter flood river from a low ba.mp4",16.0,961,832,480,60.062
i2v,self_forcing,60s,"A completely fixed, static, tripod-mounted camera records a tranquil moonlit ocean seascape at night.mp4",16.0,961,832,480,60.062
i2v,self_forcing,60s,"A completely fixed, static, tripod-mounted camera records a tranquil street in a Japanese city durin.mp4",16.0,961,832,480,60.062
i2v,self_forcing,60s,"A completely fixed, static, tripod-mounted camera records a tropical beach with overhanging coconut .mp4",16.0,961,832,480,60.062
i2v,self_forcing,60s,"A completely fixed, static, tripod-mounted camera records a violent volcanic eruption at deep blue h.mp4",16.0,961,832,480,60.062
i2v,self_forcing,60s,"A completely fixed, static, tripod-mounted camera records an active snowfall in a dense mountain spr.mp4",16.0,961,832,480,60.062
i2v,self_forcing,60s,"A completely fixed, static, tripod-mounted camera records an active snowfall over a wide open alpine.mp4",16.0,961,832,480,60.062
i2v,self_forcing,60s,"A completely fixed, static, tripod-mounted camera records an active volcanic lava ocean entry event .mp4",16.0,961,832,480,60.062
i2v,self_forcing,60s,"A completely fixed, static, tripod-mounted camera records an erupting stratovolcano at golden sunset.mp4",16.0,961,832,480,60.062
i2v,self_forcing,60s,"A completely fixed, static, tripod-mounted camera records an extremely heavy nighttime snowfall on a.mp4",16.0,961,832,480,60.062
i2v,self_forcing,60s,"A completely fixed, static, tripod-mounted camera records moderate rainfall in a cultivated garden a.mp4",16.0,961,832,480,60.062
i2v,self_forcing,60s,"A completely fixed, static, tripod-mounted camera records the underside of a long concrete river bri.mp4",16.0,961,832,480,60.062
i2v,self_forcing,60s,"A completely fixed, static, tripod-mounted camera records two coconut palms thrashing in a violent t.mp4",16.0,961,832,480,60.062
i2v,steady,120s,"A completely fixed, static, aerial tripod-mounted camera records an active lava flow cutting through.mp4",16.0,1921,832,480,120.062
i2v,steady,120s,"A completely fixed, static, close-range tripod-mounted camera records a massive open-ocean wave pitc.mp4",16.0,1921,832,480,120.062
i2v,steady,120s,"A completely fixed, static, close-range tripod-mounted camera records a single large ocean wave curl.mp4",16.0,1921,832,480,120.062
i2v,steady,120s,"A completely fixed, static, close-range tripod-mounted camera records a small forest creek cascading.mp4",16.0,1921,832,480,120.062
i2v,steady,120s,"A completely fixed, static, low-water-level tripod-mounted camera records a calm mountain river flow.mp4",16.0,1921,832,480,120.062
i2v,steady,120s,"A completely fixed, static, tripod-mounted camera records a bright blue sky filled with drifting whi.mp4",16.0,1921,832,480,120.062
i2v,steady,120s,"A completely fixed, static, tripod-mounted camera records a channelized urban river running through .mp4",16.0,1921,832,480,120.062
i2v,steady,120s,"A completely fixed, static, tripod-mounted camera records a clear river flowing past a grassy bank a.mp4",16.0,1921,832,480,120.062
i2v,steady,120s,"A completely fixed, static, tripod-mounted camera records a dense city at dusk with a massive dark p.mp4",16.0,1921,832,480,120.062
i2v,steady,120s,"A completely fixed, static, tripod-mounted camera records a desert dust storm advancing across a fla.mp4",16.0,1921,832,480,120.062
i2v,steady,120s,"A completely fixed, static, tripod-mounted camera records a fast mountain river running through a ro.mp4",16.0,1921,832,480,120.062
i2v,steady,120s,"A completely fixed, static, tripod-mounted camera records a heavy snowfall over a snow-covered alpin.mp4",16.0,1921,832,480,120.062
i2v,steady,120s,"A completely fixed, static, tripod-mounted camera records a long row of tall palms thrashing in a tr.mp4",16.0,1921,832,480,120.062
i2v,steady,120s,"A completely fixed, static, tripod-mounted camera records a nighttime city skyline backed by a large.mp4",16.0,1921,832,480,120.062
i2v,steady,120s,"A completely fixed, static, tripod-mounted camera records a rainy narrow city alley at night in desa.mp4",16.0,1921,832,480,120.062
i2v,steady,120s,"A completely fixed, static, tripod-mounted camera records a swollen flood river spilling across subm.mp4",16.0,1921,832,480,120.062
i2v,steady,120s,"A completely fixed, static, tripod-mounted camera records a tree-lined city street in autumn with fa.mp4",16.0,1921,832,480,120.062
i2v,steady,120s,"A completely fixed, static, tripod-mounted camera records a tropical white-sand beach with a leaning.mp4",16.0,1921,832,480,120.062
i2v,steady,120s,"A completely fixed, static, tripod-mounted camera records an active grass-and-brush wildfire spreadi.mp4",16.0,1921,832,480,120.062
i2v,steady,120s,"A completely fixed, static, tripod-mounted camera records an extremely heavy daytime snowfall over a.mp4",16.0,1921,832,480,120.062
i2v,steady,240s,"A completely fixed, static, close-range tripod-mounted camera records heavy tropical rain pouring of.mp4",16.0,3841,832,480,240.062
i2v,steady,240s,"A completely fixed, static, tripod-mounted camera records a calm tropical bay framed by a large over.mp4",16.0,3841,832,480,240.062
i2v,steady,240s,"A completely fixed, static, tripod-mounted camera records a historic Kyoto canal lined with traditio.mp4",16.0,3841,832,480,240.062
i2v,steady,240s,"A completely fixed, static, tripod-mounted camera records a tranquil tropical beach with leaning pal.mp4",16.0,3841,832,480,240.062
i2v,steady,240s,"A completely fixed, static, tripod-mounted camera records an active braided lava flow advancing acro.mp4",16.0,3841,832,480,240.062
i2v,steady,5s,"A completely fixed, static, macro-closeup tripod-mounted camera records heavy rainfall falling direc.mp4",16.0,97,832,480,6.062
i2v,steady,5s,"A completely fixed, static, tripod-mounted camera records a burning indoor fireplace from a direct f.mp4",16.0,97,832,480,6.062
i2v,steady,5s,"A completely fixed, static, tripod-mounted camera records a calm urban river at deep blue twilight f.mp4",16.0,97,832,480,6.062
i2v,steady,5s,"A completely fixed, static, tripod-mounted camera records a catastrophic desert haboob sandstorm app.mp4",16.0,97,832,480,6.062
i2v,steady,5s,"A completely fixed, static, tripod-mounted camera records a dense urban residential and commercial d.mp4",16.0,97,832,480,6.062
i2v,steady,5s,"A completely fixed, static, tripod-mounted camera records a historic Kyoto canal lined with cherry b.mp4",16.0,97,832,480,6.062
i2v,steady,5s,"A completely fixed, static, tripod-mounted camera records an active snowfall over the ornate Bow Bri.mp4",16.0,97,832,480,6.062
i2v,steady,5s,"A completely fixed, static, tripod-mounted camera records an active volcanic lava flow field at blue.mp4",16.0,97,832,480,6.062
i2v,steady,5s,"A completely fixed, static, tripod-mounted camera records an extremely heavy nighttime snowfall on a.mp4",16.0,97,832,480,6.062
i2v,steady,5s,"A completely fixed, static, tripod-mounted camera records an urban intersection fire and explosion e.mp4",16.0,97,832,480,6.062
i2v,steady,60s,"A completely fixed, static, macro tripod-mounted camera records heavy urban rainfall from an extreme.mp4",16.0,961,832,480,60.062
i2v,steady,60s,"A completely fixed, static, macro-range tripod-mounted camera records a rain-streaked window pane wi.mp4",16.0,961,832,480,60.062
i2v,steady,60s,"A completely fixed, static, tripod-mounted camera records a burning forest campfire at night from a .mp4",16.0,961,832,480,60.062
i2v,steady,60s,"A completely fixed, static, tripod-mounted camera records a calm overcast coastal beach scene from a.mp4",16.0,961,832,480,60.062
i2v,steady,60s,"A completely fixed, static, tripod-mounted camera records a calm winter river from a slightly elevat.mp4",16.0,961,832,480,60.062
i2v,steady,60s,"A completely fixed, static, tripod-mounted camera records a clear summer forest stream with boulder .mp4",16.0,961,832,480,60.062
i2v,steady,60s,"A completely fixed, static, tripod-mounted camera records a coastal tuff cone headland and the open .mp4",16.0,961,832,480,60.062
i2v,steady,60s,"A completely fixed, static, tripod-mounted camera records a desert dust storm sweeping across a flat.mp4",16.0,961,832,480,60.062
i2v,steady,60s,"A completely fixed, static, tripod-mounted camera records a fast mountain river cascading over a bou.mp4",16.0,961,832,480,60.062
i2v,steady,60s,"A completely fixed, static, tripod-mounted camera records a gentle clear forest stream in a lush gre.mp4",16.0,961,832,480,60.062
i2v,steady,60s,"A completely fixed, static, tripod-mounted camera records a heavy daytime snowstorm on a dense city .mp4",16.0,961,832,480,60.062
i2v,steady,60s,"A completely fixed, static, tripod-mounted camera records a heavy nighttime snowfall on a quiet hist.mp4",16.0,961,832,480,60.062
i2v,steady,60s,"A completely fixed, static, tripod-mounted camera records a lone windswept pine clinging to a bare r.mp4",16.0,961,832,480,60.062
i2v,steady,60s,"A completely fixed, static, tripod-mounted camera records a multi-tiered cascading forest stream fro.mp4",16.0,961,832,480,60.062
i2v,steady,60s,"A completely fixed, static, tripod-mounted camera records a quiet urban park river at night. The cam.mp4",16.0,961,832,480,60.062
i2v,steady,60s,"A completely fixed, static, tripod-mounted camera records a rain-drenched forest path in late aftern.mp4",16.0,961,832,480,60.062
i2v,steady,60s,"A completely fixed, static, tripod-mounted camera records a swollen muddy flood torrent surging thro.mp4",16.0,961,832,480,60.062
i2v,steady,60s,"A completely fixed, static, tripod-mounted camera records a swollen winter flood river from a low ba.mp4",16.0,961,832,480,60.062
i2v,steady,60s,"A completely fixed, static, tripod-mounted camera records a tranquil moonlit ocean seascape at night.mp4",16.0,961,832,480,60.062
i2v,steady,60s,"A completely fixed, static, tripod-mounted camera records a tranquil street in a Japanese city durin.mp4",16.0,961,832,480,60.062
i2v,steady,60s,"A completely fixed, static, tripod-mounted camera records a tropical beach with overhanging coconut .mp4",16.0,961,832,480,60.062
i2v,steady,60s,"A completely fixed, static, tripod-mounted camera records a violent volcanic eruption at deep blue h.mp4",16.0,961,832,480,60.062
i2v,steady,60s,"A completely fixed, static, tripod-mounted camera records an active snowfall in a dense mountain spr.mp4",16.0,961,832,480,60.062
i2v,steady,60s,"A completely fixed, static, tripod-mounted camera records an active snowfall over a wide open alpine.mp4",16.0,961,832,480,60.062
i2v,steady,60s,"A completely fixed, static, tripod-mounted camera records an active volcanic lava ocean entry event .mp4",16.0,961,832,480,60.062
i2v,steady,60s,"A completely fixed, static, tripod-mounted camera records an erupting stratovolcano at golden sunset.mp4",16.0,961,832,480,60.062
i2v,steady,60s,"A completely fixed, static, tripod-mounted camera records an extremely heavy nighttime snowfall on a.mp4",16.0,961,832,480,60.062
i2v,steady,60s,"A completely fixed, static, tripod-mounted camera records moderate rainfall in a cultivated garden a.mp4",16.0,961,832,480,60.062
i2v,steady,60s,"A completely fixed, static, tripod-mounted camera records the underside of a long concrete river bri.mp4",16.0,961,832,480,60.062
i2v,steady,60s,"A completely fixed, static, tripod-mounted camera records two coconut palms thrashing in a violent t.mp4",16.0,961,832,480,60.062
i2v,wan21_i2v,5s,"A completely fixed, static, macro-closeup tripod-mounted camera records heavy rainfall falling direc.mp4",16.0,81,832,464,5.062
i2v,wan21_i2v,5s,"A completely fixed, static, tripod-mounted camera records a burning indoor fireplace from a direct f.mp4",16.0,81,832,464,5.062
i2v,wan21_i2v,5s,"A completely fixed, static, tripod-mounted camera records a calm urban river at deep blue twilight f.mp4",16.0,81,832,464,5.062
i2v,wan21_i2v,5s,"A completely fixed, static, tripod-mounted camera records a catastrophic desert haboob sandstorm app.mp4",16.0,81,832,464,5.062
i2v,wan21_i2v,5s,"A completely fixed, static, tripod-mounted camera records a dense urban residential and commercial d.mp4",16.0,81,832,464,5.062
i2v,wan21_i2v,5s,"A completely fixed, static, tripod-mounted camera records a historic Kyoto canal lined with cherry b.mp4",16.0,81,832,464,5.062
i2v,wan21_i2v,5s,"A completely fixed, static, tripod-mounted camera records an active snowfall over the ornate Bow Bri.mp4",16.0,81,832,464,5.062
i2v,wan21_i2v,5s,"A completely fixed, static, tripod-mounted camera records an active volcanic lava flow field at blue.mp4",16.0,81,832,464,5.062
i2v,wan21_i2v,5s,"A completely fixed, static, tripod-mounted camera records an extremely heavy nighttime snowfall on a.mp4",16.0,81,832,464,5.062
i2v,wan21_i2v,5s,"A completely fixed, static, tripod-mounted camera records an urban intersection fire and explosion e.mp4",16.0,81,832,464,5.062
i2v,wan22_i2v,5s,"A completely fixed, static, macro-closeup tripod-mounted camera records heavy rainfall falling direc.mp4",16.0,81,832,464,5.062
i2v,wan22_i2v,5s,"A completely fixed, static, tripod-mounted camera records a burning indoor fireplace from a direct f.mp4",16.0,81,832,464,5.062
i2v,wan22_i2v,5s,"A completely fixed, static, tripod-mounted camera records a calm urban river at deep blue twilight f.mp4",16.0,81,832,464,5.062
i2v,wan22_i2v,5s,"A completely fixed, static, tripod-mounted camera records a catastrophic desert haboob sandstorm app.mp4",16.0,81,832,464,5.062
i2v,wan22_i2v,5s,"A completely fixed, static, tripod-mounted camera records a dense urban residential and commercial d.mp4",16.0,81,832,464,5.062
i2v,wan22_i2v,5s,"A completely fixed, static, tripod-mounted camera records a historic Kyoto canal lined with cherry b.mp4",16.0,81,832,464,5.062
i2v,wan22_i2v,5s,"A completely fixed, static, tripod-mounted camera records an active snowfall over the ornate Bow Bri.mp4",16.0,81,832,464,5.062
i2v,wan22_i2v,5s,"A completely fixed, static, tripod-mounted camera records an active volcanic lava flow field at blue.mp4",16.0,81,832,464,5.062
i2v,wan22_i2v,5s,"A completely fixed, static, tripod-mounted camera records an extremely heavy nighttime snowfall on a.mp4",16.0,81,832,464,5.062
i2v,wan22_i2v,5s,"A completely fixed, static, tripod-mounted camera records an urban intersection fire and explosion e.mp4",16.0,81,832,464,5.062
t2v,CausVid,120s,"A_cinematic_wide_shot_of_a_serene_forest_river,_its_crystal-clear_water_flowing_gently_and_unendingl-0-1778567128.886706.mp4",16.0,1917,832,480,119.812
t2v,CausVid,120s,"A_dangerous_hillside_storm,_recorded_by_a_static_tripod_camera._The_immovable_rocky_slopes_and_solid-0-1778568966.9599426.mp4",16.0,1917,832,480,119.812
t2v,CausVid,120s,"A_dramatic_medium_shot_of_a_massive_mountain_waterfall,_deep_blue_water_crashing_and_splashing_viole-0-1778567491.5350704.mp4",16.0,1917,832,480,119.812
t2v,CausVid,120s,"A_rainy_urban_street_at_night,_recorded_by_a_fixed_tripod_camera._The_solid_concrete_buildings_and_m-0-1778568595.9685218.mp4",16.0,1917,832,480,119.812
t2v,CausVid,120s,"A_tranquil_rural_canal_beside_a_heavy_stone_embankment,_recorded_by_a_completely_fixed,_static,_trip-0-1778568217.877459.mp4",16.0,1917,832,480,119.812
t2v,CausVid,120s,An_alpine_meadow_below_snowline_featuring_a_broad_lowland_river_rushing_downstream_in_a_relentless_c-0-1778567850.7636106.mp4,16.0,1917,832,480,119.812
t2v,CausVid,240s,"A_South_Korean_urban_rainstorm,_recorded_by_a_fixed_tripod_camera._Rain_falls_continuously_onto_the_-0-1778722003.4437373.mp4",16.0,3837,832,480,239.812
t2v,CausVid,240s,"A_massive_mountain_waterfall_crashing_continuously_into_a_misty_pool,_recorded_by_a_completely_fixed-0-1778720189.5123663.mp4",16.0,3837,832,480,239.812
t2v,CausVid,240s,"A_serene_forest_river,_its_clear_water_flowing_over_smooth_stones_without_pause_or_interruption,_rec-0-1778718551.4682739.mp4",16.0,3837,832,480,239.812
t2v,CausVid,240s,"A_violent_hillside_storm,_recorded_by_a_static_tripod_camera._Tall_trees_thrash_continuously_in_fier-0-1778723238.9600837.mp4",16.0,3837,832,480,239.812
t2v,CausVid,5s,"A_South_Korean_urban_street_at_night_during_rainfall,_recorded_by_a_completely_fixed,_static,_tripod-0-1778471300.1853814.mp4",16.0,93,832,480,5.812
t2v,CausVid,5s,"A_fast-moving_mountain_stream_cascading_over_smooth_rocks,_recorded_by_a_completely_fixed,_static,_t-0-1778471283.864669.mp4",16.0,93,832,480,5.812
t2v,CausVid,5s,"A_narrow_woodland_stream_winding_between_moss-covered_rocks,_recorded_by_a_completely_fixed,_static,-0-1778471236.115601.mp4",16.0,93,832,480,5.812
t2v,CausVid,5s,"A_rural_fire_pit_beside_a_heavy_stone_wall,_recorded_by_a_completely_fixed,_static,_tripod-mounted_c-0-1778471267.7129314.mp4",16.0,93,832,480,5.812
t2v,CausVid,5s,"A_sandy_ocean_shoreline_at_dusk,_recorded_by_a_completely_fixed,_static,_tripod-mounted_camera._The_-0-1778471251.9732113.mp4",16.0,93,832,480,5.812
t2v,CausVid,5s,"A_tranquil_river_beneath_a_moss-covered_concrete_bridge,_recorded_by_a_completely_fixed,_static,_tri-0-1778471220.25531.mp4",16.0,93,832,480,5.812
t2v,CausVid,60s,"A_Himalayan_foothills_scene_featuring_a_tidal_channel_cascading_continuously_over_smooth_rocks,_reco-0-1778546006.5540564.mp4",16.0,957,832,480,59.812
t2v,CausVid,60s,A_Norwegian_fjord_approach_scene_featuring_a_shallow_forest_creek_that_gushes_continuously_with_visi-0-1778545636.4787872.mp4,16.0,957,832,480,59.812
t2v,CausVid,60s,A_Pacific_Northwest_old-growth_forest_scene_featuring_a_cascading_mountain_waterfall_gliding_swiftly-0-1778546894.2651095.mp4,16.0,957,832,480,59.812
t2v,CausVid,60s,"A_South_Korean_countryside_scene_featuring_a_wide_river_streaming_endlessly_in_one_direction,_record-0-1778546712.053493.mp4",16.0,957,832,480,59.812
t2v,CausVid,60s,"A_beautiful_South_Korean_empty_sea_beach_scene,_recorded_by_a_completely_fixed,_static,_tripod-mount-0-1778545272.5717168.mp4",16.0,957,832,480,59.812
t2v,CausVid,60s,"A_beautiful_rural_South_Korean_street_food_shop_scene,_recorded_by_a_completely_fixed,_static,_tripo-0-1778547814.2285447.mp4",16.0,957,832,480,59.812
t2v,CausVid,60s,"A_completely_fixed,_tripod-mounted_camera_captures_a_flooded_urban_street_in_Goyang-si,_Wondang,_Sou-0-1778547256.1895747.mp4",16.0,957,832,480,59.812
t2v,CausVid,60s,"A_continuous_South_Korean_rainy_city_street_scene,_recorded_by_a_completely_fixed,_static,_tripod-mo-0-1778547995.7050707.mp4",16.0,957,832,480,59.812
t2v,CausVid,60s,"A_continuous_South_Korean_urban_town_street_scene_during_snowfall,_recorded_by_a_completely_fixed,_s-0-1778548360.1046338.mp4",16.0,957,832,480,59.812
t2v,CausVid,60s,"A_continuous_urban_fire_scene,_recorded_by_a_completely_fixed,_static,_tripod-mounted_camera._The_ca-0-1778547624.1644974.mp4",16.0,957,832,480,59.812
t2v,CausVid,60s,"A_dangerous_South_Korean_hilly_forest_storm_scene,_recorded_by_a_completely_fixed,_static,_tripod-mo-0-1778548544.05884.mp4",16.0,957,832,480,59.812
t2v,CausVid,60s,"A_dangerous_rural_South_Korean_river_scene_at_night,_recorded_by_a_completely_fixed,_static,_tripod--0-1778548723.6753502.mp4",16.0,957,832,480,59.812
t2v,CausVid,60s,"A_high_desert_canyon_scene_featuring_a_wide_river_sweeping_forward_carrying_foam_and_debris,_recorde-0-1778546530.951825.mp4",16.0,957,832,480,59.812
t2v,CausVid,60s,"A_serene_woodland_stream_scene,_recorded_by_a_completely_fixed,_static,_tripod-mounted_camera._The_c-0-1778545084.7137713.mp4",16.0,957,832,480,59.812
t2v,CausVid,60s,"A_storm-swollen_rural_stream,_recorded_by_a_fixed_tripod_camera._The_solid_paved_road_and_motionless-0-1778547438.0874448.mp4",16.0,957,832,480,59.812
t2v,CausVid,60s,"A_stormy_sea_cliff_in_South_Korea,_recorded_by_a_static_tripod_camera._The_heavy_stone_cliffs_and_im-0-1778548902.33434.mp4",16.0,957,832,480,59.812
t2v,CausVid,60s,"A_stunning_South_Korean_urban_neighborhood_park_scene_during_cherry_blossom_season,_recorded_by_a_co-0-1778548180.997005.mp4",16.0,957,832,480,59.812
t2v,CausVid,60s,"A_stunning_tranquil_river_scene_beneath_a_concrete_bridge,_recorded_by_a_completely_fixed,_static,_t-0-1778544907.13933.mp4",16.0,957,832,480,59.812
t2v,CausVid,60s,"A_tranquil_mountain_stream_in_a_rural_South_Korean_valley,_recorded_by_a_completely_fixed,_static,_t-0-1778545456.8680406.mp4",16.0,957,832,480,59.812
t2v,CausVid,60s,"A_tropical_jungle_clearing_featuring_a_broad_lowland_river_coursing_powerfully_through_the_channel,_-0-1778546354.676397.mp4",16.0,957,832,480,59.812
t2v,CausVid,60s,"An_alpine_meadow_below_snowline_featuring_a_multi-tiered_waterfall_gliding_swiftly_with_dark,_deep_c-0-1778546182.3436406.mp4",16.0,957,832,480,59.812
t2v,CausVid,60s,"An_ancient_stone_city_waterway_featuring_fast-moving_rapids_streaming_endlessly_in_one_direction,_re-0-1778545818.873297.mp4",16.0,957,832,480,59.812
t2v,CausVid,60s,"An_urban_storm_drain_canal,_recorded_by_a_static_tripod_camera._The_heavy_concrete_walls_and_immovab-0-1778547074.850378.mp4",16.0,957,832,480,59.812
t2v,causal_forcing,120s,"A_cinematic_wide_shot_of_a_serene_forest_river,_its_crystal-clear_water_flowing_gently_and_unendingl-0-1778568258.9034567.mp4",16.0,1917,832,480,119.812
t2v,causal_forcing,120s,"A_dangerous_hillside_storm,_recorded_by_a_static_tripod_camera._The_immovable_rocky_slopes_and_solid-0-1778570190.1330893.mp4",16.0,1917,832,480,119.812
t2v,causal_forcing,120s,"A_dramatic_medium_shot_of_a_massive_mountain_waterfall,_deep_blue_water_crashing_and_splashing_viole-0-1778568656.8316386.mp4",16.0,1917,832,480,119.812
t2v,causal_forcing,120s,"A_rainy_urban_street_at_night,_recorded_by_a_fixed_tripod_camera._The_solid_concrete_buildings_and_m-0-1778569802.2011917.mp4",16.0,1917,832,480,119.812
t2v,causal_forcing,120s,"A_tranquil_rural_canal_beside_a_heavy_stone_embankment,_recorded_by_a_completely_fixed,_static,_trip-0-1778569417.2516427.mp4",16.0,1917,832,480,119.812
t2v,causal_forcing,120s,An_alpine_meadow_below_snowline_featuring_a_broad_lowland_river_rushing_downstream_in_a_relentless_c-0-1778569044.429361.mp4,16.0,1917,832,480,119.812
t2v,causal_forcing,240s,"A_South_Korean_urban_rainstorm,_recorded_by_a_fixed_tripod_camera._Rain_falls_continuously_onto_the_-0-1778723257.865592.mp4",16.0,3837,832,480,239.812
t2v,causal_forcing,240s,"A_massive_mountain_waterfall_crashing_continuously_into_a_misty_pool,_recorded_by_a_completely_fixed-0-1778721999.9353883.mp4",16.0,3837,832,480,239.812
t2v,causal_forcing,240s,"A_serene_forest_river,_its_clear_water_flowing_over_smooth_stones_without_pause_or_interruption,_rec-0-1778719147.8470645.mp4",16.0,3837,832,480,239.812
t2v,causal_forcing,240s,"A_violent_hillside_storm,_recorded_by_a_static_tripod_camera._Tall_trees_thrash_continuously_in_fier-0-1778724475.410596.mp4",16.0,3837,832,480,239.812
t2v,causal_forcing,5s,"A_South_Korean_urban_street_at_night_during_rainfall,_recorded_by_a_completely_fixed,_static,_tripod-0-1778469942.8257315.mp4",16.0,93,832,480,5.812
t2v,causal_forcing,5s,"A_fast-moving_mountain_stream_cascading_over_smooth_rocks,_recorded_by_a_completely_fixed,_static,_t-0-1778469925.499128.mp4",16.0,93,832,480,5.812
t2v,causal_forcing,5s,"A_narrow_woodland_stream_winding_between_moss-covered_rocks,_recorded_by_a_completely_fixed,_static,-0-1778469876.8175852.mp4",16.0,93,832,480,5.812
t2v,causal_forcing,5s,"A_rural_fire_pit_beside_a_heavy_stone_wall,_recorded_by_a_completely_fixed,_static,_tripod-mounted_c-0-1778469909.120206.mp4",16.0,93,832,480,5.812
t2v,causal_forcing,5s,"A_sandy_ocean_shoreline_at_dusk,_recorded_by_a_completely_fixed,_static,_tripod-mounted_camera._The_-0-1778469892.9928312.mp4",16.0,93,832,480,5.812
t2v,causal_forcing,5s,"A_tranquil_river_beneath_a_moss-covered_concrete_bridge,_recorded_by_a_completely_fixed,_static,_tri-0-1778469860.2920916.mp4",16.0,93,832,480,5.812
t2v,causal_forcing,60s,"A_Himalayan_foothills_scene_featuring_a_tidal_channel_cascading_continuously_over_smooth_rocks,_reco-0-1778546356.8451846.mp4",16.0,957,832,480,59.812
t2v,causal_forcing,60s,A_Norwegian_fjord_approach_scene_featuring_a_shallow_forest_creek_that_gushes_continuously_with_visi-0-1778545954.8172288.mp4,16.0,957,832,480,59.812
t2v,causal_forcing,60s,A_Pacific_Northwest_old-growth_forest_scene_featuring_a_cascading_mountain_waterfall_gliding_swiftly-0-1778547293.2646117.mp4,16.0,957,832,480,59.812
t2v,causal_forcing,60s,"A_South_Korean_countryside_scene_featuring_a_wide_river_streaming_endlessly_in_one_direction,_record-0-1778547105.9335308.mp4",16.0,957,832,480,59.812
t2v,causal_forcing,60s,"A_beautiful_South_Korean_empty_sea_beach_scene,_recorded_by_a_completely_fixed,_static,_tripod-mount-0-1778545562.0157511.mp4",16.0,957,832,480,59.812
t2v,causal_forcing,60s,"A_beautiful_rural_South_Korean_street_food_shop_scene,_recorded_by_a_completely_fixed,_static,_tripo-0-1778548228.9460967.mp4",16.0,957,832,480,59.812
t2v,causal_forcing,60s,"A_completely_fixed,_tripod-mounted_camera_captures_a_flooded_urban_street_in_Goyang-si,_Wondang,_Sou-0-1778547667.6741538.mp4",16.0,957,832,480,59.812
t2v,causal_forcing,60s,"A_continuous_South_Korean_rainy_city_street_scene,_recorded_by_a_completely_fixed,_static,_tripod-mo-0-1778548418.4834275.mp4",16.0,957,832,480,59.812
t2v,causal_forcing,60s,"A_continuous_South_Korean_urban_town_street_scene_during_snowfall,_recorded_by_a_completely_fixed,_s-0-1778548795.1373992.mp4",16.0,957,832,480,59.812
t2v,causal_forcing,60s,"A_continuous_urban_fire_scene,_recorded_by_a_completely_fixed,_static,_tripod-mounted_camera._The_ca-0-1778548046.8341372.mp4",16.0,957,832,480,59.812
t2v,causal_forcing,60s,"A_dangerous_South_Korean_hilly_forest_storm_scene,_recorded_by_a_completely_fixed,_static,_tripod-mo-0-1778548977.684053.mp4",16.0,957,832,480,59.812
t2v,causal_forcing,60s,"A_dangerous_rural_South_Korean_river_scene_at_night,_recorded_by_a_completely_fixed,_static,_tripod--0-1778549151.0221884.mp4",16.0,957,832,480,59.812
t2v,causal_forcing,60s,"A_high_desert_canyon_scene_featuring_a_wide_river_sweeping_forward_carrying_foam_and_debris,_recorde-0-1778546922.8315034.mp4",16.0,957,832,480,59.812
t2v,causal_forcing,60s,"A_serene_woodland_stream_scene,_recorded_by_a_completely_fixed,_static,_tripod-mounted_camera._The_c-0-1778545368.583055.mp4",16.0,957,832,480,59.812
t2v,causal_forcing,60s,"A_storm-swollen_rural_stream,_recorded_by_a_fixed_tripod_camera._The_solid_paved_road_and_motionless-0-1778547856.4061003.mp4",16.0,957,832,480,59.812
t2v,causal_forcing,60s,"A_stormy_sea_cliff_in_South_Korea,_recorded_by_a_static_tripod_camera._The_heavy_stone_cliffs_and_im-0-1778549330.774741.mp4",16.0,957,832,480,59.812
t2v,causal_forcing,60s,"A_stunning_South_Korean_urban_neighborhood_park_scene_during_cherry_blossom_season,_recorded_by_a_co-0-1778548610.3609264.mp4",16.0,957,832,480,59.812
t2v,causal_forcing,60s,"A_stunning_tranquil_river_scene_beneath_a_concrete_bridge,_recorded_by_a_completely_fixed,_static,_t-0-1778545184.5361507.mp4",16.0,957,832,480,59.812
t2v,causal_forcing,60s,"A_tranquil_mountain_stream_in_a_rural_South_Korean_valley,_recorded_by_a_completely_fixed,_static,_t-0-1778545760.001542.mp4",16.0,957,832,480,59.812
t2v,causal_forcing,60s,"A_tropical_jungle_clearing_featuring_a_broad_lowland_river_coursing_powerfully_through_the_channel,_-0-1778546739.3053815.mp4",16.0,957,832,480,59.812
t2v,causal_forcing,60s,"An_alpine_meadow_below_snowline_featuring_a_multi-tiered_waterfall_gliding_swiftly_with_dark,_deep_c-0-1778546546.2382405.mp4",16.0,957,832,480,59.812
t2v,causal_forcing,60s,"An_ancient_stone_city_waterway_featuring_fast-moving_rapids_streaming_endlessly_in_one_direction,_re-0-1778546156.0305886.mp4",16.0,957,832,480,59.812
t2v,causal_forcing,60s,"An_urban_storm_drain_canal,_recorded_by_a_static_tripod_camera._The_heavy_concrete_walls_and_immovab-0-1778547484.3554122.mp4",16.0,957,832,480,59.812
t2v,infinite_forcing,120s,"A_cinematic_wide_shot_of_a_serene_forest_river,_its_crystal-clear_water_flowing_gently_and_unendingl-0-1778564921.61839.mp4",16.0,1917,832,480,119.812
t2v,infinite_forcing,120s,"A_dangerous_hillside_storm,_recorded_by_a_static_tripod_camera._The_immovable_rocky_slopes_and_solid-0-1778566777.444324.mp4",16.0,1917,832,480,119.812
t2v,infinite_forcing,120s,"A_dramatic_medium_shot_of_a_massive_mountain_waterfall,_deep_blue_water_crashing_and_splashing_viole-0-1778565307.462355.mp4",16.0,1917,832,480,119.812
t2v,infinite_forcing,120s,"A_rainy_urban_street_at_night,_recorded_by_a_fixed_tripod_camera._The_solid_concrete_buildings_and_m-0-1778566390.2850797.mp4",16.0,1917,832,480,119.812
t2v,infinite_forcing,120s,"A_tranquil_rural_canal_beside_a_heavy_stone_embankment,_recorded_by_a_completely_fixed,_static,_trip-0-1778566039.7342746.mp4",16.0,1917,832,480,119.812
t2v,infinite_forcing,120s,An_alpine_meadow_below_snowline_featuring_a_broad_lowland_river_rushing_downstream_in_a_relentless_c-0-1778565679.2327313.mp4,16.0,1917,832,480,119.812
t2v,infinite_forcing,240s,"A_South_Korean_urban_rainstorm,_recorded_by_a_fixed_tripod_camera._Rain_falls_continuously_onto_the_-0-1778662496.7373617.mp4",16.0,3837,832,480,239.812
t2v,infinite_forcing,240s,"A_massive_mountain_waterfall_crashing_continuously_into_a_misty_pool,_recorded_by_a_completely_fixed-0-1778661105.8106687.mp4",16.0,3837,832,480,239.812
t2v,infinite_forcing,240s,"A_serene_forest_river,_its_clear_water_flowing_over_smooth_stones_without_pause_or_interruption,_rec-0-1778659019.6108046.mp4",16.0,3837,832,480,239.812
t2v,infinite_forcing,240s,"A_violent_hillside_storm,_recorded_by_a_static_tripod_camera._Tall_trees_thrash_continuously_in_fier-0-1778664579.2387576.mp4",16.0,3837,832,480,239.812
t2v,infinite_forcing,5s,"A_South_Korean_urban_street_at_night_during_rainfall,_recorded_by_a_completely_fixed,_static,_tripod-0-1778469281.6761332.mp4",16.0,93,832,480,5.812
t2v,infinite_forcing,5s,"A_fast-moving_mountain_stream_cascading_over_smooth_rocks,_recorded_by_a_completely_fixed,_static,_t-0-1778469264.797596.mp4",16.0,93,832,480,5.812
t2v,infinite_forcing,5s,"A_narrow_woodland_stream_winding_between_moss-covered_rocks,_recorded_by_a_completely_fixed,_static,-0-1778469216.5039537.mp4",16.0,93,832,480,5.812
t2v,infinite_forcing,5s,"A_rural_fire_pit_beside_a_heavy_stone_wall,_recorded_by_a_completely_fixed,_static,_tripod-mounted_c-0-1778469248.6111743.mp4",16.0,93,832,480,5.812
t2v,infinite_forcing,5s,"A_sandy_ocean_shoreline_at_dusk,_recorded_by_a_completely_fixed,_static,_tripod-mounted_camera._The_-0-1778469232.7309976.mp4",16.0,93,832,480,5.812
t2v,infinite_forcing,5s,"A_tranquil_river_beneath_a_moss-covered_concrete_bridge,_recorded_by_a_completely_fixed,_static,_tri-0-1778469200.0826979.mp4",16.0,93,832,480,5.812
t2v,infinite_forcing,60s,"A_Himalayan_foothills_scene_featuring_a_tidal_channel_cascading_continuously_over_smooth_rocks,_reco-0-1778490883.0619009.mp4",16.0,957,832,480,59.812
t2v,infinite_forcing,60s,A_Norwegian_fjord_approach_scene_featuring_a_shallow_forest_creek_that_gushes_continuously_with_visi-0-1778490519.82233.mp4,16.0,957,832,480,59.812
t2v,infinite_forcing,60s,A_Pacific_Northwest_old-growth_forest_scene_featuring_a_cascading_mountain_waterfall_gliding_swiftly-0-1778491784.6866066.mp4,16.0,957,832,480,59.812
t2v,infinite_forcing,60s,"A_South_Korean_countryside_scene_featuring_a_wide_river_streaming_endlessly_in_one_direction,_record-0-1778491600.490518.mp4",16.0,957,832,480,59.812
t2v,infinite_forcing,60s,"A_beautiful_South_Korean_empty_sea_beach_scene,_recorded_by_a_completely_fixed,_static,_tripod-mount-0-1778490148.4963543.mp4",16.0,957,832,480,59.812
t2v,infinite_forcing,60s,"A_beautiful_rural_South_Korean_street_food_shop_scene,_recorded_by_a_completely_fixed,_static,_tripo-0-1778492678.2678852.mp4",16.0,957,832,480,59.812
t2v,infinite_forcing,60s,"A_completely_fixed,_tripod-mounted_camera_captures_a_flooded_urban_street_in_Goyang-si,_Wondang,_Sou-0-1778492142.5619397.mp4",16.0,957,832,480,59.812
t2v,infinite_forcing,60s,"A_continuous_South_Korean_rainy_city_street_scene,_recorded_by_a_completely_fixed,_static,_tripod-mo-0-1778492867.0997703.mp4",16.0,957,832,480,59.812
t2v,infinite_forcing,60s,"A_continuous_South_Korean_urban_town_street_scene_during_snowfall,_recorded_by_a_completely_fixed,_s-0-1778493240.7347176.mp4",16.0,957,832,480,59.812
t2v,infinite_forcing,60s,"A_continuous_urban_fire_scene,_recorded_by_a_completely_fixed,_static,_tripod-mounted_camera._The_ca-0-1778492496.7181456.mp4",16.0,957,832,480,59.812
t2v,infinite_forcing,60s,"A_dangerous_South_Korean_hilly_forest_storm_scene,_recorded_by_a_completely_fixed,_static,_tripod-mo-0-1778493432.0832033.mp4",16.0,957,832,480,59.812
t2v,infinite_forcing,60s,"A_dangerous_rural_South_Korean_river_scene_at_night,_recorded_by_a_completely_fixed,_static,_tripod--0-1778493619.2051756.mp4",16.0,957,832,480,59.812
t2v,infinite_forcing,60s,"A_high_desert_canyon_scene_featuring_a_wide_river_sweeping_forward_carrying_foam_and_debris,_recorde-0-1778491422.6549716.mp4",16.0,957,832,480,59.812
t2v,infinite_forcing,60s,"A_serene_woodland_stream_scene,_recorded_by_a_completely_fixed,_static,_tripod-mounted_camera._The_c-0-1778489969.967316.mp4",16.0,957,832,480,59.812
t2v,infinite_forcing,60s,"A_storm-swollen_rural_stream,_recorded_by_a_fixed_tripod_camera._The_solid_paved_road_and_motionless-0-1778492316.4961996.mp4",16.0,957,832,480,59.812
t2v,infinite_forcing,60s,"A_stormy_sea_cliff_in_South_Korea,_recorded_by_a_static_tripod_camera._The_heavy_stone_cliffs_and_im-0-1778493796.126397.mp4",16.0,957,832,480,59.812
t2v,infinite_forcing,60s,"A_stunning_South_Korean_urban_neighborhood_park_scene_during_cherry_blossom_season,_recorded_by_a_co-0-1778493061.820503.mp4",16.0,957,832,480,59.812
t2v,infinite_forcing,60s,"A_stunning_tranquil_river_scene_beneath_a_concrete_bridge,_recorded_by_a_completely_fixed,_static,_t-0-1778489788.638525.mp4",16.0,957,832,480,59.812
t2v,infinite_forcing,60s,"A_tranquil_mountain_stream_in_a_rural_South_Korean_valley,_recorded_by_a_completely_fixed,_static,_t-0-1778490339.0053835.mp4",16.0,957,832,480,59.812
t2v,infinite_forcing,60s,"A_tropical_jungle_clearing_featuring_a_broad_lowland_river_coursing_powerfully_through_the_channel,_-0-1778491242.8628175.mp4",16.0,957,832,480,59.812
t2v,infinite_forcing,60s,"An_alpine_meadow_below_snowline_featuring_a_multi-tiered_waterfall_gliding_swiftly_with_dark,_deep_c-0-1778491063.362982.mp4",16.0,957,832,480,59.812
t2v,infinite_forcing,60s,"An_ancient_stone_city_waterway_featuring_fast-moving_rapids_streaming_endlessly_in_one_direction,_re-0-1778490701.9356225.mp4",16.0,957,832,480,59.812
t2v,infinite_forcing,60s,"An_urban_storm_drain_canal,_recorded_by_a_static_tripod_camera._The_heavy_concrete_walls_and_immovab-0-1778491962.7543445.mp4",16.0,957,832,480,59.812
t2v,longlive,120s,"A_cinematic_wide_shot_of_a_serene_forest_river,_its_crystal-clear_water_flowing_gently_and_unendingl-0-1778563833.2642298.mp4",16.0,1917,832,480,119.812
t2v,longlive,120s,"A_dangerous_hillside_storm,_recorded_by_a_static_tripod_camera._The_immovable_rocky_slopes_and_solid-0-1778565811.1829653.mp4",16.0,1917,832,480,119.812
t2v,longlive,120s,"A_dramatic_medium_shot_of_a_massive_mountain_waterfall,_deep_blue_water_crashing_and_splashing_viole-0-1778564206.408088.mp4",16.0,1917,832,480,119.812
t2v,longlive,120s,"A_rainy_urban_street_at_night,_recorded_by_a_fixed_tripod_camera._The_solid_concrete_buildings_and_m-0-1778565390.788172.mp4",16.0,1917,832,480,119.812
t2v,longlive,120s,"A_tranquil_rural_canal_beside_a_heavy_stone_embankment,_recorded_by_a_completely_fixed,_static,_trip-0-1778564980.0295672.mp4",16.0,1917,832,480,119.812
t2v,longlive,120s,An_alpine_meadow_below_snowline_featuring_a_broad_lowland_river_rushing_downstream_in_a_relentless_c-0-1778564597.3999548.mp4,16.0,1917,832,480,119.812
t2v,longlive,240s,"A_South_Korean_urban_rainstorm,_recorded_by_a_fixed_tripod_camera._Rain_falls_continuously_onto_the_-0-1778662481.9972956.mp4",16.0,3837,832,480,239.812
t2v,longlive,240s,"A_massive_mountain_waterfall_crashing_continuously_into_a_misty_pool,_recorded_by_a_completely_fixed-0-1778661087.7312143.mp4",16.0,3837,832,480,239.812
t2v,longlive,240s,"A_serene_forest_river,_its_clear_water_flowing_over_smooth_stones_without_pause_or_interruption,_rec-0-1778659004.9432268.mp4",16.0,3837,832,480,239.812
t2v,longlive,240s,"A_violent_hillside_storm,_recorded_by_a_static_tripod_camera._Tall_trees_thrash_continuously_in_fier-0-1778664578.064787.mp4",16.0,3837,832,480,239.812
t2v,longlive,5s,"A_South_Korean_urban_street_at_night_during_rainfall,_recorded_by_a_completely_fixed,_static,_tripod-0-1778470462.7686303.mp4",16.0,93,832,480,5.812
t2v,longlive,5s,"A_fast-moving_mountain_stream_cascading_over_smooth_rocks,_recorded_by_a_completely_fixed,_static,_t-0-1778470446.9166665.mp4",16.0,93,832,480,5.812
t2v,longlive,5s,"A_narrow_woodland_stream_winding_between_moss-covered_rocks,_recorded_by_a_completely_fixed,_static,-0-1778470398.1996748.mp4",16.0,93,832,480,5.812
t2v,longlive,5s,"A_rural_fire_pit_beside_a_heavy_stone_wall,_recorded_by_a_completely_fixed,_static,_tripod-mounted_c-0-1778470431.0028574.mp4",16.0,93,832,480,5.812
t2v,longlive,5s,"A_sandy_ocean_shoreline_at_dusk,_recorded_by_a_completely_fixed,_static,_tripod-mounted_camera._The_-0-1778470415.1438909.mp4",16.0,93,832,480,5.812
t2v,longlive,5s,"A_tranquil_river_beneath_a_moss-covered_concrete_bridge,_recorded_by_a_completely_fixed,_static,_tri-0-1778470382.1328025.mp4",16.0,93,832,480,5.812
t2v,longlive,60s,"A_Himalayan_foothills_scene_featuring_a_tidal_channel_cascading_continuously_over_smooth_rocks,_reco-0-1778490880.3239589.mp4",16.0,957,832,480,59.812
t2v,longlive,60s,A_Norwegian_fjord_approach_scene_featuring_a_shallow_forest_creek_that_gushes_continuously_with_visi-0-1778490510.1806371.mp4,16.0,957,832,480,59.812
t2v,longlive,60s,A_Pacific_Northwest_old-growth_forest_scene_featuring_a_cascading_mountain_waterfall_gliding_swiftly-0-1778491791.3116846.mp4,16.0,957,832,480,59.812
t2v,longlive,60s,"A_South_Korean_countryside_scene_featuring_a_wide_river_streaming_endlessly_in_one_direction,_record-0-1778491610.9119337.mp4",16.0,957,832,480,59.812
t2v,longlive,60s,"A_beautiful_South_Korean_empty_sea_beach_scene,_recorded_by_a_completely_fixed,_static,_tripod-mount-0-1778490138.1534388.mp4",16.0,957,832,480,59.812
t2v,longlive,60s,"A_beautiful_rural_South_Korean_street_food_shop_scene,_recorded_by_a_completely_fixed,_static,_tripo-0-1778492688.394906.mp4",16.0,957,832,480,59.812
t2v,longlive,60s,"A_completely_fixed,_tripod-mounted_camera_captures_a_flooded_urban_street_in_Goyang-si,_Wondang,_Sou-0-1778492152.9277287.mp4",16.0,957,832,480,59.812
t2v,longlive,60s,"A_continuous_South_Korean_rainy_city_street_scene,_recorded_by_a_completely_fixed,_static,_tripod-mo-0-1778492871.581461.mp4",16.0,957,832,480,59.812
t2v,longlive,60s,"A_continuous_South_Korean_urban_town_street_scene_during_snowfall,_recorded_by_a_completely_fixed,_s-0-1778493240.1453545.mp4",16.0,957,832,480,59.812
t2v,longlive,60s,"A_continuous_urban_fire_scene,_recorded_by_a_completely_fixed,_static,_tripod-mounted_camera._The_ca-0-1778492509.7627912.mp4",16.0,957,832,480,59.812
t2v,longlive,60s,"A_dangerous_South_Korean_hilly_forest_storm_scene,_recorded_by_a_completely_fixed,_static,_tripod-mo-0-1778493422.52527.mp4",16.0,957,832,480,59.812
t2v,longlive,60s,"A_dangerous_rural_South_Korean_river_scene_at_night,_recorded_by_a_completely_fixed,_static,_tripod--0-1778493617.294522.mp4",16.0,957,832,480,59.812
t2v,longlive,60s,"A_high_desert_canyon_scene_featuring_a_wide_river_sweeping_forward_carrying_foam_and_debris,_recorde-0-1778491426.4990447.mp4",16.0,957,832,480,59.812
t2v,longlive,60s,"A_serene_woodland_stream_scene,_recorded_by_a_completely_fixed,_static,_tripod-mounted_camera._The_c-0-1778489958.811589.mp4",16.0,957,832,480,59.812
t2v,longlive,60s,"A_storm-swollen_rural_stream,_recorded_by_a_fixed_tripod_camera._The_solid_paved_road_and_motionless-0-1778492326.742549.mp4",16.0,957,832,480,59.812
t2v,longlive,60s,"A_stormy_sea_cliff_in_South_Korea,_recorded_by_a_static_tripod_camera._The_heavy_stone_cliffs_and_im-0-1778493803.810458.mp4",16.0,957,832,480,59.812
t2v,longlive,60s,"A_stunning_South_Korean_urban_neighborhood_park_scene_during_cherry_blossom_season,_recorded_by_a_co-0-1778493050.037254.mp4",16.0,957,832,480,59.812
t2v,longlive,60s,"A_stunning_tranquil_river_scene_beneath_a_concrete_bridge,_recorded_by_a_completely_fixed,_static,_t-0-1778489776.924928.mp4",16.0,957,832,480,59.812
t2v,longlive,60s,"A_tranquil_mountain_stream_in_a_rural_South_Korean_valley,_recorded_by_a_completely_fixed,_static,_t-0-1778490323.3190985.mp4",16.0,957,832,480,59.812
t2v,longlive,60s,"A_tropical_jungle_clearing_featuring_a_broad_lowland_river_coursing_powerfully_through_the_channel,_-0-1778491245.6696508.mp4",16.0,957,832,480,59.812
t2v,longlive,60s,"An_alpine_meadow_below_snowline_featuring_a_multi-tiered_waterfall_gliding_swiftly_with_dark,_deep_c-0-1778491062.8587055.mp4",16.0,957,832,480,59.812
t2v,longlive,60s,"An_ancient_stone_city_waterway_featuring_fast-moving_rapids_streaming_endlessly_in_one_direction,_re-0-1778490692.1249745.mp4",16.0,957,832,480,59.812
t2v,longlive,60s,"An_urban_storm_drain_canal,_recorded_by_a_static_tripod_camera._The_heavy_concrete_walls_and_immovab-0-1778491973.3535106.mp4",16.0,957,832,480,59.812
t2v,reward_forcing,120s,"A_cinematic_wide_shot_of_a_serene_forest_river,_its_crystal-clear_water_flowing_gently_and_unendingl-0-1778561342.158122.mp4",16.0,1917,832,480,119.812
t2v,reward_forcing,120s,"A_dangerous_hillside_storm,_recorded_by_a_static_tripod_camera._The_immovable_rocky_slopes_and_solid-0-1778563206.2126257.mp4",16.0,1917,832,480,119.812
t2v,reward_forcing,120s,"A_dramatic_medium_shot_of_a_massive_mountain_waterfall,_deep_blue_water_crashing_and_splashing_viole-0-1778561720.8064468.mp4",16.0,1917,832,480,119.812
t2v,reward_forcing,120s,"A_rainy_urban_street_at_night,_recorded_by_a_fixed_tripod_camera._The_solid_concrete_buildings_and_m-0-1778562822.3637352.mp4",16.0,1917,832,480,119.812
t2v,reward_forcing,120s,"A_tranquil_rural_canal_beside_a_heavy_stone_embankment,_recorded_by_a_completely_fixed,_static,_trip-0-1778562456.6779256.mp4",16.0,1917,832,480,119.812
t2v,reward_forcing,120s,An_alpine_meadow_below_snowline_featuring_a_broad_lowland_river_rushing_downstream_in_a_relentless_c-0-1778562089.5645854.mp4,16.0,1917,832,480,119.812
t2v,reward_forcing,240s,"A_South_Korean_urban_rainstorm,_recorded_by_a_fixed_tripod_camera._Rain_falls_continuously_onto_the_-0-1778654975.1550417.mp4",16.0,3837,832,480,239.812
t2v,reward_forcing,240s,"A_massive_mountain_waterfall_crashing_continuously_into_a_misty_pool,_recorded_by_a_completely_fixed-0-1778653581.649672.mp4",16.0,3837,832,480,239.812
t2v,reward_forcing,240s,"A_serene_forest_river,_its_clear_water_flowing_over_smooth_stones_without_pause_or_interruption,_rec-0-1778652157.9483786.mp4",16.0,3837,832,480,239.812
t2v,reward_forcing,240s,"A_violent_hillside_storm,_recorded_by_a_static_tripod_camera._Tall_trees_thrash_continuously_in_fier-0-1778656321.6794593.mp4",16.0,3837,832,480,239.812
t2v,reward_forcing,5s,"A_South_Korean_urban_street_at_night_during_rainfall,_recorded_by_a_completely_fixed,_static,_tripod-0-1778468081.7932053.mp4",16.0,93,832,480,5.812
t2v,reward_forcing,5s,"A_South_Korean_urban_street_at_night_during_rainfall,_recorded_by_a_completely_fixed,_static,_tripod-0-1778468740.4054143.mp4",16.0,93,832,480,5.812
t2v,reward_forcing,5s,"A_fast-moving_mountain_stream_cascading_over_smooth_rocks,_recorded_by_a_completely_fixed,_static,_t-0-1778468065.8737335.mp4",16.0,93,832,480,5.812
t2v,reward_forcing,5s,"A_fast-moving_mountain_stream_cascading_over_smooth_rocks,_recorded_by_a_completely_fixed,_static,_t-0-1778468724.3722596.mp4",16.0,93,832,480,5.812
t2v,reward_forcing,5s,"A_narrow_woodland_stream_winding_between_moss-covered_rocks,_recorded_by_a_completely_fixed,_static,-0-1778468016.0111153.mp4",16.0,93,832,480,5.812
t2v,reward_forcing,5s,"A_narrow_woodland_stream_winding_between_moss-covered_rocks,_recorded_by_a_completely_fixed,_static,-0-1778468676.9367714.mp4",16.0,93,832,480,5.812
t2v,reward_forcing,5s,"A_rural_fire_pit_beside_a_heavy_stone_wall,_recorded_by_a_completely_fixed,_static,_tripod-mounted_c-0-1778468047.6596823.mp4",16.0,93,832,480,5.812
t2v,reward_forcing,5s,"A_rural_fire_pit_beside_a_heavy_stone_wall,_recorded_by_a_completely_fixed,_static,_tripod-mounted_c-0-1778468708.565814.mp4",16.0,93,832,480,5.812
t2v,reward_forcing,5s,"A_sandy_ocean_shoreline_at_dusk,_recorded_by_a_completely_fixed,_static,_tripod-mounted_camera._The_-0-1778468031.7864928.mp4",16.0,93,832,480,5.812
t2v,reward_forcing,5s,"A_sandy_ocean_shoreline_at_dusk,_recorded_by_a_completely_fixed,_static,_tripod-mounted_camera._The_-0-1778468692.7574134.mp4",16.0,93,832,480,5.812
t2v,reward_forcing,5s,"A_tranquil_river_beneath_a_moss-covered_concrete_bridge,_recorded_by_a_completely_fixed,_static,_tri-0-1778467998.6892147.mp4",16.0,93,832,480,5.812
t2v,reward_forcing,5s,"A_tranquil_river_beneath_a_moss-covered_concrete_bridge,_recorded_by_a_completely_fixed,_static,_tri-0-1778468661.3109248.mp4",16.0,93,832,480,5.812
t2v,reward_forcing,60s,"A_Himalayan_foothills_scene_featuring_a_tidal_channel_cascading_continuously_over_smooth_rocks,_reco-0-1778483939.0171502.mp4",16.0,957,832,480,59.812
t2v,reward_forcing,60s,A_Norwegian_fjord_approach_scene_featuring_a_shallow_forest_creek_that_gushes_continuously_with_visi-0-1778483564.992769.mp4,16.0,957,832,480,59.812
t2v,reward_forcing,60s,A_Pacific_Northwest_old-growth_forest_scene_featuring_a_cascading_mountain_waterfall_gliding_swiftly-0-1778484849.3252702.mp4,16.0,957,832,480,59.812
t2v,reward_forcing,60s,"A_South_Korean_countryside_scene_featuring_a_wide_river_streaming_endlessly_in_one_direction,_record-0-1778484661.7786894.mp4",16.0,957,832,480,59.812
t2v,reward_forcing,60s,"A_beautiful_South_Korean_empty_sea_beach_scene,_recorded_by_a_completely_fixed,_static,_tripod-mount-0-1778483190.157294.mp4",16.0,957,832,480,59.812
t2v,reward_forcing,60s,"A_beautiful_rural_South_Korean_street_food_shop_scene,_recorded_by_a_completely_fixed,_static,_tripo-0-1778485779.898425.mp4",16.0,957,832,480,59.812
t2v,reward_forcing,60s,"A_completely_fixed,_tripod-mounted_camera_captures_a_flooded_urban_street_in_Goyang-si,_Wondang,_Sou-0-1778485222.4403622.mp4",16.0,957,832,480,59.812
t2v,reward_forcing,60s,"A_continuous_South_Korean_rainy_city_street_scene,_recorded_by_a_completely_fixed,_static,_tripod-mo-0-1778485958.542869.mp4",16.0,957,832,480,59.812
t2v,reward_forcing,60s,"A_continuous_South_Korean_urban_town_street_scene_during_snowfall,_recorded_by_a_completely_fixed,_s-0-1778486342.0977316.mp4",16.0,957,832,480,59.812
t2v,reward_forcing,60s,"A_continuous_urban_fire_scene,_recorded_by_a_completely_fixed,_static,_tripod-mounted_camera._The_ca-0-1778485593.3746624.mp4",16.0,957,832,480,59.812
t2v,reward_forcing,60s,"A_dangerous_South_Korean_hilly_forest_storm_scene,_recorded_by_a_completely_fixed,_static,_tripod-mo-0-1778486529.6397474.mp4",16.0,957,832,480,59.812
t2v,reward_forcing,60s,"A_dangerous_rural_South_Korean_river_scene_at_night,_recorded_by_a_completely_fixed,_static,_tripod--0-1778486721.4285407.mp4",16.0,957,832,480,59.812
t2v,reward_forcing,60s,"A_high_desert_canyon_scene_featuring_a_wide_river_sweeping_forward_carrying_foam_and_debris,_recorde-0-1778484475.8056576.mp4",16.0,957,832,480,59.812
t2v,reward_forcing,60s,"A_serene_woodland_stream_scene,_recorded_by_a_completely_fixed,_static,_tripod-mounted_camera._The_c-0-1778483016.6658924.mp4",16.0,957,832,480,59.812
t2v,reward_forcing,60s,"A_storm-swollen_rural_stream,_recorded_by_a_fixed_tripod_camera._The_solid_paved_road_and_motionless-0-1778485413.403893.mp4",16.0,957,832,480,59.812
t2v,reward_forcing,60s,"A_stormy_sea_cliff_in_South_Korea,_recorded_by_a_static_tripod_camera._The_heavy_stone_cliffs_and_im-0-1778486906.667865.mp4",16.0,957,832,480,59.812
t2v,reward_forcing,60s,"A_stunning_South_Korean_urban_neighborhood_park_scene_during_cherry_blossom_season,_recorded_by_a_co-0-1778486146.2657468.mp4",16.0,957,832,480,59.812
t2v,reward_forcing,60s,"A_stunning_tranquil_river_scene_beneath_a_concrete_bridge,_recorded_by_a_completely_fixed,_static,_t-0-1778482631.269619.mp4",16.0,957,832,480,59.812
t2v,reward_forcing,60s,"A_tranquil_mountain_stream_in_a_rural_South_Korean_valley,_recorded_by_a_completely_fixed,_static,_t-0-1778483377.5139186.mp4",16.0,957,832,480,59.812
t2v,reward_forcing,60s,"A_tropical_jungle_clearing_featuring_a_broad_lowland_river_coursing_powerfully_through_the_channel,_-0-1778484292.915968.mp4",16.0,957,832,480,59.812
t2v,reward_forcing,60s,"An_alpine_meadow_below_snowline_featuring_a_multi-tiered_waterfall_gliding_swiftly_with_dark,_deep_c-0-1778484115.9466593.mp4",16.0,957,832,480,59.812
t2v,reward_forcing,60s,"An_ancient_stone_city_waterway_featuring_fast-moving_rapids_streaming_endlessly_in_one_direction,_re-0-1778483749.3887568.mp4",16.0,957,832,480,59.812
t2v,reward_forcing,60s,"An_urban_storm_drain_canal,_recorded_by_a_static_tripod_camera._The_heavy_concrete_walls_and_immovab-0-1778485036.7389338.mp4",16.0,957,832,480,59.812
t2v,rolling_forcing,120s,"A_cinematic_wide_shot_of_a_serene_forest_river,_its_crystal-clear_water_flowing_gently_and_unendingl-0-1778561046.0154765.mp4",16.0,1917,832,480,119.812
t2v,rolling_forcing,120s,"A_dangerous_hillside_storm,_recorded_by_a_static_tripod_camera._The_immovable_rocky_slopes_and_solid-0-1778562925.746625.mp4",16.0,1917,832,480,119.812
t2v,rolling_forcing,120s,"A_dramatic_medium_shot_of_a_massive_mountain_waterfall,_deep_blue_water_crashing_and_splashing_viole-0-1778561418.4731233.mp4",16.0,1917,832,480,119.812
t2v,rolling_forcing,120s,"A_rainy_urban_street_at_night,_recorded_by_a_fixed_tripod_camera._The_solid_concrete_buildings_and_m-0-1778562537.789741.mp4",16.0,1917,832,480,119.812
t2v,rolling_forcing,120s,"A_tranquil_rural_canal_beside_a_heavy_stone_embankment,_recorded_by_a_completely_fixed,_static,_trip-0-1778562178.3323948.mp4",16.0,1917,832,480,119.812
t2v,rolling_forcing,120s,An_alpine_meadow_below_snowline_featuring_a_broad_lowland_river_rushing_downstream_in_a_relentless_c-0-1778561797.736294.mp4,16.0,1917,832,480,119.812
t2v,rolling_forcing,240s,"A_South_Korean_urban_rainstorm,_recorded_by_a_fixed_tripod_camera._Rain_falls_continuously_onto_the_-0-1778654982.0609283.mp4",16.0,3837,832,480,239.812
t2v,rolling_forcing,240s,"A_massive_mountain_waterfall_crashing_continuously_into_a_misty_pool,_recorded_by_a_completely_fixed-0-1778653578.622061.mp4",16.0,3837,832,480,239.812
t2v,rolling_forcing,240s,"A_serene_forest_river,_its_clear_water_flowing_over_smooth_stones_without_pause_or_interruption,_rec-0-1778652003.9856644.mp4",16.0,3837,832,480,239.812
t2v,rolling_forcing,240s,"A_violent_hillside_storm,_recorded_by_a_static_tripod_camera._Tall_trees_thrash_continuously_in_fier-0-1778656337.073077.mp4",16.0,3837,832,480,239.812
t2v,rolling_forcing,5s,"A_South_Korean_urban_street_at_night_during_rainfall,_recorded_by_a_completely_fixed,_static,_tripod-0-1778467454.6607857.mp4",16.0,93,832,480,5.812
t2v,rolling_forcing,5s,"A_fast-moving_mountain_stream_cascading_over_smooth_rocks,_recorded_by_a_completely_fixed,_static,_t-0-1778467438.0754552.mp4",16.0,93,832,480,5.812
t2v,rolling_forcing,5s,"A_narrow_woodland_stream_winding_between_moss-covered_rocks,_recorded_by_a_completely_fixed,_static,-0-1778467388.0238152.mp4",16.0,93,832,480,5.812
t2v,rolling_forcing,5s,"A_rural_fire_pit_beside_a_heavy_stone_wall,_recorded_by_a_completely_fixed,_static,_tripod-mounted_c-0-1778467421.0841343.mp4",16.0,93,832,480,5.812
t2v,rolling_forcing,5s,"A_sandy_ocean_shoreline_at_dusk,_recorded_by_a_completely_fixed,_static,_tripod-mounted_camera._The_-0-1778467404.5683496.mp4",16.0,93,832,480,5.812
t2v,rolling_forcing,5s,"A_tranquil_river_beneath_a_moss-covered_concrete_bridge,_recorded_by_a_completely_fixed,_static,_tri-0-1778467372.2356634.mp4",16.0,93,832,480,5.812
t2v,rolling_forcing,60s,"A_Himalayan_foothills_scene_featuring_a_tidal_channel_cascading_continuously_over_smooth_rocks,_reco-0-1778484725.4937825.mp4",16.0,957,832,480,59.812
t2v,rolling_forcing,60s,A_Norwegian_fjord_approach_scene_featuring_a_shallow_forest_creek_that_gushes_continuously_with_visi-0-1778484340.5190659.mp4,16.0,957,832,480,59.812
t2v,rolling_forcing,60s,A_Pacific_Northwest_old-growth_forest_scene_featuring_a_cascading_mountain_waterfall_gliding_swiftly-0-1778485658.5413225.mp4,16.0,957,832,480,59.812
t2v,rolling_forcing,60s,"A_South_Korean_countryside_scene_featuring_a_wide_river_streaming_endlessly_in_one_direction,_record-0-1778485471.611496.mp4",16.0,957,832,480,59.812
t2v,rolling_forcing,60s,"A_beautiful_South_Korean_empty_sea_beach_scene,_recorded_by_a_completely_fixed,_static,_tripod-mount-0-1778483962.7688594.mp4",16.0,957,832,480,59.812
t2v,rolling_forcing,60s,"A_beautiful_rural_South_Korean_street_food_shop_scene,_recorded_by_a_completely_fixed,_static,_tripo-0-1778486595.9253771.mp4",16.0,957,832,480,59.812
t2v,rolling_forcing,60s,"A_completely_fixed,_tripod-mounted_camera_captures_a_flooded_urban_street_in_Goyang-si,_Wondang,_Sou-0-1778486044.7989678.mp4",16.0,957,832,480,59.812
t2v,rolling_forcing,60s,"A_continuous_South_Korean_rainy_city_street_scene,_recorded_by_a_completely_fixed,_static,_tripod-mo-0-1778486785.0512064.mp4",16.0,957,832,480,59.812
t2v,rolling_forcing,60s,"A_continuous_South_Korean_urban_town_street_scene_during_snowfall,_recorded_by_a_completely_fixed,_s-0-1778487154.999676.mp4",16.0,957,832,480,59.812
t2v,rolling_forcing,60s,"A_continuous_urban_fire_scene,_recorded_by_a_completely_fixed,_static,_tripod-mounted_camera._The_ca-0-1778486412.5729723.mp4",16.0,957,832,480,59.812
t2v,rolling_forcing,60s,"A_dangerous_South_Korean_hilly_forest_storm_scene,_recorded_by_a_completely_fixed,_static,_tripod-mo-0-1778487336.5663354.mp4",16.0,957,832,480,59.812
t2v,rolling_forcing,60s,"A_dangerous_rural_South_Korean_river_scene_at_night,_recorded_by_a_completely_fixed,_static,_tripod--0-1778487512.2787.mp4",16.0,957,832,480,59.812
t2v,rolling_forcing,60s,"A_high_desert_canyon_scene_featuring_a_wide_river_sweeping_forward_carrying_foam_and_debris,_recorde-0-1778485283.7037146.mp4",16.0,957,832,480,59.812
t2v,rolling_forcing,60s,"A_serene_woodland_stream_scene,_recorded_by_a_completely_fixed,_static,_tripod-mounted_camera._The_c-0-1778483781.708014.mp4",16.0,957,832,480,59.812
t2v,rolling_forcing,60s,"A_storm-swollen_rural_stream,_recorded_by_a_fixed_tripod_camera._The_solid_paved_road_and_motionless-0-1778486227.4925954.mp4",16.0,957,832,480,59.812
t2v,rolling_forcing,60s,"A_stormy_sea_cliff_in_South_Korea,_recorded_by_a_static_tripod_camera._The_heavy_stone_cliffs_and_im-0-1778487688.5241594.mp4",16.0,957,832,480,59.812
t2v,rolling_forcing,60s,"A_stunning_South_Korean_urban_neighborhood_park_scene_during_cherry_blossom_season,_recorded_by_a_co-0-1778486977.8685033.mp4",16.0,957,832,480,59.812
t2v,rolling_forcing,60s,"A_stunning_tranquil_river_scene_beneath_a_concrete_bridge,_recorded_by_a_completely_fixed,_static,_t-0-1778482621.9624677.mp4",16.0,957,832,480,59.812
t2v,rolling_forcing,60s,"A_stunning_tranquil_river_scene_beneath_a_concrete_bridge,_recorded_by_a_completely_fixed,_static,_t-0-1778483591.9565535.mp4",16.0,957,832,480,59.812
t2v,rolling_forcing,60s,"A_tranquil_mountain_stream_in_a_rural_South_Korean_valley,_recorded_by_a_completely_fixed,_static,_t-0-1778484155.8710957.mp4",16.0,957,832,480,59.812
t2v,rolling_forcing,60s,"A_tropical_jungle_clearing_featuring_a_broad_lowland_river_coursing_powerfully_through_the_channel,_-0-1778485105.1514893.mp4",16.0,957,832,480,59.812
t2v,rolling_forcing,60s,"An_alpine_meadow_below_snowline_featuring_a_multi-tiered_waterfall_gliding_swiftly_with_dark,_deep_c-0-1778484917.470632.mp4",16.0,957,832,480,59.812
t2v,rolling_forcing,60s,"An_ancient_stone_city_waterway_featuring_fast-moving_rapids_streaming_endlessly_in_one_direction,_re-0-1778484535.0019863.mp4",16.0,957,832,480,59.812
t2v,rolling_forcing,60s,"An_urban_storm_drain_canal,_recorded_by_a_static_tripod_camera._The_heavy_concrete_walls_and_immovab-0-1778485847.4605904.mp4",16.0,957,832,480,59.812
t2v,self_forcing,120s,"A_cinematic_wide_shot_of_a_serene_forest_river,_its_crystal-clear_water_flowing_gently_and_unendingl-0-1778558088.9175992.mp4",16.0,1917,832,480,119.812
t2v,self_forcing,120s,"A_dangerous_hillside_storm,_recorded_by_a_static_tripod_camera._The_immovable_rocky_slopes_and_solid-0-1778559920.6646469.mp4",16.0,1917,832,480,119.812
t2v,self_forcing,120s,"A_dramatic_medium_shot_of_a_massive_mountain_waterfall,_deep_blue_water_crashing_and_splashing_viole-0-1778558449.0626395.mp4",16.0,1917,832,480,119.812
t2v,self_forcing,120s,"A_rainy_urban_street_at_night,_recorded_by_a_fixed_tripod_camera._The_solid_concrete_buildings_and_m-0-1778559531.0170503.mp4",16.0,1917,832,480,119.812
t2v,self_forcing,120s,"A_tranquil_rural_canal_beside_a_heavy_stone_embankment,_recorded_by_a_completely_fixed,_static,_trip-0-1778559169.7672198.mp4",16.0,1917,832,480,119.812
t2v,self_forcing,120s,An_alpine_meadow_below_snowline_featuring_a_broad_lowland_river_rushing_downstream_in_a_relentless_c-0-1778558814.1774294.mp4,16.0,1917,832,480,119.812
t2v,self_forcing,240s,"A_South_Korean_urban_rainstorm,_recorded_by_a_fixed_tripod_camera._Rain_falls_continuously_onto_the_-0-1778633354.464312.mp4",16.0,3837,832,480,239.812
t2v,self_forcing,240s,"A_massive_mountain_waterfall_crashing_continuously_into_a_misty_pool,_recorded_by_a_completely_fixed-0-1778577339.7832975.mp4",16.0,3837,832,480,239.812
t2v,self_forcing,240s,"A_serene_forest_river,_its_clear_water_flowing_over_smooth_stones_without_pause_or_interruption,_rec-0-1778574489.7308145.mp4",16.0,3837,832,480,239.812
t2v,self_forcing,240s,"A_violent_hillside_storm,_recorded_by_a_static_tripod_camera._Tall_trees_thrash_continuously_in_fier-0-1778636280.3682714.mp4",16.0,3837,832,480,239.812
t2v,self_forcing,5s,"A_South_Korean_urban_street_at_night_during_rainfall,_recorded_by_a_completely_fixed,_static,_tripod-0-1778466829.9571228.mp4",16.0,93,832,480,5.812
t2v,self_forcing,5s,"A_fast-moving_mountain_stream_cascading_over_smooth_rocks,_recorded_by_a_completely_fixed,_static,_t-0-1778466813.622373.mp4",16.0,93,832,480,5.812
t2v,self_forcing,5s,"A_narrow_woodland_stream_winding_between_moss-covered_rocks,_recorded_by_a_completely_fixed,_static,-0-1778466765.8735685.mp4",16.0,93,832,480,5.812
t2v,self_forcing,5s,"A_rural_fire_pit_beside_a_heavy_stone_wall,_recorded_by_a_completely_fixed,_static,_tripod-mounted_c-0-1778466797.7042418.mp4",16.0,93,832,480,5.812
t2v,self_forcing,5s,"A_sandy_ocean_shoreline_at_dusk,_recorded_by_a_completely_fixed,_static,_tripod-mounted_camera._The_-0-1778466781.8505292.mp4",16.0,93,832,480,5.812
t2v,self_forcing,5s,"A_tranquil_river_beneath_a_moss-covered_concrete_bridge,_recorded_by_a_completely_fixed,_static,_tri-0-1778466749.7969239.mp4",16.0,93,832,480,5.812
t2v,self_forcing,60s,"A_Himalayan_foothills_scene_featuring_a_tidal_channel_cascading_continuously_over_smooth_rocks,_reco-0-1778478620.7101796.mp4",16.0,957,832,480,59.812
t2v,self_forcing,60s,A_Norwegian_fjord_approach_scene_featuring_a_shallow_forest_creek_that_gushes_continuously_with_visi-0-1778478244.7384439.mp4,16.0,957,832,480,59.812
t2v,self_forcing,60s,A_Pacific_Northwest_old-growth_forest_scene_featuring_a_cascading_mountain_waterfall_gliding_swiftly-0-1778479507.7078922.mp4,16.0,957,832,480,59.812
t2v,self_forcing,60s,"A_South_Korean_countryside_scene_featuring_a_wide_river_streaming_endlessly_in_one_direction,_record-0-1778479332.474062.mp4",16.0,957,832,480,59.812
t2v,self_forcing,60s,"A_beautiful_South_Korean_empty_sea_beach_scene,_recorded_by_a_completely_fixed,_static,_tripod-mount-0-1778477885.7145007.mp4",16.0,957,832,480,59.812
t2v,self_forcing,60s,"A_beautiful_rural_South_Korean_street_food_shop_scene,_recorded_by_a_completely_fixed,_static,_tripo-0-1778480423.7059243.mp4",16.0,957,832,480,59.812
t2v,self_forcing,60s,"A_completely_fixed,_tripod-mounted_camera_captures_a_flooded_urban_street_in_Goyang-si,_Wondang,_Sou-0-1778479875.3133721.mp4",16.0,957,832,480,59.812
t2v,self_forcing,60s,"A_continuous_South_Korean_rainy_city_street_scene,_recorded_by_a_completely_fixed,_static,_tripod-mo-0-1778480608.896735.mp4",16.0,957,832,480,59.812
t2v,self_forcing,60s,"A_continuous_South_Korean_urban_town_street_scene_during_snowfall,_recorded_by_a_completely_fixed,_s-0-1778480968.65229.mp4",16.0,957,832,480,59.812
t2v,self_forcing,60s,"A_continuous_urban_fire_scene,_recorded_by_a_completely_fixed,_static,_tripod-mounted_camera._The_ca-0-1778480242.3827028.mp4",16.0,957,832,480,59.812
t2v,self_forcing,60s,"A_dangerous_South_Korean_hilly_forest_storm_scene,_recorded_by_a_completely_fixed,_static,_tripod-mo-0-1778481158.390695.mp4",16.0,957,832,480,59.812
t2v,self_forcing,60s,"A_dangerous_rural_South_Korean_river_scene_at_night,_recorded_by_a_completely_fixed,_static,_tripod--0-1778481343.0632353.mp4",16.0,957,832,480,59.812
t2v,self_forcing,60s,"A_high_desert_canyon_scene_featuring_a_wide_river_sweeping_forward_carrying_foam_and_debris,_recorde-0-1778479156.1637185.mp4",16.0,957,832,480,59.812
t2v,self_forcing,60s,"A_serene_woodland_stream_scene,_recorded_by_a_completely_fixed,_static,_tripod-mounted_camera._The_c-0-1778477705.2612748.mp4",16.0,957,832,480,59.812
t2v,self_forcing,60s,"A_storm-swollen_rural_stream,_recorded_by_a_fixed_tripod_camera._The_solid_paved_road_and_motionless-0-1778480060.4428318.mp4",16.0,957,832,480,59.812
t2v,self_forcing,60s,"A_stormy_sea_cliff_in_South_Korea,_recorded_by_a_static_tripod_camera._The_heavy_stone_cliffs_and_im-0-1778481526.6927724.mp4",16.0,957,832,480,59.812
t2v,self_forcing,60s,"A_stunning_South_Korean_urban_neighborhood_park_scene_during_cherry_blossom_season,_recorded_by_a_co-0-1778480787.2041068.mp4",16.0,957,832,480,59.812
t2v,self_forcing,60s,"A_stunning_tranquil_river_scene_beneath_a_concrete_bridge,_recorded_by_a_completely_fixed,_static,_t-0-1778477514.2880015.mp4",16.0,957,832,480,59.812
t2v,self_forcing,60s,"A_tranquil_mountain_stream_in_a_rural_South_Korean_valley,_recorded_by_a_completely_fixed,_static,_t-0-1778478069.147692.mp4",16.0,957,832,480,59.812
t2v,self_forcing,60s,"A_tropical_jungle_clearing_featuring_a_broad_lowland_river_coursing_powerfully_through_the_channel,_-0-1778478975.1450105.mp4",16.0,957,832,480,59.812
t2v,self_forcing,60s,"An_alpine_meadow_below_snowline_featuring_a_multi-tiered_waterfall_gliding_swiftly_with_dark,_deep_c-0-1778478797.3330119.mp4",16.0,957,832,480,59.812
t2v,self_forcing,60s,"An_ancient_stone_city_waterway_featuring_fast-moving_rapids_streaming_endlessly_in_one_direction,_re-0-1778478431.7047336.mp4",16.0,957,832,480,59.812
t2v,self_forcing,60s,"An_urban_storm_drain_canal,_recorded_by_a_static_tripod_camera._The_heavy_concrete_walls_and_immovab-0-1778479696.7306821.mp4",16.0,957,832,480,59.812
t2v,steady_forcing,120s,"A_cinematic_wide_shot_of_a_serene_forest_river,_its_crystal-clear_water_flowing_gently_and_unendingl-0-1778558080.4422505.mp4",16.0,1917,832,480,119.812
t2v,steady_forcing,120s,"A_dangerous_hillside_storm,_recorded_by_a_static_tripod_camera._The_immovable_rocky_slopes_and_solid-0-1778559909.5410836.mp4",16.0,1917,832,480,119.812
t2v,steady_forcing,120s,"A_dramatic_medium_shot_of_a_massive_mountain_waterfall,_deep_blue_water_crashing_and_splashing_viole-0-1778558447.4706702.mp4",16.0,1917,832,480,119.812
t2v,steady_forcing,120s,"A_rainy_urban_street_at_night,_recorded_by_a_fixed_tripod_camera._The_solid_concrete_buildings_and_m-0-1778559535.1870573.mp4",16.0,1917,832,480,119.812
t2v,steady_forcing,120s,"A_tranquil_rural_canal_beside_a_heavy_stone_embankment,_recorded_by_a_completely_fixed,_static,_trip-0-1778559167.7134888.mp4",16.0,1917,832,480,119.812
t2v,steady_forcing,120s,An_alpine_meadow_below_snowline_featuring_a_broad_lowland_river_rushing_downstream_in_a_relentless_c-0-1778558803.8264172.mp4,16.0,1917,832,480,119.812
t2v,steady_forcing,240s,"A_South_Korean_urban_rainstorm,_recorded_by_a_fixed_tripod_camera._Rain_falls_continuously_onto_the_-0-1778633346.3005586.mp4",16.0,3837,832,480,239.812
t2v,steady_forcing,240s,"A_massive_mountain_waterfall_crashing_continuously_into_a_misty_pool,_recorded_by_a_completely_fixed-0-1778577320.0035145.mp4",16.0,3837,832,480,239.812
t2v,steady_forcing,240s,"A_serene_forest_river,_its_clear_water_flowing_over_smooth_stones_without_pause_or_interruption,_rec-0-1778570782.2056239.mp4",16.0,3837,832,480,239.812
t2v,steady_forcing,240s,"A_serene_forest_river,_its_clear_water_flowing_over_smooth_stones_without_pause_or_interruption,_rec-0-1778573234.1346867.mp4",16.0,3837,832,480,239.812
t2v,steady_forcing,240s,"A_violent_hillside_storm,_recorded_by_a_static_tripod_camera._Tall_trees_thrash_continuously_in_fier-0-1778636271.7986073.mp4",16.0,3837,832,480,239.812
t2v,steady_forcing,5s,"A_South_Korean_urban_street_at_night_during_rainfall,_recorded_by_a_completely_fixed,_static,_tripod-0-1778466116.647423.mp4",16.0,93,832,480,5.812
t2v,steady_forcing,5s,"A_fast-moving_mountain_stream_cascading_over_smooth_rocks,_recorded_by_a_completely_fixed,_static,_t-0-1778466100.4975936.mp4",16.0,93,832,480,5.812
t2v,steady_forcing,5s,"A_narrow_woodland_stream_winding_between_moss-covered_rocks,_recorded_by_a_completely_fixed,_static,-0-1778466051.300135.mp4",16.0,93,832,480,5.812
t2v,steady_forcing,5s,"A_rural_fire_pit_beside_a_heavy_stone_wall,_recorded_by_a_completely_fixed,_static,_tripod-mounted_c-0-1778466083.6438873.mp4",16.0,93,832,480,5.812
t2v,steady_forcing,5s,"A_sandy_ocean_shoreline_at_dusk,_recorded_by_a_completely_fixed,_static,_tripod-mounted_camera._The_-0-1778466067.0313914.mp4",16.0,93,832,480,5.812
t2v,steady_forcing,5s,"A_tranquil_river_beneath_a_moss-covered_concrete_bridge,_recorded_by_a_completely_fixed,_static,_tri-0-1778466035.522288.mp4",16.0,93,832,480,5.812
t2v,steady_forcing,60s,"A_Himalayan_foothills_scene_featuring_a_tidal_channel_cascading_continuously_over_smooth_rocks,_reco-0-1778478605.0859537.mp4",16.0,957,832,480,59.812
t2v,steady_forcing,60s,A_Norwegian_fjord_approach_scene_featuring_a_shallow_forest_creek_that_gushes_continuously_with_visi-0-1778478237.9892569.mp4,16.0,957,832,480,59.812
t2v,steady_forcing,60s,A_Pacific_Northwest_old-growth_forest_scene_featuring_a_cascading_mountain_waterfall_gliding_swiftly-0-1778479510.5693295.mp4,16.0,957,832,480,59.812
t2v,steady_forcing,60s,"A_South_Korean_countryside_scene_featuring_a_wide_river_streaming_endlessly_in_one_direction,_record-0-1778479326.7663674.mp4",16.0,957,832,480,59.812
t2v,steady_forcing,60s,"A_beautiful_South_Korean_empty_sea_beach_scene,_recorded_by_a_completely_fixed,_static,_tripod-mount-0-1778477866.1450617.mp4",16.0,957,832,480,59.812
t2v,steady_forcing,60s,"A_beautiful_rural_South_Korean_street_food_shop_scene,_recorded_by_a_completely_fixed,_static,_tripo-0-1778480426.2103708.mp4",16.0,957,832,480,59.812
t2v,steady_forcing,60s,"A_completely_fixed,_tripod-mounted_camera_captures_a_flooded_urban_street_in_Goyang-si,_Wondang,_Sou-0-1778479874.5636637.mp4",16.0,957,832,480,59.812
t2v,steady_forcing,60s,"A_continuous_South_Korean_rainy_city_street_scene,_recorded_by_a_completely_fixed,_static,_tripod-mo-0-1778480620.495626.mp4",16.0,957,832,480,59.812
t2v,steady_forcing,60s,"A_continuous_South_Korean_urban_town_street_scene_during_snowfall,_recorded_by_a_completely_fixed,_s-0-1778480982.133718.mp4",16.0,957,832,480,59.812
t2v,steady_forcing,60s,"A_continuous_urban_fire_scene,_recorded_by_a_completely_fixed,_static,_tripod-mounted_camera._The_ca-0-1778480241.3841224.mp4",16.0,957,832,480,59.812
t2v,steady_forcing,60s,"A_dangerous_South_Korean_hilly_forest_storm_scene,_recorded_by_a_completely_fixed,_static,_tripod-mo-0-1778481170.5687075.mp4",16.0,957,832,480,59.812
t2v,steady_forcing,60s,"A_dangerous_rural_South_Korean_river_scene_at_night,_recorded_by_a_completely_fixed,_static,_tripod--0-1778481347.7632444.mp4",16.0,957,832,480,59.812
t2v,steady_forcing,60s,"A_high_desert_canyon_scene_featuring_a_wide_river_sweeping_forward_carrying_foam_and_debris,_recorde-0-1778479148.2998931.mp4",16.0,957,832,480,59.812
t2v,steady_forcing,60s,"A_serene_woodland_stream_scene,_recorded_by_a_completely_fixed,_static,_tripod-mounted_camera._The_c-0-1778477679.8554604.mp4",16.0,957,832,480,59.812
t2v,steady_forcing,60s,"A_storm-swollen_rural_stream,_recorded_by_a_fixed_tripod_camera._The_solid_paved_road_and_motionless-0-1778480054.4411874.mp4",16.0,957,832,480,59.812
t2v,steady_forcing,60s,"A_stormy_sea_cliff_in_South_Korea,_recorded_by_a_static_tripod_camera._The_heavy_stone_cliffs_and_im-0-1778481529.989596.mp4",16.0,957,832,480,59.812
t2v,steady_forcing,60s,"A_stunning_South_Korean_urban_neighborhood_park_scene_during_cherry_blossom_season,_recorded_by_a_co-0-1778480804.0136561.mp4",16.0,957,832,480,59.812
t2v,steady_forcing,60s,"A_stunning_tranquil_river_scene_beneath_a_concrete_bridge,_recorded_by_a_completely_fixed,_static,_t-0-1778477502.7767043.mp4",16.0,957,832,480,59.812
t2v,steady_forcing,60s,"A_tranquil_mountain_stream_in_a_rural_South_Korean_valley,_recorded_by_a_completely_fixed,_static,_t-0-1778478054.1496284.mp4",16.0,957,832,480,59.812
t2v,steady_forcing,60s,"A_tropical_jungle_clearing_featuring_a_broad_lowland_river_coursing_powerfully_through_the_channel,_-0-1778478970.010389.mp4",16.0,957,832,480,59.812
t2v,steady_forcing,60s,"An_alpine_meadow_below_snowline_featuring_a_multi-tiered_waterfall_gliding_swiftly_with_dark,_deep_c-0-1778478783.6998234.mp4",16.0,957,832,480,59.812
t2v,steady_forcing,60s,"An_ancient_stone_city_waterway_featuring_fast-moving_rapids_streaming_endlessly_in_one_direction,_re-0-1778478422.673246.mp4",16.0,957,832,480,59.812
t2v,steady_forcing,60s,"An_urban_storm_drain_canal,_recorded_by_a_static_tripod_camera._The_heavy_concrete_walls_and_immovab-0-1778479690.2537034.mp4",16.0,957,832,480,59.812
t2v,steady_forcing_bt,120s,"A_cinematic_wide_shot_of_a_serene_forest_river,_its_crystal-clear_water_flowing_gently_and_unendingl-0-1779334178.0582945.mp4",16.0,1917,832,480,119.812
t2v,steady_forcing_bt,120s,"A_dangerous_hillside_storm,_recorded_by_a_static_tripod_camera._The_immovable_rocky_slopes_and_solid-0-1779336079.9119606.mp4",16.0,1917,832,480,119.812
t2v,steady_forcing_bt,120s,"A_dramatic_medium_shot_of_a_massive_mountain_waterfall,_deep_blue_water_crashing_and_splashing_viole-0-1779334563.2915363.mp4",16.0,1917,832,480,119.812
t2v,steady_forcing_bt,120s,"A_rainy_urban_street_at_night,_recorded_by_a_fixed_tripod_camera._The_solid_concrete_buildings_and_m-0-1779335699.394575.mp4",16.0,1917,832,480,119.812
t2v,steady_forcing_bt,120s,"A_tranquil_rural_canal_beside_a_heavy_stone_embankment,_recorded_by_a_completely_fixed,_static,_trip-0-1779335317.2475579.mp4",16.0,1917,832,480,119.812
t2v,steady_forcing_bt,120s,An_alpine_meadow_below_snowline_featuring_a_broad_lowland_river_rushing_downstream_in_a_relentless_c-0-1779334944.2060149.mp4,16.0,1917,832,480,119.812
t2v,steady_forcing_bt,240s,"A_South_Korean_urban_rainstorm,_recorded_by_a_fixed_tripod_camera._Rain_falls_continuously_onto_the_-0-1779345687.0092273.mp4",16.0,3837,832,480,239.812
t2v,steady_forcing_bt,240s,"A_massive_mountain_waterfall_crashing_continuously_into_a_misty_pool,_recorded_by_a_completely_fixed-0-1779343775.4229198.mp4",16.0,3837,832,480,239.812
t2v,steady_forcing_bt,240s,"A_serene_forest_river,_its_clear_water_flowing_over_smooth_stones_without_pause_or_interruption,_rec-0-1779334841.5164933.mp4",16.0,3837,832,480,239.812
t2v,steady_forcing_bt,240s,"A_serene_forest_river,_its_clear_water_flowing_over_smooth_stones_without_pause_or_interruption,_rec-0-1779339247.635059.mp4",16.0,3837,832,480,239.812
t2v,steady_forcing_bt,240s,"A_serene_forest_river,_its_clear_water_flowing_over_smooth_stones_without_pause_or_interruption,_rec-0-1779342196.7044365.mp4",16.0,3837,832,480,239.812
t2v,steady_forcing_bt,240s,"A_violent_hillside_storm,_recorded_by_a_static_tripod_camera._Tall_trees_thrash_continuously_in_fier-0-1779347883.009283.mp4",16.0,3837,832,480,239.812
t2v,steady_forcing_bt,5s,"A_South_Korean_urban_street_at_night_during_rainfall,_recorded_by_a_completely_fixed,_static,_tripod-0-1779327487.3806305.mp4",16.0,93,832,480,5.812
t2v,steady_forcing_bt,5s,"A_fast-moving_mountain_stream_cascading_over_smooth_rocks,_recorded_by_a_completely_fixed,_static,_t-0-1779327470.9769182.mp4",16.0,93,832,480,5.812
t2v,steady_forcing_bt,5s,"A_narrow_woodland_stream_winding_between_moss-covered_rocks,_recorded_by_a_completely_fixed,_static,-0-1779327422.0402687.mp4",16.0,93,832,480,5.812
t2v,steady_forcing_bt,5s,"A_rural_fire_pit_beside_a_heavy_stone_wall,_recorded_by_a_completely_fixed,_static,_tripod-mounted_c-0-1779327455.090323.mp4",16.0,93,832,480,5.812
t2v,steady_forcing_bt,5s,"A_sandy_ocean_shoreline_at_dusk,_recorded_by_a_completely_fixed,_static,_tripod-mounted_camera._The_-0-1779327438.0179327.mp4",16.0,93,832,480,5.812
t2v,steady_forcing_bt,5s,"A_tranquil_river_beneath_a_moss-covered_concrete_bridge,_recorded_by_a_completely_fixed,_static,_tri-0-1779327405.3852892.mp4",16.0,93,832,480,5.812
t2v,steady_forcing_bt,60s,"A_Himalayan_foothills_scene_featuring_a_tidal_channel_cascading_continuously_over_smooth_rocks,_reco-0-1779329625.9141927.mp4",16.0,957,832,480,59.812
t2v,steady_forcing_bt,60s,A_Norwegian_fjord_approach_scene_featuring_a_shallow_forest_creek_that_gushes_continuously_with_visi-0-1779329250.968266.mp4,16.0,957,832,480,59.812
t2v,steady_forcing_bt,60s,A_Pacific_Northwest_old-growth_forest_scene_featuring_a_cascading_mountain_waterfall_gliding_swiftly-0-1779330596.0874407.mp4,16.0,957,832,480,59.812
t2v,steady_forcing_bt,60s,"A_South_Korean_countryside_scene_featuring_a_wide_river_streaming_endlessly_in_one_direction,_record-0-1779330406.0036407.mp4",16.0,957,832,480,59.812
t2v,steady_forcing_bt,60s,"A_beautiful_South_Korean_empty_sea_beach_scene,_recorded_by_a_completely_fixed,_static,_tripod-mount-0-1779328870.644279.mp4",16.0,957,832,480,59.812
t2v,steady_forcing_bt,60s,"A_beautiful_rural_South_Korean_street_food_shop_scene,_recorded_by_a_completely_fixed,_static,_tripo-0-1779331568.3330867.mp4",16.0,957,832,480,59.812
t2v,steady_forcing_bt,60s,"A_completely_fixed,_tripod-mounted_camera_captures_a_flooded_urban_street_in_Goyang-si,_Wondang,_Sou-0-1779330984.5053563.mp4",16.0,957,832,480,59.812
t2v,steady_forcing_bt,60s,"A_continuous_South_Korean_rainy_city_street_scene,_recorded_by_a_completely_fixed,_static,_tripod-mo-0-1779331765.2241266.mp4",16.0,957,832,480,59.812
t2v,steady_forcing_bt,60s,"A_continuous_South_Korean_urban_town_street_scene_during_snowfall,_recorded_by_a_completely_fixed,_s-0-1779332142.4023514.mp4",16.0,957,832,480,59.812
t2v,steady_forcing_bt,60s,"A_continuous_urban_fire_scene,_recorded_by_a_completely_fixed,_static,_tripod-mounted_camera._The_ca-0-1779331372.435183.mp4",16.0,957,832,480,59.812
t2v,steady_forcing_bt,60s,"A_dangerous_South_Korean_hilly_forest_storm_scene,_recorded_by_a_completely_fixed,_static,_tripod-mo-0-1779332328.2869577.mp4",16.0,957,832,480,59.812
t2v,steady_forcing_bt,60s,"A_dangerous_rural_South_Korean_river_scene_at_night,_recorded_by_a_completely_fixed,_static,_tripod--0-1779332514.4596462.mp4",16.0,957,832,480,59.812
t2v,steady_forcing_bt,60s,"A_high_desert_canyon_scene_featuring_a_wide_river_sweeping_forward_carrying_foam_and_debris,_recorde-0-1779330218.5570102.mp4",16.0,957,832,480,59.812
t2v,steady_forcing_bt,60s,"A_serene_woodland_stream_scene,_recorded_by_a_completely_fixed,_static,_tripod-mounted_camera._The_c-0-1779328688.7005646.mp4",16.0,957,832,480,59.812
t2v,steady_forcing_bt,60s,"A_storm-swollen_rural_stream,_recorded_by_a_fixed_tripod_camera._The_solid_paved_road_and_motionless-0-1779331180.3559551.mp4",16.0,957,832,480,59.812
t2v,steady_forcing_bt,60s,"A_stormy_sea_cliff_in_South_Korea,_recorded_by_a_static_tripod_camera._The_heavy_stone_cliffs_and_im-0-1779332703.5665734.mp4",16.0,957,832,480,59.812
t2v,steady_forcing_bt,60s,"A_stunning_South_Korean_urban_neighborhood_park_scene_during_cherry_blossom_season,_recorded_by_a_co-0-1779331950.885946.mp4",16.0,957,832,480,59.812
t2v,steady_forcing_bt,60s,"A_stunning_tranquil_river_scene_beneath_a_concrete_bridge,_recorded_by_a_completely_fixed,_static,_t-0-1779328512.967359.mp4",16.0,957,832,480,59.812
t2v,steady_forcing_bt,60s,"A_tranquil_mountain_stream_in_a_rural_South_Korean_valley,_recorded_by_a_completely_fixed,_static,_t-0-1779329064.931559.mp4",16.0,957,832,480,59.812
t2v,steady_forcing_bt,60s,"A_tropical_jungle_clearing_featuring_a_broad_lowland_river_coursing_powerfully_through_the_channel,_-0-1779330028.3390503.mp4",16.0,957,832,480,59.812
t2v,steady_forcing_bt,60s,"An_alpine_meadow_below_snowline_featuring_a_multi-tiered_waterfall_gliding_swiftly_with_dark,_deep_c-0-1779329824.2781677.mp4",16.0,957,832,480,59.812
t2v,steady_forcing_bt,60s,"An_ancient_stone_city_waterway_featuring_fast-moving_rapids_streaming_endlessly_in_one_direction,_re-0-1779329439.51249.mp4",16.0,957,832,480,59.812
t2v,steady_forcing_bt,60s,"An_urban_storm_drain_canal,_recorded_by_a_static_tripod_camera._The_heavy_concrete_walls_and_immovab-0-1779330781.6642616.mp4",16.0,957,832,480,59.812
